country,description,log_price_normalized,points_normalized,vfm_normalized,log_pxp_normalized,encoded_variety,acidity,aromas,black,cherry,dry,finish,flavors,fruit,oak,palate,rich,ripe,sweet,tannins,wine,adj_count,adjectives,polarity,subjectivity
US,"Very good Dry Creek Zin, robust and dry and spicy. Really gets the tastebuds watering, with its tart flavors of sour cherry candy, red currants, blueberries, tart raisins and oodles of peppery spices. Drink this lusty wine with barbecue.",0.3283771284011352,0.4999999999999991,0.24640701328193076,0.3354511934847859,1.0,0.0,0.0,0.0,0.3868582979361544,0.8416886420069765,0.0,0.2660500874242268,0.0,0.0,0.0,0.0,0.0,0.0,0.0,0.2666800296534307,9,"['good', 'robust', 'dry', 'spicy', 'tart', 'sour', 'red', 'tart', 'lusty']",0.1038095238095238,0.3971428571428572
France,"A very herbaceous character makes this wine seem rather thin. It's soft and lightweight, and the lemon zest character is mildly attractive. Ready to drink.",0.27703216391229124,0.22222222222222143,0.29335375353172616,0.272455781704775,0.07692307692307693,0.0,0.0,0.0,0.0,0.0,0.0,0.0,0.0,0.0,0.0,0.0,0.0,0.0,0.0,1.0,7,"['herbaceous', 'thin', 'soft', 'lightweight', 'zest', 'attractive', 'ready']",0.18000000000000002,0.6
US,"A little simple and easy, but there's a wealth of raspberry, strawberry and floral notes in this delicate wine. It's a bit too sweet for my tastes, although it does have good acidity.",0.265229661158644,0.22222222222222143,0.3095689105258989,0.26095624540815643,0.7403846153846154,0.6050173608788567,0.0,0.0,0.0,0.0,0.0,0.0,0.0,0.0,0.0,0.0,0.0,0.6879759463837662,0.0,0.4008030566656701,7,"['little', 'simple', 'easy', 'floral', 'delicate', 'sweet', 'good']",0.16597222222222222,0.6400793650793651
US,"From a dry-farmed vineyard and treated to wild yeast and minimal new French oak, this Petite is chewy in leathery tannins, a definite crowd pleaser for Petite fans. Blackberries, coffee and pepper commingle impressively.",0.4247216884289221,0.44444444444444375,0.15513884391472993,0.4268114130047198,0.5865384615384616,0.0,0.0,0.0,0.0,0.5793246674578925,0.0,0.0,0.0,0.6078258160800204,0.0,0.0,0.0,0.0,0.5430752314196068,0.0,6,"['wild', 'minimal', 'new', 'french', 'definite', 'petite']",0.18939393939393936,0.49242424242424243
US,"From a site near Annapolis, this wine shows a preponderance of dark grape and cherry flavor interwoven with cinnamon and black peppercorn. Light-bodied and ethereally layered, it has touches of rustic earthiness and leather.",0.5373659306511478,0.6111111111111107,0.09293092595321469,0.5441239333095664,0.6346153846153847,0.0,0.0,0.6912241021774542,0.5949722464458673,0.0,0.0,0.0,0.0,0.0,0.0,0.0,0.0,0.0,0.0,0.41014298302924856,5,"['dark', 'cinnamon', 'black', 'bodied', 'rustic']",-0.07222222222222222,0.41111111111111115
US,"A mix of Cabernet, Cab Franc and Syrah, this out-of-the-ordinary blend is a little funky and meaty, but still offers lots of juicy black fruit and a whole lot of toasted oak. If any one thing announces itself here it's the wood, which keeps everything austere and maybe a touch overcharred.",0.44775072778616076,0.4999999999999991,0.1407069864992814,0.4517907546916591,0.06730769230769232,0.0,0.0,0.6336532839021223,0.0,0.0,0.0,0.0,0.45928989313128565,0.6225241440036755,0.0,0.0,0.0,0.0,0.0,0.0,9,"['out', 'ordinary', 'little', 'funky', 'juicy', 'black', 'whole', 'toasted', 'austere']",-0.01354166666666666,0.33333333333333337
Italy,"Taurasi is a wine that flaunts a determined and powerful personality, and Fatica Contadina is no exception, thanks to its deep layers of spice, dark fruit, tobacco and cigar that it delivers to the senses. On the palate, it is austere and tightly structured.",0.3851792266937255,0.4999999999999991,0.18928236645454305,0.3908069565442631,0.0,0.0,0.0,0.0,0.0,0.0,0.0,0.0,0.5204598635797233,0.0,0.7399975230545348,0.0,0.0,0.0,0.0,0.4260577381948708,5,"['determined', 'powerful', 'deep', 'dark', 'austere']",0.03428571428571428,0.45714285714285713
US,"Sourced entirely from Walla Walla's Les Collines Vineyard, this lovely Syrah features pretty strawberry and cherry flavors that are broadly displayed with a rich vein of chocolate. It's forward and flavorful, drinking quite nicely already, but with the stuffing to cellar for a few more years.",0.43652419118256935,0.5555555555555554,0.15031290433313088,0.44335451114142166,0.8365384615384616,0.0,0.0,0.0,0.5823517078524335,0.0,0.0,0.40049476413546536,0.0,0.0,0.0,0.7074393488218138,0.0,0.0,0.0,0.0,6,"['lovely', 'pretty', 'rich', 'flavorful', 'few', 'more']",0.26093750000000004,0.6296875
US,"There's a lot to like about this Viognier. It's dry and zesty in acidity, with complex flavors of citrus, peach, kumquat, white pepper, chamomile and honey.",0.27703216391229124,0.5555555555555554,0.3153600380238177,0.28792396848084834,0.9615384615384616,0.6287307234405035,0.0,0.0,0.0,0.6572927582423327,0.0,0.41552846757372386,0.0,0.0,0.0,0.0,0.0,0.0,0.0,0.0,4,"['dry', 'zesty', 'complex', 'white']",-0.12222222222222222,0.3333333333333333
US,"A crisp, refreshing Sauvignon Blanc, fermented and aged in stainless steel. Shows rich, savory citrus and green grass flavors, with hints of minerals and flowers. Very drinkable and bone-dry.",0.28825870051588276,0.5555555555555554,0.2996412633866094,0.29886307288789493,0.7980769230769231,0.0,0.0,0.0,0.0,0.6146826144835581,0.0,0.3885911135299541,0.0,0.0,0.0,0.6864125799671856,0.0,0.0,0.0,0.0,7,"['crisp', 'stainless', 'rich', 'savory', 'green', 'drinkable', 'dry']",0.17500000000000002,0.48095238095238096
US,"This proprietary bottling from Shafer is always a huge wine. The 2010, which contains a splash of Petite Verdot, is gigantically packed with blackberry jam, black currant, dark chocolate and sweet oak, courtesy of 20 months in 100% new French oak barrels. The wine is a bit of a bully now, but it has the balance to age. Give it until 2018.",0.571772936927943,0.6666666666666661,0.07899624162727856,0.5801140091362746,0.11538461538461539,0.0,0.0,0.36995574889175037,0.0,0.0,0.0,0.0,0.0,0.7269160967013945,0.0,0.0,0.0,0.3767978555544119,0.0,0.439032012805387,7,"['proprietary', 'huge', 'black', 'dark', 'sweet', 'new', 'french']",0.09494949494949496,0.472979797979798
Italy,"Made with organically farmed fruit, this blend of Sangiovese, Cabernet Sauvignon and Colorino opens with an inky, dark color and savory aromas of ripe fruit, prune, plum, leather, tobacco and exotic spice. It's firm and well structured, with a velvety feel to the tannins.",0.4057988371578959,0.4999999999999991,0.17179522967064884,0.41090278955318493,0.6923076923076923,0.0,0.4277065055094797,0.0,0.0,0.0,0.0,0.0,0.6674542937823723,0.0,0.0,0.0,0.45632811885645325,0.0,0.4041491788897696,0.0,6,"['inky', 'dark', 'savory', 'ripe', 'exotic', 'firm']",0.04999999999999999,0.6
Italy,"Aromas of blue flower, black-skinned fruit and a whiff of Mediterranean scrub meld in the glass. The chewy, straightforward palate doles out juicy black cherry and ground pepper. It's made to drink young so enjoy soon.",0.2989628796719753,0.4999999999999991,0.2820171827327699,0.3067882367960151,0.5576923076923077,0.0,0.3464067010833795,0.7458075253059339,0.3209775074029369,0.0,0.0,0.0,0.2702912359933275,0.0,0.3843040724844925,0.0,0.0,0.0,0.0,0.0,7,"['blue', 'black', 'skinned', 'straightforward', 'juicy', 'black', 'young']",0.14166666666666666,0.3616666666666667
Italy,"Bright, clean and linear with pretty accents of spice, blackberry, leather and lingering tobacco, Villa al Cortile Riserva is the kind of wine you'll want to pair with a hearty meat dinner. The wine shows velvety, soft texture in the mouth.",0.5298210462996781,0.6111111111111107,0.0965197644635737,0.5367695589430861,0.7788461538461539,0.0,0.0,0.0,0.0,0.0,0.0,0.0,0.0,0.0,0.0,0.0,0.0,0.0,0.0,1.0,6,"['bright', 'clean', 'linear', 'pretty', 'hearty', 'soft']",0.40333333333333343,0.75
US,"Though labeled simply Columbia Valley, the grapes are single vineyard, Rattlesnake Hills AVA fruit. The best of the Girly Girl lineup, though the promising beginning (cassis and berry, scented with black olive and herb) quickly fades into a forest floor finale of decaying leaves.",0.265229661158644,0.2777777777777777,0.31342966219117807,0.26360940174191194,0.11538461538461539,0.0,0.0,0.8096764665801874,0.0,0.0,0.0,0.0,0.5868764942185218,0.0,0.0,0.0,0.0,0.0,0.0,0.0,4,"['single', 'best', 'promising', 'black']",0.21587301587301588,0.3841269841269841
US,"The 2009 vintage blend is 41% Marsanne, 42% Grenache Blanc, 10% Picpoul and 7% Roussanne. Complex, rich and dense, it wraps its stone and tropical fruit flavors in layers of caramel, nougat, marshmallow and spice. Still quite young, with plenty of years of life ahead.",0.3283771284011352,0.6666666666666661,0.25520952707876743,0.3428848999996936,0.9807692307692308,0.0,0.0,0.0,0.0,0.0,0.0,0.42184226853790174,0.516530497498502,0.0,0.0,0.7451478682977942,0.0,0.0,0.0,0.0,5,"['rich', 'dense', 'tropical', 'nougat', 'young']",0.05833333333333334,0.5166666666666666
Italy,"A blend of Nero d'Avola, Syrah, Merlot and Cabernet Sauvignon, Campobello's entry-level red is slightly muddled, but it does a good job of offering genuine fruit flavors and overall freshness.",0.23963682528528263,0.33333333333333304,0.3563521365875177,0.24129658043390045,0.6923076923076923,0.0,0.0,0.0,0.0,0.0,0.0,0.6325426926623351,0.7745254947123966,0.0,0.0,0.0,0.0,0.0,0.0,0.0,3,"['good', 'genuine', 'overall']",0.18666666666666668,0.2533333333333333
US,"This unusual wine displays notes of cigar box, strong green herbs and woodspice. It drinks on the lighter side of medium bodied with coffee and nori flavors and a smoke-filled finish.",0.2989628796719753,0.11111111111111072,0.25867718402903633,0.28842164752044486,0.8557692307692308,0.0,0.0,0.0,0.0,0.0,0.7276372193080664,0.48447459250222835,0.0,0.0,0.0,0.0,0.0,0.0,0.0,0.4856217111059026,4,"['unusual', 'strong', 'green', 'lighter']",0.14444444444444443,0.6777777777777777
US,"A bit rough in texture, but otherwise pretty flavorful, with vanilla, lime, strawberry and yeast flavors. It's a great sparkling wine for everyday.",0.3703290190294001,0.3888888888888884,0.19799318739932928,0.3712376918768605,0.8173076923076924,0.0,0.0,0.0,0.0,0.0,0.0,0.7062701484232128,0.0,0.0,0.0,0.0,0.0,0.0,0.0,0.7079424252340392,4,"['rough', 'flavorful', 'great', 'sparkling']",0.1875,0.6875
France,"It's not a bad name for this vineyard—Charmes. This wine, which expresses the nature of the vineyard, is certainly approachable, friendly almost. But there's also a steel fist there that demands time. And if you can't wait, it's a great wine to drink now.",0.628175211737129,0.7222222222222214,0.05941738143101352,0.6375195730741907,0.14423076923076925,0.0,0.0,0.0,0.0,0.0,0.0,0.0,0.0,0.0,0.0,0.0,0.0,0.0,0.0,1.0,4,"['bad', 'approachable', 'friendly', 'great']",0.4348214285714286,0.6220238095238095
US,"Like a photocopy of a photocopy, this thinned-down Pinot Noir contains only a suggestion of the real thing. It's dry, but watery in cherry-cola flavors.",0.15949202727027811,0.11111111111111072,0.4865200285178633,0.15255151371957676,0.6346153846153847,0.0,0.0,0.0,0.6135570932917362,0.667458911184707,0.0,0.4219553236440101,0.0,0.0,0.0,0.0,0.0,0.0,0.0,0.0,2,"['real', 'dry']",0.04444444444444445,0.6333333333333333
US,"Spicy and dry, this Zin offers flavors of currants, tobacco, pepper and cocoa. The tannins are thick, but acidity is low, giving it a soft mouthfeel. Could be more concentrated, but it's an elegant wine.",0.41228090965766484,0.3888888888888884,0.16253861793984842,0.4121233361700447,1.0,0.5044976803070494,0.0,0.0,0.0,0.5274160454594972,0.0,0.33342278367652284,0.0,0.0,0.0,0.0,0.0,0.0,0.49441462970873556,0.33421224814785616,7,"['spicy', 'dry', 'thick', 'low', 'soft', 'concentrated', 'elegant']",0.11904761904761904,0.46071428571428574
US,"Fresh ripe raspberry aromas are cut with cranberry-skin tartness in this wine by Josh Baker and Matt Brain. They have also managed to sneak blood, pencil shavings, eucalyptus and vanilla stick into the nose of this appellation blend. It's lively and tasty with ripe, tart red fruits once sipped, juicy yet cut with chaparral scrub elements.",0.3703290190294001,0.6111111111111107,0.20777375828470332,0.3813178032625595,0.6346153846153847,0.0,0.40957276986465513,0.0,0.0,0.0,0.0,0.0,0.0,0.0,0.0,0.0,0.8739617901510861,0.0,0.0,0.26161218538382974,9,"['fresh', 'ripe', 'lively', 'tasty', 'ripe', 'tart', 'red', 'juicy', 'chaparral']",0.14545454545454545,0.3333333333333333
US,"Here's a pleasant, fruity, rich Bordeaux blend that impresses for its sheer wealth of flavor. Floods the mouth with blackberries, cherries, red and black currants and sweet, smoky oak, with firm but finely ground tannins. Feels direct and simple now, but that could be a function of youth. Try holding for 4–6 years and see where it goes.",0.43652419118256935,0.4999999999999991,0.14847904729212327,0.4408487187080603,0.06730769230769232,0.0,0.0,0.45331225344499887,0.0,0.0,0.0,0.0,0.0,0.44535052482394305,0.0,0.4740008844807758,0.0,0.4616959879831252,0.3979081390313396,0.0,10,"['rich', 'sheer', 'red', 'black', 'sweet', 'smoky', 'firm', 'ground', 'direct', 'simple']",0.16083333333333336,0.5207142857142857
France,"Powerful and intense without going over the top, this is a fine example of white Hermitage. The golden straw color gives a first indication of its richness, followed by scents of honey, even a hint of butterscotch. It's unctuous in the mouth, boasting flavors of grilled nuts and stone fruits, and finishing with just a touch of warmth.",0.4878691556714132,0.6666666666666661,0.12023764886060576,0.49832897902565265,0.7115384615384616,0.0,0.0,0.0,0.0,0.0,0.0,1.0,0.0,0.0,0.0,0.0,0.0,0.0,0.0,0.0,7,"['powerful', 'intense', 'fine', 'white', 'golden', 'first', 'unctuous']",0.28095238095238095,0.5476190476190477
US,"Though it's a huge tannic monster right now, this Bordeaux blend, a first release and new brand name from Steven Kent Winery, is an ode to Steven Kent Mirassou's family's long lineage in California winemaking and the roots of Livermore's history in wine as well. A majority Cabernet (75%), with all the lush cassis and black cherry one would hope for, the wine shows nicely honed herbal notes from its 15% Cab Franc in the middle, with a little touch of spice on the finish coming from 5% Petit Verdot (3% Malbec and 2% Merlot round out the blend). Give this one time and it will surely reward.",0.6987061474305353,0.7777777777777777,0.04042819043595364,0.7086741088728459,0.06730769230769232,0.0,0.0,0.5038169440294551,0.43366123669938467,0.0,0.44792571195558073,0.0,0.0,0.0,0.0,0.0,0.0,0.0,0.0,0.5978870924031288,9,"['huge', 'tannic', 'first', 'new', 'long', 'lush', 'black', 'herbal', 'little']",0.13899260461760463,0.5121512746512747
US,"Dry as a bone, with bristling minerality, this is an elegant rosé that balances penetrating strawberry, cherry and plum flavors with sharp, lime-tinged acidity and a hint of wildflower. Drink now.",0.27703216391229124,0.44444444444444375,0.3080246098597872,0.28288549199668633,0.7403846153846154,0.5381296177458263,0.0,0.0,0.5171440182612584,0.562575817520897,0.0,0.3556501489132604,0.0,0.0,0.0,0.0,0.0,0.0,0.0,0.0,2,"['elegant', 'sharp']",0.10277777777777779,0.7833333333333333
US,"One of the first 2008 Pinots to be released, this fresh young wine has Beaujolais Nouveau-like flavors of freshly crushed cherries, with tangy acidity. It's a fun wine to drink with a juicy cheeseburger.",0.2256871994234474,0.2777777777777777,0.3749603918565657,0.22508447771223516,0.6346153846153847,0.5596968236957973,0.0,0.0,0.0,0.0,0.0,0.36990392672961736,0.0,0.0,0.0,0.0,0.0,0.0,0.0,0.7415595394402565,7,"['first', 'fresh', 'young', 'like', 'tangy', 'fun', 'juicy']",0.17,0.3066666666666667
US,"A very good introduction to Steven Kent's Livermore Cabernets, sourced from a handful of his single-vineyard designates, including the Ghielmetti, Home Ranch and Smith Ranch. This is 79% Cab with smatterings of Cab Franc, Malbec and Petit Verdot (an up and coming varietal in Livermore), and still needs some time to develop but all the essentials are there.",0.4057988371578959,0.4999999999999991,0.17179522967064884,0.41090278955318493,0.11538461538461539,0.0,0.0,0.0,0.0,0.0,0.0,0.0,0.0,0.0,0.0,0.0,0.0,0.0,0.0,0.0,4,"['good', 'single', 'up', 'varietal']",0.9099999999999999,0.7800000000000001
France,"Syrah and Cabernet Sauvignon make a warm, blend that is full, herbal and concentrated with black fruits and dark tannins. Spice provides a reminder that this wine comes from a warm climate. Drink now, although the wine will be better from 2016.",0.43652419118256935,0.6111111111111107,0.15214676137413852,0.44583262234106225,0.6923076923076923,0.0,0.0,0.5608789657472839,0.0,0.0,0.0,0.0,0.0,0.0,0.0,0.0,0.0,0.0,0.4923279787525152,0.6656034458442355,7,"['warm', 'full', 'herbal', 'black', 'dark', 'warm', 'better']",0.2888888888888889,0.513888888888889
Italy,"This opens with a pretty floral fragrance of acacia, Spanish broom and chamomile. The palate doles out white peach and tangerine zest alongside fresh acidity.",0.27703216391229124,0.3888888888888884,0.30435689577777186,0.28032317133396,0.9807692307692308,0.6559832649262265,0.0,0.0,0.0,0.0,0.0,0.0,0.0,0.0,0.7547754342430125,0.0,0.0,0.0,0.0,0.0,5,"['floral', 'spanish', 'white', 'zest', 'fresh']",0.1375,0.375
France,"Green vegetable aromas mingle with fresh kiwi and lime and a touch of pepper and salt. The wine is going through the sort of closed-up phase common with Chenin Blanc, the fruits just a hint, the texture smooth. Give it another 3–4 years, and the fruits will come together with mature almond flavors.",0.2989628796719753,0.6111111111111107,0.28868575379097944,0.3117710082023244,0.15384615384615385,0.0,0.7424613341459596,0.0,0.0,0.0,0.0,0.4731225480938222,0.0,0.0,0.0,0.0,0.0,0.0,0.0,0.47424278780326307,6,"['green', 'fresh', 'common', 'smooth', '3–4', 'mature']",0.06000000000000001,0.38
US,"Ripe orange, lime and honey flavors combine with tingly, mouth-watering acidity to give this dry Chardonnay a sweet-and-sour taste. It's an easy wine to drink with mushroom risotto, garlic shrimp, chicken fajitas.",0.27703216391229124,0.3888888888888884,0.30435689577777186,0.28032317133396,0.14423076923076925,0.4269435951346714,0.0,0.0,0.0,0.4463388264602939,0.0,0.2821672477780774,0.0,0.0,0.0,0.0,0.47243076577241766,0.4854851164743294,0.0,0.28283535154302825,6,"['ripe', 'orange', 'dry', 'sweet', 'sour', 'easy']",0.11666666666666667,0.8333333333333333
US,"This delicate Pinot Noir provides plenty of drinking pleasure, but it's not without limitations. Chief among them is a hint of raw, dank mushroom. It's not strong, but just enough to weigh down the raspberries and cherries. Drink it by 2016.",0.4636258741465087,0.3888888888888884,0.12708404848036756,0.4621665259435932,0.6346153846153847,0.0,0.0,0.0,0.0,0.0,0.0,0.0,0.0,0.0,0.0,0.0,0.0,0.0,0.0,0.0,3,"['delicate', 'raw', 'strong']",-0.1805982905982906,0.5767521367521368
US,"The shade of this Kathy Joseph creation is that of rosé-colored sunglasses. Such comfort is furthered with a cherry cola and maraschino cherry nose. A slight effervescent zing on the palate accompanies pomegranate flavors followed by an impressively long finish. Great with a fresh garden salad, but able to handle more substantial fare too, such as  breaded chicken cutlets or a cheeseburger.",0.2989628796719753,0.4999999999999991,0.2820171827327699,0.3067882367960151,0.6346153846153847,0.0,0.0,0.0,0.7573727489710805,0.0,0.39114255447483476,0.26043009436718556,0.0,0.0,0.4533984860393652,0.0,0.0,0.0,0.0,0.0,9,"['such', 'slight', 'pomegranate', 'long', 'great', 'fresh', 'able', 'substantial', 'such']",0.14259259259259258,0.5435185185185185
France,"Overt and round, with chunky aromas of berries and stone fruits. Quite lively and zesty, with purity of flavors. Is it a touch limited in scope and complexity? Yes. But the nectarine and orange flavors are crystalline and the mouthfeel rocks. Imported by Vranken America.",0.7077307690797924,0.5555555555555554,0.036049504085732334,0.7077175632691277,0.13461538461538464,0.0,0.6172986337486593,0.0,0.0,0.0,0.0,0.7867289220386134,0.0,0.0,0.0,0.0,0.0,0.0,0.0,0.0,5,"['round', 'chunky', 'lively', 'zesty', 'crystalline']",-0.045021645021645025,0.34761904761904766
Italy,"A pale pink sparkler with loads of intensity and elegance, Essence opens with delicate aromas of cranberry, toasted almond, mature fruit and grapefruit. The wine's perlage is steady and foamy.",0.41228090965766484,0.5555555555555554,0.16865147474320719,0.4197260416324864,0.8173076923076924,0.0,0.7041524678047691,0.0,0.0,0.0,0.0,0.0,0.5494300204224156,0.0,0.0,0.0,0.0,0.0,0.0,0.4497732259073204,6,"['pale', 'pink', 'delicate', 'mature', 'steady', 'foamy']",-0.06866666666666668,0.396
US,Nasty. Hits the mouth with astringent green flavors and turns harsher and more bitter on the finish.,0.31898405454055623,0.0,0.22978004277679492,0.30239402828979123,1.0,0.0,0.0,0.0,0.0,0.0,0.8323758511705102,0.554211550211802,0.0,0.0,0.0,0.0,0.0,0.0,0.0,0.0,4,"['astringent', 'green', 'harsher', 'bitter']",-0.19999999999999998,0.575
US,"This wine's excellently layered yet light nose mixes pomelo skin with tangelo and lime-spritzed pink-apple notes. The palate is extremely nervy, with grippy lemon-skin texture and squeezed-citrus flavors, all balanced by riper apple. It's like biting into a cold, crisp, just-ripe pear or nectarine.",0.3703290190294001,0.7222222222222214,0.21266404372739037,0.38619294047237296,0.3942307692307693,0.0,0.0,0.0,0.0,0.0,0.0,0.3571669405135766,0.0,0.0,0.621813506175852,0.0,0.5980022576827584,0.0,0.0,0.3580126254027768,9,"['layered', 'light', 'pink', 'nervy', 'grippy', 'riper', 'cold', 'crisp', 'ripe']",0.185,0.8233333333333335
Italy,Viognier does well in warm climates and this Sicilian expression of the French grape shows pretty floral nuances backed by white almond and orange blossom. Pair this wine with sea bass grilled in lemon leaves or fried squid.,0.2527888823873867,0.33333333333333304,0.3357362273683469,0.25411033635148494,0.9615384615384616,0.0,0.0,0.0,0.0,0.0,0.0,0.0,0.0,0.0,0.0,0.0,0.0,0.0,0.0,1.0,7,"['warm', 'sicilian', 'french', 'pretty', 'floral', 'white', 'orange']",0.13999999999999999,0.42000000000000004
Spain,"Yeasty, bready aromas of cantaloupe and citrus feed into an undefined palate that foams up on tongue. Citrus and melon flavors are bland, with powdered sugar and orange notes on the finish.",0.11754013664201335,0.11111111111111072,0.5867708800929471,0.11169709386268689,0.057692307692307696,0.0,0.5305339760524816,0.0,0.0,0.0,0.5077581535985045,0.33807496102005996,0.0,0.0,0.5885751255697673,0.0,0.0,0.0,0.0,0.0,4,"['bready', 'undefined', 'bland', 'powdered']",-0.16666666666666666,0.8333333333333334
US,"Sourced from a vineyard planted by Gary Andrus in 1998, this elegant and expressive wine is shaded a lovely rose tone, and scents of rose petals and ripe cherries emerge instantly from the glass. It's well defined, balanced and detailed with sandalwood, cocoa powder, cinnamon and orange-liqueur highlights. Drink now through 2021.",0.4636258741465087,0.7222222222222214,0.1368646193657416,0.47712362177819134,0.6346153846153847,0.0,0.0,0.0,0.0,0.0,0.0,0.0,0.0,0.0,0.0,0.0,0.8579917748598131,0.0,0.0,0.5136634250877784,8,"['elegant', 'expressive', 'lovely', 'rose', 'rose', 'ripe', 'balanced', 'orange']",0.4857142857142857,0.8666666666666668
France,The classic blend for Figeac with its 32% of Cabernet Sauvignon and 28% Cabernet Franc gives a beautifully dense wine with great tannins. The wine is perfumed while the complex tannins are finely cushioned by the generous black fruits and acidity. It is a wine for long-term aging. Drink from 2026.,0.6231179014167868,0.9444444444444438,0.06432538529921751,0.642035366457488,0.06730769230769232,0.3156293579750503,0.0,0.3523904800834021,0.0,0.0,0.0,0.0,0.0,0.0,0.0,0.0,0.0,0.0,0.6186421791016505,0.6272805689380215,7,"['classic', 'dense', 'great', 'complex', 'generous', 'black', 'long']",0.29444444444444445,0.5416666666666666
US,"This wine wears its 15.8% alcohol better than any similarly heady wine out there. Yes, it's a bit hot, but the heat comes across as a slight chili pepper edge to the blackberry and dark unsweetened chocolate flavors, and the wine is, in its own way, balanced and elegant. Hard to imagine a more perfect barbecue red.",0.3778739033808697,0.5555555555555554,0.19822981411429802,0.38619294047237296,0.6730769230769231,0.0,0.0,0.0,0.0,0.0,0.0,0.3155552439623327,0.0,0.0,0.0,0.0,0.0,0.0,0.0,0.9489072072694319,9,"['heady', 'hot', 'slight', 'dark', 'own', 'balanced', 'elegant', 'hard', 'perfect']",0.2492424242424242,0.578030303030303
US,"Like the regular Chardonnay, Beuna Vista's regular Pinot Noir is a medium-bodied, easy-drinking version of the variety. There's enough herbal complexity to keep it interesting, but the cherry-tinged fruit is ripe and the tannins supple. Finishes with a burst of crisp acidity.",0.2989628796719753,0.3888888888888884,0.27534861167456026,0.30169226942212957,0.6346153846153847,0.4581918804412493,0.0,0.0,0.440323636484897,0.0,0.0,0.0,0.3707911526435215,0.0,0.0,0.0,0.5070082873108424,0.0,0.44903431224110635,0.0,8,"['regular', 'regular', 'enough', 'herbal', 'interesting', 'ripe', 'supple', 'crisp']",0.15,0.3141025641025641
US,"Similar to Petite Sirah, this is a dark, full-bodied red wine with significant tannins. It's dry, with berry, currant and spice flavors, and kind of rustic. Calls to mind barbecue.",0.3703290190294001,0.2777777777777777,0.1931029019566423,0.36602253096780535,0.8846153846153847,0.0,0.0,0.0,0.0,0.6108502147340488,0.0,0.386168340458025,0.0,0.0,0.0,0.0,0.0,0.0,0.5726281658005216,0.387082693644642,7,"['similar', 'dark', 'full', 'bodied', 'red', 'significant', 'dry']",0.09404761904761905,0.5392857142857143
France,"A quite green style of Champagne, very clean and very crisp. From one of the Champagne cooperatives, this is a great value wine, with pleasing freshness. Imported by Grape Expectations of Georgia.",0.4247216884289221,0.33333333333333304,0.15127809224945069,0.42165576308116126,0.13461538461538464,0.0,0.0,0.0,0.0,0.0,0.0,0.0,0.0,0.0,0.0,0.0,0.0,0.0,0.0,1.0,5,"['green', 'clean', 'crisp', 'great', 'pleasing']",0.3504166666666667,0.6254166666666667
US,"At first this Chaleur Estate seemed closed up tight and lightly herbal, but grudgingly opened with streaks of olive, chalk, coffee grounds. A second bottle was much brighter, layered with plum, cherry, chocolate, herb, and an impression of pepper. Subtle and sleek, this wine is built to age and needs to be decanted.",0.5811660107885219,0.7222222222222214,0.07622507987642259,0.5916950506891989,0.6923076923076923,0.0,0.0,0.0,0.8233309313294269,0.0,0.0,0.0,0.0,0.0,0.0,0.0,0.0,0.0,0.0,0.567561606802485,6,"['tight', 'herbal', 'second', 'brighter', 'subtle', 'sleek']",-0.04523809523809523,0.3898809523809524
US,"An elegant Cabernet that's ready to drink tonight and will hold for some years. Shows good Napa character, with lush, ripe tannins and flavors of black currants, blackberries and cedar that cry out for a good steak.",0.3703290190294001,0.44444444444444375,0.2004383301206728,0.3738005004254199,0.11538461538461539,0.0,0.0,0.567668643857469,0.0,0.0,0.0,0.33603478008673787,0.0,0.0,0.0,0.0,0.5626208205688061,0.0,0.49828781804852795,0.0,8,"['elegant', 'ready', 'good', 'napa', 'lush', 'ripe', 'black', 'good']",0.33888888888888885,0.5722222222222222
US,"A light, entry-level red, with fresh berry aromas and a touch of dried herbs. Dry, but with an appealing softness to its texture.",0.21083699175912196,0.2777777777777777,0.4009400332708405,0.21061762105872495,0.6923076923076923,0.0,0.704286209120439,0.0,0.0,0.7099161469094509,0.0,0.0,0.0,0.0,0.0,0.0,0.0,0.0,0.0,0.0,2,"['fresh', 'appealing']",0.15555555555555556,0.48333333333333334
US,"This new Malbec is a soft, fruity, extremely dark wine, with scents of raisins and pretty fruit flavors of boysenberries and black cherries, with lighter streaks of coffee and caramel woven through. The balance is excellent, though the wine does not show the depth of flavor that is expressed in its inky dark colors.",0.35445387266905204,0.44444444444444375,0.215807798654832,0.35832948395479236,0.42307692307692313,0.0,0.0,0.551814511638852,0.0,0.0,0.0,0.3266498336198221,0.39997082713462134,0.0,0.0,0.0,0.0,0.0,0.0,0.6548465227686291,9,"['new', 'soft', 'dark', 'pretty', 'black', 'lighter', 'excellent', 'inky', 'dark']",0.14567099567099567,0.5768398268398268
France,"Light, fresh wine, showing pineapple and pear flavors, but in a delicate way. It has lift, crispness, a fine touch of citrus and a hint of toast. An attractive, easy white Burgundy. Imported by Frederick Wildman & Sons, Ltd.",0.23963682528528263,0.2777777777777777,0.3520371788439703,0.23867462655922478,0.14423076923076925,0.0,0.0,0.0,0.0,0.0,0.0,0.7062701484232128,0.0,0.0,0.0,0.0,0.0,0.0,0.0,0.7079424252340392,7,"['light', 'fresh', 'delicate', 'fine', 'attractive', 'easy', 'white']",0.2928571428571428,0.6333333333333334
Spain,"Dark and deep, with cola, black fruit and truffle aromas. There's good lift to the palate, but overall it has to be classified as a dense, warm-climate wine with a big body and equally large flavors of black plum, olive and coffee. Seems short and a little simple on the finish.",0.43652419118256935,0.3888888888888884,0.14481133321010797,0.43575156707215146,0.5,0.0,0.3296011526874658,0.7096254756476373,0.0,0.0,0.3154513759095628,0.21003347924310678,0.2571783474918321,0.0,0.36565997388973026,0.0,0.0,0.0,0.0,0.21053078769882952,13,"['dark', 'deep', 'black', 'truffle', 'good', 'dense', 'warm', 'big', 'large', 'black', 'short', 'little', 'simple']",0.022132034632034635,0.3593073593073593
US,"Light and citrusy, this off-dry Riesling features pleasant floral and spice notes that just lack a little zip on the finish.",0.15949202727027811,0.16666666666666607,0.492632885321222,0.15526793926400773,0.9903846153846154,0.0,0.0,0.0,0.0,0.725187697079281,0.6885512355699095,0.0,0.0,0.0,0.0,0.0,0.0,0.0,0.0,0.0,4,"['dry', 'pleasant', 'floral', 'little']",0.31527777777777777,0.7222222222222222
US,"Stiff and tart, this young wine needs a few more years of cellaring to fill itself out. The balance is right, and the vineyard's full-bodied tannins are there in abundance.",0.35445387266905204,0.44444444444444375,0.215807798654832,0.35832948395479236,0.09615384615384616,0.0,0.0,0.0,0.0,0.0,0.0,0.0,0.0,0.0,0.0,0.0,0.0,0.0,0.828473666354732,0.5600280208674814,8,"['stiff', 'tart', 'young', 'few', 'more', 'right', 'full', 'bodied']",0.06190476190476191,0.4392857142857143
US,"Thin and watery, with diluted citrus flavors and lots of raw acidity.",0.21083699175912196,0.05555555555555536,0.38137889150009247,0.1998131861498873,0.25,0.8342638511082905,0.0,0.0,0.0,0.0,0.0,0.5513654203284463,0.0,0.0,0.0,0.0,0.0,0.0,0.0,0.0,4,"['thin', 'watery', 'diluted', 'raw']",-0.3153846153846154,0.6557692307692309
US,"Sobra is Brazilian Portuguese for leftovers. It's a Bordeaux blend, but the recipe changes every year. This is very nice and drinking well, smooth with a nicely resolved mix of black fruits, smoky wood, pepper and a bit of bacon fat.",0.31898405454055623,0.44444444444444375,0.25423146999023,0.3237642240186729,0.6923076923076923,0.0,0.0,1.0,0.0,0.0,0.0,0.0,0.0,0.0,0.0,0.0,0.0,0.0,0.0,0.0,5,"['brazilian', 'nice', 'smooth', 'black', 'smoky']",0.4033333333333334,0.7333333333333334
US,"A Côtes du Rhône-style blend meant to be drunk early and around a weekday meal, among Terre Rouge's easiest to drink and find wines. There's lots to like, from the wine's high-toned cherry and boysenberry aromas and flavors to its traces of black olive and jaunty, gamy pepper.",0.2527888823873867,0.44444444444444375,0.34388670310615865,0.25926425446985957,0.701923076923077,0.0,0.5108782386589275,0.549955924229016,0.47337543736394244,0.0,0.0,0.32554963191184644,0.0,0.0,0.0,0.0,0.0,0.0,0.0,0.32632045466491716,6,"['drunk', 'easiest', 'high', 'toned', 'boysenberry', 'black']",-0.18888888888888888,0.5777777777777778
France,"The simplest and fruitiest of the Cahors made at Gaudou, this is still a structured wine that has some firm, very young tannins that need to round out. Plenty of fruity, fresh black-currant flavor is cut by crisp acidity. The wine will need to age, so drink from 2016.",0.23963682528528263,0.3888888888888884,0.36066709433106503,0.24388824262443753,0.4326923076923077,0.44890592943409163,0.0,0.5011896770327363,0.0,0.0,0.0,0.0,0.0,0.0,0.0,0.0,0.0,0.0,0.4399339531950488,0.5947692754177138,8,"['simplest', 'structured', 'firm', 'young', 'fresh', 'black', 'currant', 'crisp']",0.055999999999999994,0.44733333333333336
US,"Burgundian technique was used in this wine, and the aromas and tastes of those techniques dominate. The wine is heavy in leesy, yeasty, toasted oak notes, which dominate, rather than subtlely support, the underlying fruit.",0.4057988371578959,0.16666666666666607,0.15922020996088224,0.39525079878280955,0.14423076923076925,0.0,0.4789524709664019,0.0,0.0,0.0,0.0,0.0,0.37371290726967515,0.5065326086648264,0.0,0.0,0.0,0.0,0.0,0.6118561185887014,2,"['burgundian', 'heavy']",-0.2,0.5
Spain,"Fresh smelling, with notes of green melon, apple, honey and minerals. It's more simple than complex, with crisp apple and orange flavors and then a chunky, slightly pithy finish. For under $15 this is good, casual Albariño that won't steer you wrong.",0.19496184539877393,0.3888888888888884,0.44111023512148384,0.20036594717311207,0.019230769230769232,0.0,0.0,0.0,0.0,0.0,0.8323758511705102,0.554211550211802,0.0,0.0,0.0,0.0,0.0,0.0,0.0,0.0,11,"['fresh', 'green', 'simple', 'complex', 'crisp', 'orange', 'chunky', 'pithy', 'good', 'casual', 'wrong']",0.008333333333333337,0.5007142857142858
US,"Sourced from the Bacchus vineyard, this is an oaky, buttery Chardonnay that's fine for an every day quaffer. The oaky flavors quickly overtake fruit that is simple, clean, and apple flavored.",0.23963682528528263,0.2777777777777777,0.3520371788439703,0.23867462655922478,0.14423076923076925,0.0,0.0,0.0,0.0,0.0,0.0,0.6325426926623351,0.7745254947123966,0.0,0.0,0.0,0.0,0.0,0.0,0.0,5,"['fine', 'quaffer', 'oaky', 'simple', 'clean']",0.2791666666666667,0.5142857142857143
US,"Light and almost effervescent in the glass, this popular Grenache-based pink from Doug Margerum offers yeasty, Champagne-like aromas, soft lemon-peel scents and wet slate minerality. The palate's tingling acidity delivers chalky lime and cotton candy flavors, bound together with compelling tension.",0.28825870051588276,0.6111111111111107,0.30313432441710014,0.3013405650358649,0.7403846153846154,0.5105545521059491,0.5295152195579713,0.0,0.0,0.0,0.0,0.337425773451088,0.0,0.0,0.5874449157081049,0.0,0.0,0.0,0.0,0.0,6,"['popular', 'like', 'soft', 'wet', 'chalky', 'compelling']",0.18571428571428572,0.4642857142857143
US,"Made from equal amounts of Pinot Noir and Chardonnay, this wine was aged on the lees for more than four years, which gives it a fabulous creamy, yeasty complexity. There are tantalizing flavors of limes, orange zest, roasted hazelnuts, minerals and smoke. Absolutely wonderful now, and should hold and develop in the bottle through 2014, at least. Only 563 cases produced.",0.6099658443146826,0.8888888888888884,0.06811295931855353,0.626890215623072,0.8173076923076924,0.0,0.0,0.0,0.0,0.0,0.0,0.7062701484232128,0.0,0.0,0.0,0.0,0.0,0.0,0.0,0.7079424252340392,7,"['equal', 'more', 'fabulous', 'creamy', 'roasted', 'wonderful', 'least']",0.21428571428571427,0.65
US,"Nice and dry, with lots of black pepper-infused wild blackberry flavors wrapped into big but pliant tannins. Lots of crunchy acidity, too, which makes the wine sharp. Will be great with a rich steak.",0.3851792266937255,0.3888888888888884,0.18469772385202396,0.385710166824591,0.8365384615384616,0.39107943975739357,0.0,0.4366281780978992,0.0,0.4088454310668473,0.0,0.25846460852546194,0.0,0.0,0.0,0.4565553678172191,0.0,0.0,0.38326320207591585,0.25907659017613965,10,"['nice', 'dry', 'black', 'wild', 'big', 'pliant', 'crunchy', 'sharp', 'great', 'rich']",0.18958333333333333,0.5979166666666667
US,"A monstrous mix of Mourvèdre (89%) and Syrah (11%) from Calaveras's Dalton Vineyard, Twisted Oak's River of Skulls opens with a heady nose of bright cherry, black tea and candied dark plum and shows off bright acidity for such a pleasantly plump wine. Tannins are resolved and yet rightfully there. The long finish is enveloped in raspberry flavors.",0.4057988371578959,0.44444444444444375,0.1696993930523544,0.4083687927114872,0.701923076923077,0.37282068872916824,0.0,0.4162428435972086,0.35828169032576407,0.0,0.37006669639478174,0.24639739031628755,0.0,0.40893218182711005,0.0,0.0,0.0,0.0,0.3653693762349928,0.2469807997142268,8,"['monstrous', 'heady', 'bright', 'black', 'dark', 'bright', 'plump', 'long']",0.15833333333333335,0.6625
Italy,"Here's a bright, buoyant style of Brunello that drinks easily but also delivers the sophistication and complexity you should expect of Montalcino. It opens with crisp, tonic aromas of cassis and wild berry with very subtle aromas of vanilla and toasted nut at the back.",0.5097998714310973,0.6111111111111107,0.10663376390185822,0.5172541411668099,0.7788461538461539,0.0,1.0,0.0,0.0,0.0,0.0,0.0,0.0,0.0,0.0,0.0,0.0,0.0,0.0,0.0,5,"['bright', 'buoyant', 'crisp', 'wild', 'subtle']",0.17500000000000002,0.5166666666666666
Italy,"Aged only in stainless steel to preserve its fresh, clean flavors, this expression of Favorita (a little-known white wine grape from northern Italy) offers lively tones of lemon zest, white blossom and cut grass.",0.2256871994234474,0.33333333333333304,0.3795450344590848,0.2277063189235855,0.22115384615384617,0.0,0.0,0.0,0.0,0.0,0.0,0.7062701484232128,0.0,0.0,0.0,0.0,0.0,0.0,0.0,0.7079424252340392,8,"['aged', 'stainless', 'fresh', 'clean', 'white', 'northern', 'lively', 'white']",0.11144781144781143,0.36666666666666664
US,"High in acidity and ripe in pineapple and vanilla flavors, this is a simple wine. It has sweet and sour flavors, like a sour cough drop.",0.03546981812849592,0.16666666666666607,0.855037967234635,0.03451619545490359,0.6153846153846154,0.41872577762526814,0.0,0.0,0.0,0.0,0.0,0.5534721756816083,0.0,0.0,0.0,0.0,0.4633374104365196,0.47614049077626974,0.0,0.2773913319332356,6,"['high', 'ripe', 'simple', 'sweet', 'sour', 'sour']",0.041999999999999996,0.3494285714285715
US,"Ever since Tamber Bey made the switch from Oakville fruit to their vineyard in Yountville, their Cabernets have dropped in quality. This '09 is dry, tannic and uninteresting, with a harshness that makes it difficult to appreciate the blackberry and cherry fruit.",0.44775072778616076,0.2777777777777777,0.13372086443829995,0.4414777957750735,0.11538461538461539,0.0,0.0,0.0,0.44632771702416824,0.48553820873986425,0.0,0.0,0.7516942309674047,0.0,0.0,0.0,0.0,0.0,0.0,0.0,3,"['dry', 'tannic', 'difficult']",-0.2833333333333333,0.8
Spain,"A lesson in contrasts: the nose is both weedy and sweet, with green strawberry aromas mixing with caramel. The palate is also green and slightly bitter, but that's offset by some jammy berry sweetness. Medium in terms of weight, but with burdensome sugars and a clumsy finish.",0.21083699175912196,0.11111111111111072,0.38626917694277946,0.20256347072247038,0.8557692307692308,0.0,0.4795268069360192,0.0,0.0,0.0,0.4589407221428051,0.0,0.0,0.0,0.5319877017235884,0.0,0.0,0.5257533073634826,0.0,0.0,8,"['weedy', 'sweet', 'green', 'green', 'bitter', 'jammy', 'burdensome', 'clumsy']",-0.09000000000000001,0.43
US,"Comes on a bit flat, with a streak of cardboard under the fruit. Not as fresh as it should be, given the vintage.",0.19496184539877393,0.05555555555555536,0.4096726858470673,0.18434927937690992,0.7307692307692308,0.0,0.0,0.0,0.0,0.0,0.0,0.0,1.0,0.0,0.0,0.0,0.0,0.0,0.0,0.0,2,"['flat', 'fresh']",0.13749999999999998,0.3125
Spain,"We suggest very little time with this bulky, medicinal Tempranillo. Despite color and weight, it's prickly, sour and not too ripe. The flavors and finish are short, while the overriding impression is that it's underdeveloped.",0.1394708524016972,0.11111111111111072,0.5320885974156286,0.1330530647084074,0.8557692307692308,0.0,0.0,0.0,0.0,0.0,0.6101599670079336,0.4062560209034441,0.0,0.0,0.0,0.0,0.680191781882564,0.0,0.0,0.0,9,"['little', 'bulky', 'medicinal', 'prickly', 'sour', 'ripe', 'short', 'overriding', 'underdeveloped']",-0.13125,0.35000000000000003
Italy,There are brambly notes here of forest floor and underbrush backed by enough fresh fruit to keep the wine chewy and fresh in the mouth. You'll also get notes of wet tobacco and wild mushroom that add complexity.,0.2989628796719753,0.3888888888888884,0.27534861167456026,0.30169226942212957,0.038461538461538464,0.0,0.0,0.0,0.0,0.0,0.0,0.0,0.7737919117738018,0.0,0.0,0.0,0.0,0.0,0.0,0.6334398766050691,5,"['enough', 'fresh', 'fresh', 'wet', 'wild']",0.12,0.45999999999999996
Italy,"With a modern winery located at the foot of the picturesque town of Barolo, Cascina Adelaide proudly produces a bold and innovative interpretation of Barolo. This is a powerful and generous wine with big spice, berry, smoke and mineral tones. The cards it plays best, however, are intensity and persistency.",0.6179469342125316,0.7222222222222214,0.06278790919413031,0.6275489570290331,0.5384615384615385,0.0,0.0,0.0,0.0,0.0,0.0,0.0,0.0,0.0,0.0,0.0,0.0,0.0,0.0,1.0,7,"['modern', 'picturesque', 'bold', 'innovative', 'powerful', 'generous', 'big']",0.44761904761904764,0.6238095238095237
Italy,"Here's a Prosecco from the Cartizze cru (offered by the excellent Bortolin estate) that boasts mineral notes and talc powder followed by plush, creamy peach and yellow fruit. The wine ends with a very feminine note of fresh flowers.",0.3703290190294001,0.44444444444444375,0.2004383301206728,0.3738005004254199,0.31730769230769235,0.0,0.0,0.0,0.0,0.0,0.0,0.0,0.7737919117738018,0.0,0.0,0.0,0.0,0.0,0.0,0.6334398766050691,5,"['excellent', 'creamy', 'yellow', 'feminine', 'fresh']",0.375,0.45
France,"With its rounded texture and smooth wood and yellow fruits, this is a generous wine. It has weight and some richness tempered with acidity and a prominent apple skin character. In another few months, the wine's richness will show better.",0.4636258741465087,0.4999999999999991,0.13034423877549225,0.46726383844766217,0.14423076923076925,0.6024269615663209,0.0,0.0,0.0,0.0,0.0,0.0,0.0,0.0,0.0,0.0,0.0,0.0,0.0,0.7981740135947614,7,"['rounded', 'smooth', 'yellow', 'generous', 'prominent', 'few', 'better']",0.24,0.42000000000000004
US,"For an $18 Oregon Pinot, you can't do much better than this well-made wine from a top-flight vintage. Brambly black cherry fruit carries a streak of cola, with ripe, moderate tannins balancing out a medium-long finish.",0.2527888823873867,0.4999999999999991,0.3479619409750645,0.2617974791505606,0.6346153846153847,0.0,0.0,0.4401585225302127,0.3788671490434559,0.0,0.3913292752737102,0.0,0.3190393956909609,0.0,0.0,0.0,0.43624454478144475,0.0,0.3863620655470132,0.261171346409362,7,"['better', 'top', 'black', 'ripe', 'moderate', 'medium', 'long']",0.11111111111111112,0.5444444444444444
Italy,"It opens with aromas of forest floor, porcini mushroom and espresso. The straightforward palate offers bright berry, coffee and grilled herbs alongside firm tannins. Drink 2015–2020.",0.35445387266905204,0.44444444444444375,0.215807798654832,0.35832948395479236,0.5384615384615385,0.0,0.5658077853969493,0.0,0.0,0.0,0.0,0.0,0.0,0.0,0.6277079383609886,0.0,0.0,0.0,0.5346440817055745,0.0,3,"['straightforward', 'bright', 'firm']",0.24375000000000002,0.39374999999999993
France,"Atypically dark in color, this brassy Châteauneuf blanc comes across as aromatically muted. Then it's very neutral in flavor, with ample breadth but lacking in richness and depth. It's something of a conundrum.",0.47847608181083434,0.2777777777777777,0.11516397771381795,0.4714248715917111,0.7115384615384616,0.0,0.0,0.0,0.0,0.0,0.0,0.0,0.0,0.0,0.0,0.0,0.0,0.0,0.0,0.0,3,"['dark', 'neutral', 'ample']",0.02500000000000001,0.35
US,"Feels soft and cloyingly sweet in pineapple jam and buttered popcorn flavors, and is beginning to be tired and old. Drink up.",0.39912885255556074,0.11111111111111072,0.16217903812788614,0.386032131336391,0.14423076923076925,0.0,0.0,0.0,0.0,0.0,0.0,0.5024986150125038,0.0,0.0,0.0,0.0,0.0,0.8645780137792747,0.0,0.0,4,"['soft', 'sweet', 'tired', 'old']",0.037499999999999985,0.475
US,"Full and round, with snappy acidity that brings life and lift to the luscious fruit, this delicious wine is aimed at those who like a festival of green and yellow fruits in their glass. It has fine texture and length, with a defining mineral streak that elevates this well beyond just fruity. It has medium-term aging potential as well.",0.2989628796719753,0.6111111111111107,0.28868575379097944,0.3117710082023244,0.14423076923076925,0.6910957751658516,0.0,0.0,0.0,0.0,0.0,0.0,0.559268310940031,0.0,0.0,0.0,0.0,0.0,0.0,0.4578270262077103,10,"['full', 'round', 'snappy', 'luscious', 'delicious', 'green', 'yellow', 'fine', 'defining', 'medium']",0.19523809523809524,0.5357142857142857
US,"This is an ultrarich, ripe Cabernet, marked by jammy blackberry, blueberry and cherry fruit flavors, with a milk chocolate sweetness and soft, intricate tannins. Made in the soft, modern style, it's best over the next six years.",0.4878691556714132,0.5555555555555554,0.11730347759499354,0.49339956215833713,0.11538461538461539,0.0,0.0,0.0,0.46891796906390387,0.0,0.0,0.3224841429789667,0.3948700906280507,0.0,0.0,0.0,0.5399330780475218,0.0,0.4781943104781037,0.0,8,"['ultrarich', 'ripe', 'soft', 'intricate', 'soft', 'modern', 'best', 'next']",0.25,0.31666666666666665
US,"A bit rugged and hot in the mouth. Offers a good array of plummy cherry flavor, with bright, zingy acidity and a touch of smoky oak.",0.2256871994234474,0.22222222222222143,0.37037574925404665,0.22243163100832875,0.6346153846153847,0.5655380842623775,0.0,0.0,0.5434836287218803,0.0,0.0,0.0,0.0,0.6203162262589439,0.0,0.0,0.0,0.0,0.0,0.0,7,"['rugged', 'hot', 'good', 'plummy', 'bright', 'zingy', 'smoky']",0.4375,0.5625
US,"From the steep Sonoma slopes of Mount St. Helena comes this tannic, concentrated young 100% Cabernet. Dramatic in structure and flavor, with massively packed blackberries, dark chocolate and pain grillé. The wine was aged in 49% new oak, which adds smoky, spice overtones. Drink now and through 2013.",0.43652419118256935,0.7222222222222214,0.1558144754561538,0.4507082010541823,0.11538461538461539,0.0,0.0,0.0,0.0,0.0,0.0,0.0,0.0,0.8559918686806711,0.0,0.0,0.0,0.0,0.0,0.516989284949478,8,"['steep', 'tannic', 'concentrated', 'young', 'dramatic', 'dark', 'new', 'smoky']",-0.07449494949494949,0.5424242424242424
France,"Lightly fruity and fresh, a wine that has some crisp acidity although without much definition. The aftertaste is clean, bringing out attractive citrus and red currant fruits. Screwcap.",0.15949202727027811,0.22222222222222143,0.49874574212458084,0.15795186442067854,0.06730769230769232,0.8336632799340609,0.0,0.0,0.0,0.0,0.0,0.0,0.0,0.0,0.0,0.0,0.0,0.0,0.0,0.5522730626144858,6,"['fresh', 'crisp', 'much', 'clean', 'attractive', 'red']",0.33095238095238094,0.5023809523809524
US,"From one of the Russian River's premier Sauvignon Blanc producers, although recent vintages have slipped in quality. The '09 is a good wine, dry and crisp, with citrus, gooseberry and spice flavors. But it's missing the richness of earlier vintages.",0.4057988371578959,0.3888888888888884,0.16760355643406,0.40580584473284786,0.7980769230769231,0.0,0.0,0.0,0.0,0.7451071960204126,0.0,0.47104315003934244,0.0,0.0,0.0,0.0,0.0,0.0,0.0,0.4721584662373553,5,"['recent', 'good', 'dry', 'crisp', 'earlier']",0.09761904761904762,0.3452380952380953
Spain,"Apple and nectarine aromas are clean and snappy, with a hint of yeast-based vanilla. A fresh, citric palate delivers lime, green apple, pineapple and nectarine flavors, while the finish is clean as a new razor, with nothing off, bitter or pithy.",0.19496184539877393,0.44444444444444375,0.4463498266672199,0.20292764082694137,0.9423076923076924,0.0,0.5305339760524816,0.0,0.0,0.0,0.5077581535985045,0.33807496102005996,0.0,0.0,0.5885751255697673,0.0,0.0,0.0,0.0,0.0,9,"['clean', 'snappy', 'fresh', 'citric', 'green', 'clean', 'new', 'bitter', 'pithy']",0.14494949494949497,0.5257575757575758
US,"Dull and dusty on the nose, this burly Zin opens up in the glass, offering a slight sweetness of blackberry and vanilla amid its soft texture and structure.",0.2989628796719753,0.33333333333333304,0.2720143261454555,0.29910020687941485,1.0,0.0,0.0,0.0,0.0,0.0,0.0,0.0,0.0,0.0,0.0,0.0,0.0,0.0,0.0,0.0,5,"['dull', 'dusty', 'burly', 'slight', 'soft']",-0.18958333333333333,0.4041666666666667
US,"Classic Lodi Cab, from a vintage that wasn't too hot or too cool. The wine is soft and lush, with milk chocolate and cassis flavors and the vanillins and sweet char of oak. Easy and delicious, it's a wine to drink now.",0.5259537559924657,0.44444444444444375,0.0946755466483231,0.5254812566146776,0.11538461538461539,0.0,0.0,0.0,0.0,0.0,0.0,0.3052285539252468,0.0,0.5065710247676032,0.0,0.0,0.0,0.5251634313357133,0.0,0.6119025225657291,7,"['hot', 'cool', 'soft', 'lush', 'sweet', 'easy', 'delicious']",0.34375,0.6000000000000001
US,"This late-disgorged wine has been released at the age of 11 years. It's a beautiful wine, notable especially for the ultrafine feeling of the mousse, or bubbles. So refined and silky. Rich too are the flavors, in limes, strawberries, toasty lees and minerals. A spectacular sparkling wine that has many years of development ahead.",0.4878691556714132,0.833333333333333,0.12463890575902403,0.5055257703553495,0.8173076923076924,0.0,0.0,0.0,0.0,0.0,0.0,0.27562869501265924,0.0,0.0,0.0,0.48687424150795483,0.0,0.0,0.0,0.8288439512005092,9,"['beautiful', 'notable', 'ultrafine', 'refined', 'rich', 'toasty', 'spectacular', 'sparkling', 'many']",0.4708333333333334,0.775
US,"Lots of zesty acidity in this Pinot Noir, giving the pomegranate, rhubarb, red cherry and licorice flavors a bright edge. The wine is very dry and complexly layered. Interesting now, if a bit primary in fruit, and balanced enough to develop additional nuances over the next six years.",0.5139458999393303,0.6666666666666661,0.10577637619437413,0.5237466356764726,0.6346153846153847,0.46896292536295164,0.0,0.0,0.45067463978966693,0.4902670145311848,0.0,0.3099378453443721,0.37950760601639016,0.0,0.0,0.0,0.0,0.0,0.0,0.31067170316453335,10,"['zesty', 'red', 'bright', 'dry', 'complexly', 'layered', 'interesting', 'primary', 'additional', 'next']",0.15166666666666667,0.435
US,"Butterscotch and pineapple and peach jam flavors mark this Chardonnay. Fortunately, it's balanced with crisp acidity and a certain minerality. It's an obvious crowd pleaser, and would score higher except for the seemingly sweet finish.",0.21083699175912196,0.2777777777777777,0.4009400332708405,0.21061762105872495,0.14423076923076925,0.5188171719718406,0.0,0.0,0.0,0.0,0.5149847169666505,0.3428865432894543,0.0,0.0,0.0,0.0,0.0,0.5899561863299085,0.0,0.0,4,"['crisp', 'certain', 'obvious', 'sweet']",0.24404761904761907,0.5563492063492064
Italy,"Fresh berries, young spice and raw notes of blueberry and raspberry color this bright blend of Montepulciano and Sangiovese from Central Italy. The wine is sharp and immediate in terms of the delivery of its easy tannins and bright, acidic finish.",0.11754013664201335,0.33333333333333304,0.6161125927490693,0.12236872472390337,0.6923076923076923,0.0,0.0,0.0,0.0,0.0,0.6427989335417642,0.0,0.0,0.0,0.0,0.0,0.0,0.0,0.6346397762367916,0.4290010319983922,9,"['fresh', 'young', 'raw', 'bright', 'sharp', 'immediate', 'easy', 'bright', 'acidic']",0.23469551282051282,0.5993589743589743
US,"Made from Tempranillo, this is a really pleasant rosé that shows a balance rare in California. Totally dry, crisp and relatively low in alcohol, the wine manages to be long and deep in creamy, spicy cherry, raspberry and vanilla bean flavors. Great job.",0.11754013664201335,0.3888888888888884,0.6234480209130997,0.1249591546064246,0.8557692307692308,0.0,0.0,0.0,0.5650908294277452,0.6147348206941281,0.0,0.3886241173420362,0.0,0.0,0.0,0.0,0.0,0.0,0.0,0.3895442852140748,9,"['pleasant', 'rare', 'dry', 'crisp', 'low', 'long', 'creamy', 'spicy', 'great']",0.24583333333333332,0.5916666666666666
US,"Pungent of baked plum and baking spice, this Shenandoah Barbera is soft and rustic, yet refined, with a jolt of mocha espresso on the finish. The expert acidity enveloping this wine should pair with Mediterrean-themed food.",0.3283771284011352,0.44444444444444375,0.24347284201631858,0.33291752373343897,0.038461538461538464,0.642275047347135,0.0,0.0,0.0,0.0,0.6375306203063742,0.0,0.0,0.0,0.0,0.0,0.0,0.0,0.0,0.42548498413810704,4,"['baked', 'soft', 'rustic', 'mediterrean']",0.1,0.35
US,"Big, bold and concentrated, this full-bodied wine was given the complete new-barrel, lees-stirring treatment. It has a deep gold color, with ripe pear and buttered toast aromas that transition to waves of pear and apple on the palate and lingering finish.",0.27703216391229124,0.6111111111111107,0.31902775210583295,0.2904013954834763,0.14423076923076925,0.0,0.46160632723805506,0.0,0.0,0.0,0.4417895685998365,0.0,0.0,0.0,0.512106696802885,0.0,0.49249647654964024,0.0,0.0,0.2948483125371275,8,"['big', 'bold', 'concentrated', 'bodied', 'complete', 'new', 'deep', 'ripe']",0.06666666666666667,0.4333333333333333
US,"If you like 'em big and oaky, then this one's for you. Aromas and flavors of wood-grilled peaches, roasted red apples, buttery toast and rich nuttiness all generously abound. The mouth is full and slightly fat, with moderate acidity and a medium-length, smoky finish.",0.3283771284011352,0.2777777777777777,0.23467032821948192,0.32514015357693915,0.14423076923076925,0.4535811154798526,0.47042593775723,0.0,0.0,0.0,0.4502305532583407,0.2997719990592424,0.0,0.0,0.0,0.5295212991542432,0.0,0.0,0.0,0.0,11,"['big', 'oaky', 'roasted', 'red', 'buttery', 'rich', 'full', 'fat', 'moderate', 'medium', 'smoky']",0.09305555555555556,0.37777777777777777
US,"A mix of vineyards and AVAs go into this blended Syrah, which is co-fermented with 6% Viognier. The Viognier is definitely present, and the wine has a top end of grapefruit and citrus, adding scent, flavor and acid. It's full, forward, acidic and a little hot, and delivers plenty of flavor up front. What's not quite there is the layering of flavors that some of the other Walter Dacon Syrahs express.",0.3703290190294001,0.44444444444444375,0.2004383301206728,0.3738005004254199,0.8365384615384616,0.0,0.0,0.0,0.0,0.0,0.0,0.7062701484232128,0.0,0.0,0.0,0.0,0.0,0.0,0.0,0.7079424252340392,7,"['present', 'top', 'full', 'acidic', 'little', 'hot', 'other']",0.13125,0.4625000000000001
France,"A finely structured wine, its tannin fitting well into the rich texture, with berry fruits, dark plums and bitter coffee adding an extra dimension.",0.4584549069422533,0.44444444444444375,0.13197433392305458,0.4596896396665384,0.42307692307692313,0.0,0.0,0.0,0.0,0.0,0.0,0.0,0.0,0.0,0.0,0.8697263342376984,0.0,0.0,0.0,0.4935342982341302,5,"['structured', 'rich', 'dark', 'bitter', 'extra']",0.17361111111111113,0.4583333333333333
US,"The aromas that greet you from the glass bring flowers, cherries, hints of cured meat and more. The wine is already drinking nicely, with an elegant mix of pie cherries and fruit pastry flavors.",0.3625283276957145,0.44444444444444375,0.20785807355095653,0.3661983371955251,0.6346153846153847,0.0,0.6424413545202993,0.0,0.0,0.0,0.0,0.4093862894572456,0.5012786046674161,0.0,0.0,0.0,0.0,0.0,0.0,0.4103556171288993,2,"['more', 'elegant']",0.5333333333333333,0.8333333333333334
US,"This is the winery's flagship red; in this vintage it's 64% Cabernet Sauvignon, 22% Merlot and 14% Syrah. Sturdy and structured to age, the Syrah component pops in the pepper and spice, while the Cab and Merlot give it muscle and verve. Youthful, lovely floral notes and pure, pretty berry fruits shine in this ripe but graceful wine with sweet fruit, a pleasing midpalate and a clean and textural finish.",0.44775072778616076,0.6666666666666661,0.14594657804501748,0.45922579099243266,0.6923076923076923,0.0,0.0,0.0,0.0,0.0,0.46298466033710556,0.0,0.37745795058348464,0.0,0.0,0.0,0.5161242594188333,0.5303859620350927,0.0,0.30899381862639397,10,"['youthful', 'lovely', 'floral', 'pure', 'ripe', 'graceful', 'sweet', 'pleasing', 'clean', 'textural']",0.28015873015873016,0.6
US,"Nice and smooth, this Merlot is for early drinking. It's as plump as can be in cherries, cocoa, cola and tobacco, with soft acids and even softer tannins.",0.30919115719657264,0.2777777777777777,0.2563576810522678,0.30644443790100095,0.4903846153846154,0.0,0.0,0.0,0.0,0.0,0.0,0.0,0.0,0.0,0.0,0.0,0.0,0.0,1.0,0.0,6,"['nice', 'smooth', 'early', 'plump', 'soft', 'softer']",0.30000000000000004,0.5375
US,"For the price, you get a Cabernet that shows some pretty good Napa character. It's ripe and forward with black currants with tough tannins and a hit of sweet oak. Lots going on, and could even age for a few years. If you drink it now, give it a couple hours of airing.",0.2989628796719753,0.5555555555555554,0.28535146826187463,0.30929345682834275,0.11538461538461539,0.0,0.0,0.4585755252515631,0.0,0.0,0.0,0.0,0.0,0.4505213554016098,0.0,0.0,0.45449777982555917,0.4670566008019671,0.40252813038134216,0.0,6,"['good', 'ripe', 'black', 'tough', 'sweet', 'few']",0.09074074074074075,0.6027777777777777
Italy,"A food-friendly blend of Sangiovese, Syrah, Cabernet Sauvignon and Cabernet Franc that shows easy but rich and intense fruit flavors of cherry and blackberry, plus a subtle spice note.",0.27703216391229124,0.44444444444444375,0.3080246098597872,0.28288549199668633,0.6923076923076923,0.0,0.0,0.0,0.5228653265219352,0.0,0.0,0.35958480553315075,0.4402985009982526,0.0,0.0,0.6351754466047063,0.0,0.0,0.0,0.0,5,"['friendly', 'easy', 'rich', 'intense', 'subtle']",0.16875,0.7708333333333334
France,"This is a firm and stony wine, with dry tannins that give structure to the intense acidity and the red cherry flavor. It's dense and concentrated, with a solid feel that demands several years of aging.",0.35445387266905204,0.6111111111111107,0.22366718597343613,0.3658465868528342,0.2692307692307693,0.4758812383863636,0.0,0.0,0.4573231573187771,0.49749961328929626,0.0,0.0,0.0,0.0,0.0,0.0,0.0,0.0,0.46637012506961334,0.31525484603951714,9,"['firm', 'stony', 'dry', 'intense', 'red', 'dense', 'concentrated', 'solid', 'several']",-0.011111111111111108,0.35000000000000003
Spain,"Candied fruit and punch bowl aromas are not what you'd call sophisticated, and the mouth pretty much follows suit with tart, rubbery raspberry fruit that comes on a bit hot and raw. Tough but with full flavor; sort of like chewing on a plum skin.",0.15949202727027811,0.22222222222222143,0.49874574212458084,0.15795186442067854,0.4711538461538462,0.0,0.5395330604596594,0.0,0.0,0.0,0.0,0.0,0.8419644153234943,0.0,0.0,0.0,0.0,0.0,0.0,0.0,8,"['candied', 'sophisticated', 'tart', 'rubbery', 'hot', 'raw', 'tough', 'full']",0.1329059829059829,0.6992673992673993
Italy,"Aromas of black cherry, licorice, leather, violet and a whiff of tobacco open this wine. The palate is still a bit closed but delivers black raspberry, wild cherry, anisette and a note of black pepper alongside big, brooding tannins that need time to come around. Drink 2017–2024.",0.49242570767266935,0.5555555555555554,0.1147145029488651,0.49784088323890585,0.5384615384615385,0.0,0.23976314298058252,0.7743087349350094,0.44432498424721606,0.0,0.0,0.0,0.0,0.0,0.26599356187668294,0.0,0.0,0.0,0.2265574082119851,0.1531472901149496,6,"['black', 'closed', 'black', 'wild', 'black', 'big']",-0.07142857142857142,0.34285714285714286
US,"Fresh, full bodied and juicy, this has flavors of dusty, dark plum and chocolate. It was aged in both French and American oak, which has added a background note of tobacco and vanilla on the palate, particularly on the finish.",0.31898405454055623,0.3888888888888884,0.2511750415885506,0.32120165943625256,0.5865384615384616,0.0,0.0,0.0,0.0,0.0,0.49949748952919637,0.332574854988401,0.0,0.5519561749280895,0.5789996586719434,0.0,0.0,0.0,0.0,0.0,8,"['fresh', 'full', 'bodied', 'juicy', 'dusty', 'dark', 'french', 'american']",0.02083333333333332,0.34791666666666665
Italy,"Il Puro is a simple but genuine expression of Merlot with soft cherry nuances backed by light shadings of spice and mineral. The texture is smooth and silky, and although this is a very simple wine, it does deliver easy drinking pleasure.",0.15949202727027811,0.2777777777777777,0.5048585989279396,0.16060405769884278,0.4903846153846154,0.0,0.0,0.0,0.8233309313294269,0.0,0.0,0.0,0.0,0.0,0.0,0.0,0.0,0.0,0.0,0.567561606802485,8,"['simple', 'genuine', 'soft', 'light', 'smooth', 'silky', 'simple', 'easy']",0.24761904761904763,0.5292517006802722
US,"Soft and rich with pineapple, lemon candy and oak flavors, this simple Chardonnay has the benefit of acidity for balance. It's a nice, basic Chard at an everyday price.",0.1394708524016972,0.22222222222222143,0.5454257395320479,0.13845292298862533,0.14423076923076925,0.49982698295330036,0.0,0.0,0.0,0.0,0.0,0.33033591732572065,0.0,0.5482403333674322,0.0,0.5835098162889315,0.0,0.0,0.0,0.0,7,"['soft', 'rich', 'lemon', 'simple', 'nice', 'basic', 'everyday']",0.14583333333333334,0.5303571428571429
US,"Light ruby in color, this offers fresh raspberry and red cherry aromas, slightly softer flavors of ripe plum and a smooth texture. It is medium bodied and easy to enjoy.",0.06619517215316933,0.33333333333333304,0.7738242982757255,0.0723763407616893,0.6346153846153847,0.0,0.5420905161520314,0.0,0.5022964686222087,0.0,0.0,0.3454391959607747,0.0,0.0,0.0,0.0,0.5783665721682542,0.0,0.0,0.0,8,"['light', 'fresh', 'red', 'softer', 'ripe', 'smooth', 'bodied', 'easy']",0.23333333333333334,0.4
Italy,"Lasagna, meat-filled ravioli or mushroom risotto would make good pairing partners to this mild and crisp red. It offers notes of red berry, almond and cola.",0.41228090965766484,0.33333333333333304,0.1605009990053955,0.4095307440828482,0.19230769230769232,0.0,0.0,0.0,0.0,0.0,0.0,0.0,0.0,0.0,0.0,0.0,0.0,0.0,0.0,0.0,4,"['good', 'mild', 'crisp', 'red']",0.23055555555555554,0.2527777777777778
Italy,"Banfi presents an easy, no-fuss Chianti Classico that showcases Sangiovese typicity and personality. This is a profoundly food-friendly wine with built-in natural acidity that pairs it with butter or cream-based pasta dishes.",0.2527888823873867,0.3888888888888884,0.33981146523725275,0.25670209639446684,0.7692307692307693,0.8336632799340609,0.0,0.0,0.0,0.0,0.0,0.0,0.0,0.0,0.0,0.0,0.0,0.0,0.0,0.5522730626144858,4,"['easy', 'sangiovese', 'friendly', 'natural']",0.20555555555555557,0.7444444444444445
US,"Notable for its firm minerality and acidity and distinguished mouthfeel. Could be a little richer, but offers intricate raspberry, sour cherry candy, blueberry, cola and sandalwood flavors. Might blossom over the next few years. Drink now–2013.",0.5220203549659925,0.6666666666666661,0.10162083807189379,0.5316171258980547,0.6346153846153847,0.6509010193803977,0.0,0.0,0.6255176402717871,0.0,0.0,0.430180827883315,0.0,0.0,0.0,0.0,0.0,0.0,0.0,0.0,9,"['notable', 'firm', 'distinguished', 'little', 'richer', 'intricate', 'sour', 'next', 'few']",-0.01964285714285715,0.2285714285714286
US,"As with its Momtazi vineyard bottling, Boedecker Cellars produced just two barrels of this Cherry Grove designate. It's a fragrant and focused effort, scented with rose petals and cherry candy, and carrying a spicy cinnamon streak into a textural, cola-laced finish.",0.4878691556714132,0.5555555555555554,0.11730347759499354,0.49339956215833713,0.6346153846153847,0.0,0.0,0.0,0.8885056445700261,0.0,0.45886568793842325,0.0,0.0,0.0,0.0,0.0,0.0,0.0,0.0,0.0,6,"['fragrant', 'focused', 'scented', 'rose', 'spicy', 'textural']",0.6,0.95
US,"Given the diverse clonal make-up of the vines that go in to this Pinot, the aromas are somewhat muted and shy. Earthy, spicy fruit flavors are characterized by baked red raspberry and strawberry notes, with the wine taking on a denseness on the palate and finish.",0.4531650565750309,0.2777777777777777,0.13026842039653586,0.44675490156979203,0.6346153846153847,0.0,0.46779866249691415,0.0,0.0,0.0,0.44771606691931487,0.29809780660161855,0.36500990970114644,0.0,0.5189764820891578,0.0,0.0,0.0,0.0,0.29880363007504585,6,"['diverse', 'clonal', 'muted', 'shy', 'earthy', 'red']",-0.25,0.25
US,"This pleasing blend yields a spicy, fruity wine with sweet strawberry and cherry candy flavors. Though two thirds new oak was used, it is not prominent. Smooth and accessible, this delicious wine is accented with aromas of sweet straw.",0.3625283276957145,0.5555555555555554,0.21291698952615,0.3712376918768605,0.6923076923076923,0.0,0.3190563735783433,0.0,0.2956349262064275,0.0,0.0,0.20331397408943672,0.0,0.3374290081303592,0.0,0.0,0.0,0.6996269706631614,0.0,0.4075907447658332,8,"['pleasing', 'sweet', 'new', 'prominent', 'smooth', 'accessible', 'delicious', 'sweet']",0.3373376623376623,0.6613636363636364
Italy,"As much as we like the retro package, this time the contents are just too one-dimensional. The heavily toasted oak over the narrow fruit from the '98 vintage reads as just that—toast, with vanilla and coconut shadings. Dry powdery tannins mark the taut finish.",0.3374017500503924,0.16666666666666607,0.21943520818649545,0.32859546028259845,0.7692307692307693,0.0,0.0,0.0,0.0,0.47243957210346127,0.4485719385672292,0.0,0.365707677005033,0.4956822738488932,0.0,0.0,0.0,0.0,0.4428781378802859,0.0,4,"['dimensional', 'toasted', 'narrow', 'dry']",-0.06666666666666667,0.42500000000000004
Italy,"This youthful expression of Dolcetto offers a dark, concentrated style and a very noticeable mineral tone that slices through the lush blueberry and raspberry aromas. The wine is tonic and vibrant and although there isn't huge complexity here, there is a good, fresh quality of fruit.",0.21083699175912196,0.3888888888888884,0.4107206041562145,0.2158307619714921,0.20192307692307693,0.0,0.7041524678047691,0.0,0.0,0.0,0.0,0.0,0.5494300204224156,0.0,0.0,0.0,0.0,0.0,0.0,0.4497732259073204,9,"['youthful', 'dark', 'concentrated', 'noticeable', 'lush', 'vibrant', 'huge', 'good', 'fresh']",0.22708333333333333,0.4166666666666667
US,"It's incredibly rich and ripe in blackberries, black currants and dark chocolate, with a lovely veneer of toasted oak. The tannins are super smooth. Drink now–2020.",0.5652908644281741,0.7222222222222214,0.08272217339313534,0.5762202640305936,0.11538461538461539,0.0,0.0,0.4558975683104536,0.0,0.0,0.0,0.0,0.0,0.4478904326323365,0.0,0.47670419003577447,0.45184363581398107,0.0,0.40017747505547147,0.0,7,"['rich', 'ripe', 'black', 'dark', 'lovely', 'toasted', 'smooth']",0.21527777777777776,0.5833333333333334
France,"Blueberry fruit mingles with cinnamon-tinged oak spice on the nose and palate of this offering. There's even enough depth and complexity to make it more than a simple quaff, worthy of washing down simply roasted chicken perhaps.",0.2527888823873867,0.33333333333333304,0.3357362273683469,0.25411033635148494,0.701923076923077,0.0,0.0,0.0,0.0,0.0,0.0,0.0,0.45367073715927836,0.6149079079100651,0.6450357564003905,0.0,0.0,0.0,0.0,0.0,6,"['blueberry', 'enough', 'more', 'simple', 'worthy', 'roasted']",0.011111111111111103,0.5647392290249433
US,"Starts out nice, with a good, fruity raspberry nose, but on the palate are tastes of tomatoes, with a dry, astringent, tannic finish.",0.27703216391229124,0.16666666666666607,0.2896860394497109,0.2697707857365237,1.0,0.0,0.0,0.0,0.0,0.5667892386078365,0.538155062645097,0.0,0.0,0.0,0.6238101374198728,0.0,0.0,0.0,0.0,0.0,5,"['nice', 'good', 'dry', 'astringent', 'tannic']",0.41111111111111104,0.7333333333333334
US,"A lovely and complex Cabernet from this mountain in the southerly Mayacamas chain. It shows the big, firm tannins of its origins, with a dry sturdiness backing up the intense black currant flavors. Drinkable now for sheer decadence, although it also seems to have the stuffing to age for a decade.",0.5652908644281741,0.6666666666666661,0.08167425508398812,0.5737954393933702,0.11538461538461539,0.0,0.0,0.5775720313736658,0.0,0.5408209959508731,0.0,0.3418971483576098,0.0,0.0,0.0,0.0,0.0,0.0,0.5069808071895201,0.0,10,"['lovely', 'complex', 'southerly', 'big', 'firm', 'dry', 'intense', 'black', 'drinkable', 'sheer']",-0.004166666666666662,0.5541666666666667
US,"Difficult to find much to like here. Smells baked and Porty, and tastes overtly sweet in residual sugar, like cherry and raspberry jam.",0.06619517215316933,0.0,0.7188085870454965,0.05617715584774596,0.11538461538461539,0.0,0.0,0.0,0.6454826674939352,0.0,0.0,0.0,0.0,0.0,0.0,0.0,0.0,0.7637749183921358,0.0,0.0,4,"['difficult', 'much', 'sweet', 'residual']",0.016666666666666663,0.6166666666666667
US,"Fermented and aged in stainless steel without going through malolactic fermentation, this steely, waxy Albarino is ready for tapas, offering big bold tastes of peach and apricot. Textured and long-lasting, its tangible acidity will make seafood, especially shellfish, sing.",0.2527888823873867,0.44444444444444375,0.34388670310615865,0.25926425446985957,0.019230769230769232,1.0,0.0,0.0,0.0,0.0,0.0,0.0,0.0,0.0,0.0,0.0,0.0,0.0,0.0,0.0,10,"['aged', 'stainless', 'malolactic', 'steely', 'waxy', 'ready', 'big', 'bold', 'textured', 'tangible']",0.10555555555555556,0.4777777777777778
Italy,"An very pretty aromatic package with melon, pineapple, apple and pear. Good, and not hugely complex, but definitely casual and approachable. Imported by Halby Marketing.",0.11754013664201335,0.3888888888888884,0.6234480209130997,0.1249591546064246,0.6153846153846154,0.0,0.0,0.0,0.0,0.0,0.0,0.0,0.0,0.0,0.0,0.0,0.0,0.0,0.0,0.0,5,"['aromatic', 'good', 'complex', 'casual', 'approachable']",0.16874999999999993,0.7166666666666667
US,"Aromas of roses, lychee and pineapple, followed by appealing flavors of lemon, tropical fruit and flowers, give this wine a flirty but poised character. It's balanced and fresh, and best paired with summer salads and spicy ethnic cuisine.",0.27703216391229124,0.3888888888888884,0.30435689577777186,0.28032317133396,0.3076923076923077,0.0,0.6424413545202993,0.0,0.0,0.0,0.0,0.4093862894572456,0.5012786046674161,0.0,0.0,0.0,0.0,0.0,0.0,0.4103556171288993,5,"['tropical', 'balanced', 'fresh', 'spicy', 'ethnic']",0.6,0.43333333333333335
US,"It's a rustic, slightly raisiny Bordeaux blend (with a little Syrah also), sourced from excellent vineyards, but a bit overripe. Soft, forward and a little leathery, it's ready to drink up.",0.2256871994234474,0.2777777777777777,0.3749603918565657,0.22508447771223516,0.6923076923076923,0.0,0.0,0.0,0.0,0.0,0.0,0.0,0.0,0.0,0.0,0.0,0.0,0.0,0.0,0.0,7,"['rustic', 'raisiny', 'little', 'excellent', 'soft', 'little', 'ready']",0.12638888888888888,0.5027777777777778
France,"Wood aging adds a smoky character and toasty flavor, while also smoothing out the tannins. From the rich 2009 vintage, this wine shows both plum fruits and firm tannins. It could still age, drink until 2018.",0.44775072778616076,0.5555555555555554,0.14245351701452674,0.45429658044742127,0.2692307692307693,0.0,0.0,0.0,0.0,0.0,0.0,0.0,0.0,0.0,0.0,0.49142392966192516,0.0,0.0,0.8250684238340286,0.27886307992931425,3,"['smoky', 'rich', 'firm']",0.0875,0.575
France,"Made from 60-year-old vines, evidenced by its concentration and serious ageability. It is structured, firm and relatively dry at this young stage. It's a wine that needs at least 5 years. Today, if you do open a bottle, watch for the mineral, stony character that pushes the fruit and demands attention.",0.6099658443146826,0.7222222222222214,0.06552398467242512,0.6197689569940812,0.14423076923076925,0.0,0.0,0.0,0.0,0.7069735646059625,0.0,0.0,0.5472565705384947,0.0,0.0,0.0,0.0,0.0,0.0,0.4479940010209784,7,"['old', 'serious', 'firm', 'dry', 'young', 'least', 'stony']",-0.13333333333333333,0.4944444444444444
US,"Made in the modern style, this Chardonnay is very ripe and rich in jammy pineapples, green apples and limes, enhanced with smoky, caramelized oak and a creamy, slightly sour note of lees. It's fortunately balanced with crisp acidity. Best now and through 2012 before the fruit goes south.",0.43652419118256935,0.44444444444444375,0.14664519025111564,0.4383146196333072,0.14423076923076925,0.42853786010897676,0.0,0.0,0.0,0.0,0.0,0.0,0.34679367724319604,0.47004613056006705,0.0,0.5002852117897845,0.4741948859776116,0.0,0.0,0.0,8,"['modern', 'ripe', 'rich', 'green', 'creamy', 'sour', 'crisp', 'best']",0.259375,0.3958333333333333
US,"With cassis and plum aromas, this mid-weight Cabernet Sauvignon from the Foothills has a taste of licorice and vanilla, particularly on the finish, testament to its 33 months in new American oak.",0.35445387266905204,0.33333333333333304,0.21056820710909593,0.35317439080981483,0.11538461538461539,0.0,0.5740619388766708,0.0,0.0,0.0,0.5494174610720153,0.0,0.0,0.6071188877002082,0.0,0.0,0.0,0.0,0.0,0.0,4,"['mid', 'weight', 'new', 'american']",0.101010101010101,0.2626262626262626
France,"A wine that is soft, rounded, ready to drink. It is without concentration or great acidity, but the white and light green fruits are delicious, giving an open character that is framed by toasty flavors and some spice.",0.5960162184528474,0.44444444444444375,0.06595548044677986,0.5937755917893934,0.14423076923076925,0.7301702128185195,0.0,0.0,0.0,0.0,0.0,0.48256987974148274,0.0,0.0,0.0,0.0,0.0,0.0,0.0,0.4837124884462348,10,"['soft', 'rounded', 'ready', 'great', 'white', 'light', 'green', 'delicious', 'open', 'toasty']",0.2875,0.5125
US,"Peppery and bright in acidity, this blend of half Grenache and lesser percentages of Mourvèdre, Syrah and Counoise is a bit mixed. On the one hand it offers red raspberry and pomegranate and perfumed aromatics; on the other hand, the earthiness detracts.",0.3703290190294001,0.33333333333333304,0.19554804467798578,0.36864526624124294,0.701923076923077,1.0,0.0,0.0,0.0,0.0,0.0,0.0,0.0,0.0,0.0,0.0,0.0,0.0,0.0,0.0,5,"['bright', 'lesser', 'mixed', 'red', 'other']",0.05104166666666668,0.32395833333333335
US,"Just about every Dyer Cabernet requires aging. The 2009 bottling is tough with tannins, despite intense blackberry, cherry and oak flavors. The winemaker held it back from release even longer than the 2010, but it's still juvenile, with unintegrated oak, fruit and mineral notes. The window of drinkability is 2015–2025.",0.5811660107885219,0.6666666666666661,0.07524702278788518,0.5892702010890682,0.11538461538461539,0.0,0.0,0.0,0.34435838035849664,0.0,0.0,0.23682205522902658,0.2899799833479136,0.7860810508201599,0.0,0.0,0.0,0.0,0.3511706292288549,0.0,4,"['tough', 'intense', 'juvenile', 'unintegrated']",-0.10972222222222222,0.5208333333333334
US,"This has a soapy mouthfeel, often an indicator for a high pH wine. The apple and pear fruit flavors are mild but thin.",0.3283771284011352,0.22222222222222143,0.2317361569538697,0.32248660081149216,0.14423076923076925,0.0,0.0,0.0,0.0,0.0,0.0,0.5342133248610771,0.6541247642565923,0.0,0.0,0.0,0.0,0.0,0.0,0.5354782127473825,5,"['soapy', 'high', 'ph', 'mild', 'thin']",0.03111111111111109,0.63
Spain,"The mildly floral nose leads to a lean and acidic palate, with flavors of lemon and green apple.",0.265229661158644,0.11111111111111072,0.3018474071953404,0.2555538981867598,0.5288461538461539,0.0,0.0,0.0,0.0,0.0,0.0,0.49807719998508,0.0,0.0,0.867132690454594,0.0,0.0,0.0,0.0,0.0,4,"['floral', 'lean', 'acidic', 'green']",0.06666666666666665,0.4
US,"Very tannic, rough.",0.1394708524016972,0.0,0.5187514552992095,0.12752001272558267,0.10576923076923078,0.0,0.0,0.0,0.0,0.0,0.0,0.0,0.0,0.0,0.0,0.0,0.0,0.0,0.0,0.0,2,"['tannic', 'rough']",0.05,0.35
Italy,"This is a light and easy Prosecco Extra Dry with notes that recall cut grass and hay. There's not much in the way of flower or fruit aromas, although there is a hint of ripe banana and cardboard. It's tonic and lean with crisp freshness on the close.",0.21083699175912196,0.22222222222222143,0.39604974782815344,0.20796490506572374,0.6826923076923077,0.0,0.5154919462018432,0.0,0.0,0.51961269647392,0.0,0.0,0.4022236141729974,0.0,0.0,0.0,0.5499880573846576,0.0,0.0,0.0,5,"['light', 'easy', 'much', 'ripe', 'crisp']",0.1527777777777778,0.47500000000000003
US,"At the age of six-plus years, this Cab still is dominated by the 100% new French oak in which it was aged. The fruit flavor, too, is young and primary, offering sweetly ripe cherries and blackberries. Even the tannins are fresh. The suggestion is continued cellaring, and the statistics concerning alcohol, acidity and pH suggest ideal balance. Hold for at least a year and try again.",0.6099658443146826,0.6666666666666661,0.06466099312371563,0.6173440662774532,0.11538461538461539,0.4453096745428404,0.0,0.0,0.0,0.0,0.0,0.0,0.36036624513738624,0.48844246659232404,0.0,0.0,0.49275359309180017,0.0,0.43640957419430876,0.0,8,"['new', 'french', 'young', 'primary', 'ripe', 'fresh', 'ideal', 'least']",0.1984848484848485,0.4782828282828283
US,"Exotic and complex, this medium-bodied, structured wine is awash with aromas, from charcuterie and mixed nut to cedar and pencil. Anchoring it is a dusty tannic profile and a punch of oak.",0.6231179014167868,0.6666666666666661,0.060250147430311665,0.6301647474553473,0.11538461538461539,0.0,0.6291326050114268,0.0,0.0,0.0,0.0,0.0,0.0,0.6653607590112856,0.0,0.0,0.0,0.0,0.0,0.4018547320605569,7,"['exotic', 'complex', 'structured', 'charcuterie', 'mixed', 'dusty', 'tannic']",-0.05,0.5625
US,"The color of oxblood, this meaty, tannic wine pours espresso, black licorice and composted earth around tart blackberry fruit. It's aromatic, spicy and nicely balanced.",0.3851792266937255,0.4999999999999991,0.18928236645454305,0.3908069565442631,0.8365384615384616,0.0,0.0,0.7298202216404727,0.0,0.0,0.0,0.0,0.5289944203210042,0.0,0.0,0.0,0.0,0.0,0.0,0.43304427874513735,6,"['tannic', 'black', 'composted', 'tart', 'aromatic', 'balanced']",0.21666666666666667,0.7166666666666667
US,"As sweet as Port, with chocolate and prune flavors. Feels as hot as a chile pepper, with nearly 17% alcohol.",0.4878691556714132,0.05555555555555536,0.10409970689973859,0.4697697086346708,1.0,0.0,0.0,0.0,0.0,0.0,0.0,0.5024986150125038,0.0,0.0,0.0,0.0,0.0,0.8645780137792747,0.0,0.0,2,"['sweet', 'hot']",0.2333333333333333,0.6333333333333333
US,"This is a devastatingly good Bordeaux blend from Howell Mountain. Based on Cabernet, it has all the flavor you could ask for in blackberries, cherries, cassis, chocolate, herbs, spices and sweetly smoked oak. But the structure is awesome. Near perfect tannins, soft and intricately firm, and grand acidity make for a total Cabernet experience. Tremendous now, and should age for years.",0.6893130735699561,0.9444444444444438,0.04456048163502416,0.7065642984460834,0.06730769230769232,0.5622300827399005,0.0,0.0,0.0,0.0,0.0,0.0,0.0,0.6166878109886299,0.0,0.0,0.0,0.0,0.5509931740415089,0.0,8,"['good', 'awesome', 'perfect', 'soft', 'firm', 'grand', 'total', 'tremendous']",0.3883333333333333,0.7150000000000001
US,"What a roll St. Jean has been on with Chardonnay. This wine was made from a majority of Robert Young and Belle Terre vineyard fruit, and is two-thirds new French oak. The combination is mind-blowing. The vineyards contribute concentrated spicy, tropical fruit flavors and perfect acid balance, while the oak provides elaborate seasoning. Absolutely delicious. One of the most satisfying Chards of the vintage.",0.4636258741465087,0.8888888888888884,0.14175490480842862,0.48424409241063526,0.14423076923076925,0.0,0.0,0.0,0.0,0.0,0.0,0.22929706879512357,0.5615318229261415,0.7611034395176594,0.0,0.0,0.0,0.0,0.0,0.22983998876957332,8,"['new', 'french', 'concentrated', 'tropical', 'perfect', 'elaborate', 'delicious', 'satisfying']",0.46704545454545454,0.6693181818181818
US,"This is a pure Cab Franc, stylish and varietal. The new oak was limited to just 30%, giving a kick to the natural toastiness of the grape. The fruit mixes blueberries, black cherry and a streak of cassis, then runs into luscious mocha and espresso, with highlights of black pepper and cedar. The tannins have been beautifully managed.",0.3851792266937255,0.5555555555555554,0.19157468775580258,0.3933125740495591,0.09615384615384616,0.0,0.0,0.7558238032999328,0.32528827101805313,0.0,0.0,0.0,0.2739212773474157,0.3712744635910165,0.0,0.0,0.0,0.0,0.3317232666016559,0.0,7,"['pure', 'varietal', 'new', 'natural', 'black', 'luscious', 'black']",0.17448593073593074,0.545508658008658
US,"The 79% Syrah component is estate-grown; while the 21% Grenache comes from the Lonesome Springs vineyard. What a lovely nose, with the bright and grapey Grenache shining through and adding pretty floral scents, while the Syrah fills in the berries and peppery tannins. This is still quite purple and youthful, fresh and just a bit volatile.",0.35445387266905204,0.44444444444444375,0.215807798654832,0.35832948395479236,0.8365384615384616,0.0,0.0,0.0,0.0,0.0,0.0,0.0,0.0,0.0,0.0,0.0,0.0,0.0,1.0,0.0,9,"['grown', 'lovely', 'bright', 'pretty', 'floral', 'purple', 'youthful', 'fresh', 'volatile']",0.33,0.71
US,"This is a challenging Zin. It's fruity but it's also earthy and mushroomy, with a blast of vanilla oak. Right now it's pretty tannic, but beneath that roughness is a core of fruit. It's austere now—difficult even—but some time in the cellar could soften and open it.",0.4057988371578959,0.33333333333333304,0.16550771981576556,0.403213276425757,1.0,0.0,0.0,0.0,0.0,0.0,0.0,0.0,0.5936914468137049,0.8046927773878984,0.0,0.0,0.0,0.0,0.0,0.0,5,"['challenging', 'earthy', 'tannic', 'austere', 'difficult']",0.2589285714285714,0.7589285714285714
US,"Smooth and dry, with appealing flavors of blackberries, cherries, currants and cedar, and a fine, spicy finish. Shows amazing style and elegance for the price. A real sommelier's bargain, with 2,853 cases produced.",0.11754013664201335,0.44444444444444375,0.6307834490771304,0.12752001272558267,0.11538461538461539,0.0,0.0,0.0,0.0,0.6592133904936107,0.625909949047277,0.41674265617711026,0.0,0.0,0.0,0.0,0.0,0.0,0.0,0.0,5,"['smooth', 'dry', 'fine', 'amazing', 'real']",0.34166666666666673,0.5499999999999999
Spain,"This is a nice, traditionally styled Rioja. Delivers smooth, earthy, leathery aromas and then spicy dry fruit that's right out of Rioja 101. With good acidity, it's a very respectable table wine from a weak vintage.",0.35445387266905204,0.3888888888888884,0.21318800288196396,0.35576674511558415,0.8557692307692308,0.48436984333403865,0.5023580788425901,0.0,0.0,0.5063738393318142,0.0,0.0,0.3919756333146523,0.0,0.0,0.0,0.0,0.0,0.0,0.3208782529528549,8,"['nice', 'smooth', 'earthy', 'leathery', 'dry', 'good', 'respectable', 'weak']",0.2742559523809524,0.6575892857142858
Italy,"Bold and full bodied, this offers aromas of steeped plum, prune, clove and blue flower. The concentrated, savory palate doles out mature blackberry, raisin, clove and licorice. Big but velvety tannins and just enough freshness give this a surprisingly drinkable quality that belies its heft.",0.3703290190294001,0.5555555555555554,0.20532861556335982,0.37883992017057655,0.6730769230769231,0.0,0.5658077853969493,0.0,0.0,0.0,0.0,0.0,0.0,0.0,0.6277079383609886,0.0,0.0,0.0,0.5346440817055745,0.0,10,"['bold', 'full', 'bodied', 'steeped', 'blue', 'concentrated', 'mature', 'big', 'enough', 'drinkable']",0.19791666666666666,0.3145833333333334
US,"Smells very earthy and funky, with a strong hit of green pepper. More bell pepper and some cracked black pepper appear on the palate, which features some currant, licorice and lots of oak. Bright acidity helps it along, but it just can't escape its vegetal core, which holds it back.",0.3703290190294001,0.33333333333333304,0.19554804467798578,0.36864526624124294,0.11538461538461539,0.45770112955371844,0.0,0.5110092477230834,0.0,0.0,0.0,0.0,0.0,0.5020341606339922,0.5266316799275005,0.0,0.0,0.0,0.0,0.0,8,"['earthy', 'funky', 'strong', 'green', 'more', 'black', 'bright', 'vegetal']",0.20952380952380953,0.43809523809523804
US,"Extraordinarily rich and ripe, showing sweet raspberry and cherry fruit flavors, enhanced with the vanilla and buttered toast of oak barrels. Brilliant acidity and wonderfully soft tannins make this Pinot instantly drinkable, yet it should age over the next 6–8 years.",0.5652908644281741,0.7777777777777777,0.08377009170228254,0.5786191581794045,0.6346153846153847,0.33224467862850676,0.0,0.0,0.3192880348634166,0.0,0.0,0.2195806837855158,0.26886855181654973,0.3644259705520269,0.0,0.3878702791193817,0.36764249361502965,0.3778013028888692,0.32560433113752746,0.0,7,"['rich', 'ripe', 'sweet', 'brilliant', 'soft', 'drinkable', 'next']",0.28750000000000003,0.5694444444444444
US,"Chris Dowsett makes just a single Gewürztraminer each year, always from Celilo vines planted in 1982. 2010 was the coolest vintage in two decades at this high-altitude site. If you love searing acidity, married to varietal spice, rose petals, lemons, grapefruit, star fruit and gooseberries, you are in for a treat. Fermented in neutral French oak and left on the lees, this could age for decades.",0.2989628796719753,0.6111111111111107,0.28868575379097944,0.3117710082023244,0.3076923076923077,0.5915207383180271,0.0,0.0,0.0,0.0,0.0,0.0,0.4786873485454777,0.6488155658445599,0.0,0.0,0.0,0.0,0.0,0.0,6,"['single', 'coolest', 'high', 'varietal', 'neutral', 'french']",0.2130952380952381,0.3357142857142857
US,"This wine's judiciously restrained nose shows black fruits and dried herbs, with asphalt and focused rather than exuberant fig and plum aromas. There is lots of minty lift at the tip of the palate, which opens toward Mission figs, fudge and mocha.",0.3703290190294001,0.7222222222222214,0.21266404372739037,0.38619294047237296,1.0,0.0,0.5131513358361205,0.5524028933193948,0.0,0.0,0.0,0.0,0.0,0.0,0.5692908005125784,0.0,0.0,0.0,0.0,0.3277723820484485,4,"['black', 'dried', 'exuberant', 'minty']",-0.10555555555555556,0.6444444444444444
US,"This Chardonnay has brisk, crisp acidity and flavors of pineapple, orange and mango. There are dominating notes of buttered toast and sweet butterscotch.",0.3703290190294001,0.22222222222222143,0.19065775923529876,0.36336876892675485,0.14423076923076925,0.6052468033797274,0.0,0.0,0.0,0.0,0.0,0.400007932388041,0.0,0.0,0.0,0.0,0.0,0.6882368495113192,0.0,0.0,4,"['brisk', 'crisp', 'buttered', 'sweet']",0.3,0.5333333333333333
US,"This wine from one of Anderson Valley's pioneers has a lighter-than-usual color and plenty of red cherry, raspberry and turned earth aromas. It offers low-level fruit flavors and good balance of acidity versus ripeness.",0.3283771284011352,0.3888888888888884,0.24053867075070634,0.3303549103615069,0.6346153846153847,0.4698558481395364,0.4873050716362507,0.0,0.4515327409932661,0.0,0.0,0.3105279784795648,0.3802302025522185,0.0,0.0,0.0,0.0,0.0,0.0,0.311263233592192,5,"['lighter', 'usual', 'red', 'low', 'good']",0.26666666666666666,0.20000000000000004
Italy,"This red Passito dessert wine from Tuscany offers bittersweet aromas of wild cherry, raspberry, cassis and cola. It makes a simple but clean impression in the mouth and would pair with chocolate brownies or cherry pie.",0.3851792266937255,0.33333333333333304,0.18240540255076443,0.38311767877213576,0.6923076923076923,0.0,0.454438369092855,0.0,0.8421574670668458,0.0,0.0,0.0,0.0,0.0,0.0,0.0,0.0,0.0,0.0,0.29026982164837706,5,"['red', 'bittersweet', 'wild', 'simple', 'clean']",0.11333333333333333,0.2914285714285715
US,"Deeply flavored and impressive, this intensely young, Cabernet-based Bordeaux blend hails from Mount Veeder. It has all the hallmarks of a wine that needs time in the cellar. The sweetly extracted black currant and licorice fruit is massive, and so is the cedary oak, which is 80% new French, while considerable mountain tannins give a hard, astringent mouthfeel. Solidly in the modern Napa style, this opulent wine should improve over the next six years, at least.",0.5139458999393303,0.7777777777777777,0.10839617196724217,0.5285701692411402,0.06730769230769232,0.0,0.0,0.46277718353123226,0.0,0.0,0.0,0.0,0.33543404345473027,0.4546492180520479,0.0,0.0,0.0,0.0,0.4062162592907268,0.5491845956570711,13,"['impressive', 'young', 'black', 'massive', 'cedary', 'new', 'considerable', 'hard', 'astringent', 'modern', 'opulent', 'next', 'least']",0.08057359307359309,0.4378246753246753
Italy,"This wine boasts an oak-driven character, with aromas of espresso, coffee and toasted almond. The palate shows red and black fruit layered with accents of oak, chocolate and black pepper. Technically well made, it's shy on personality and length.",0.34608573750449545,0.33333333333333304,0.21891274179304598,0.3450195320980023,0.6923076923076923,0.0,0.28447619770687227,0.6124722424729778,0.0,0.0,0.0,0.0,0.22196863642763384,0.6017151148077955,0.3155982865277777,0.0,0.0,0.0,0.0,0.18170748948073487,4,"['red', 'black', 'black', 'shy']",-0.16666666666666666,0.29333333333333333
US,"A little too soft in both acidity and tannins to have perfect structure, but it's fine enough, and the flavors certainly are complex and compelling. They range from blackberry tart and cherry pie through Dr. Pepper cola and anise liqueur to bacon and sandalwood. If that sounds good, it is. Ready now.",0.43069860516750114,0.5555555555555554,0.15454488212007156,0.43767659663470737,0.6923076923076923,0.5487599375918745,0.0,0.0,0.5273597843876722,0.0,0.0,0.3626757329204732,0.0,0.0,0.0,0.0,0.0,0.0,0.5377922474853534,0.0,8,"['little', 'soft', 'perfect', 'fine', 'complex', 'compelling', 'good', 'ready']",0.2443452380952381,0.5521428571428573
France,"This is a well-balanced wine that is both crisp and breezy and full of delicious red-berry fruits. It has a tight texture, with some minerality and a tangy aftertaste. This should make for an excellent apéritif.",0.21083699175912196,0.5555555555555554,0.42539146048427556,0.22343012851033972,0.7403846153846154,0.0,0.0,0.0,0.0,0.0,0.0,0.0,0.0,0.0,0.0,0.0,0.0,0.0,0.0,1.0,8,"['crisp', 'breezy', 'full', 'delicious', 'red', 'tight', 'tangy', 'excellent']",0.4842857142857143,0.6504761904761904
Italy,"Ero is packed tight with bright berry, cassis and white almond. That all-Sicilian jamminess you sometimes find in this variety is absent here.",0.3283771284011352,0.44444444444444375,0.24347284201631858,0.33291752373343897,0.5576923076923077,0.0,0.0,0.0,0.0,0.0,0.0,0.0,0.0,0.0,0.0,0.0,0.0,0.0,0.0,0.0,4,"['bright', 'white', 'sicilian', 'absent']",0.17380952380952383,0.3619047619047619
US,"An evenly dispersed nose of sage bark, cherry compote and lightly toasted cedar introduces this bottling by Fred Brander, a Santa Ynez Valley winemaking pioneer now actively trying to create a new Los Olivos District appellation. The flavors are balanced between cherry fruit and oak, with smooth tannins throughout.",0.4878691556714132,0.6111111111111107,0.11877056322779964,0.4958778102427328,0.11538461538461539,0.0,0.0,0.0,0.7290945681755644,0.0,0.0,0.25070636281873265,0.3069808124293377,0.416083546233186,0.0,0.0,0.0,0.0,0.37175891872735106,0.0,2,"['new', 'smooth']",0.20075757575757577,0.5636363636363636
US,"Heavy and sweet, this wine has melted cherry-jam and Dr. Pepper flavors and some heat from the alcohol.",0.5139458999393303,0.22222222222222143,0.09529719310290195,0.5033431977633811,0.6346153846153847,0.0,0.0,0.0,0.5464996995512307,0.0,0.0,0.37583863036825504,0.0,0.0,0.0,0.0,0.0,0.6466521634835218,0.0,0.37672852530092454,2,"['heavy', 'sweet']",0.07499999999999998,0.575
Italy,"This 80-20 blend of Sangiovese and Syrah from coastal Tuscany opens with bright fruit, a somewhat lean texture and delivers lively berry notes of wild strawberry and white cherry. A good value, the wine would pair well with pizza or pasta.",0.11754013664201335,0.22222222222222143,0.6014417364210083,0.11709636135637469,0.6923076923076923,0.0,0.0,0.0,0.676616528681925,0.0,0.0,0.0,0.5697705091882674,0.0,0.0,0.0,0.0,0.0,0.0,0.46642431323180833,7,"['coastal', 'bright', 'lean', 'lively', 'wild', 'white', 'good']",0.32727272727272727,0.45999999999999996
US,"Consistent with the rather lean house style this opens with herbal aromas set against firm, varietal cassis and blue plum fruit. The grapes come from a block planted in 1985. Some barrel spice adds cinnamon to the nose, and there's a touch of Cab Franc (6%) in the blend, which stiffens up the tannins. Retasting this wine after it has spent a few extra months in bottle, it's smoothed out a bit, and the sweet black- cherry fruit has moved forward. This should age really well.",0.35445387266905204,0.4999999999999991,0.21842759442770004,0.3608632763551245,0.11538461538461539,0.0,0.3545371903025257,0.38165616268606906,0.3285111496661096,0.0,0.0,0.0,0.5532704481337705,0.0,0.0,0.0,0.0,0.38871466138863764,0.3350099016520008,0.22645853430523827,10,"['consistent', 'lean', 'herbal', 'firm', 'varietal', 'blue', 'few', 'extra', 'sweet', 'black-']",0.014814814814814815,0.2592592592592593
US,"The 2007 vintage was a fabulous one for Williams Selyem, and the Zinfandels benefited from the cool, balanced growing season. The Papera is a big, rich, jammy wine, but also a drily elegant one. It offers waves of raspberry, Fig Newton, red currant and Canadian bacon flavors, with superfine tannins. An exuberant Zinfandel now and for the next six years.",0.47847608181083434,0.7777777777777777,0.1289179055213752,0.493996843367865,1.0,0.0,0.0,0.0,0.0,0.0,0.0,0.3695149916189838,0.0,0.0,0.0,0.6527162611354675,0.0,0.0,0.5479338146560808,0.37038991370526575,10,"['fabulous', 'cool', 'balanced', 'big', 'rich', 'elegant', 'red', 'canadian', 'exuberant', 'next']",0.21749999999999997,0.53
US,"Complicated, at times confusingly dank aromas of mushrooms, hops, dill and other wet herbs emerge from this bottling. Those atypical varietal characters find their way onto the palate as well, with olive and stewed mushrooms leading the way.",0.4878691556714132,0.22222222222222143,0.1085009637981569,0.4779260385217481,0.11538461538461539,0.0,0.6695337343355647,0.0,0.0,0.0,0.0,0.0,0.0,0.0,0.7427816493335533,0.0,0.0,0.0,0.0,0.0,5,"['complicated', 'other', 'wet', 'atypical', 'varietal']",-0.20500000000000002,0.475
France,"Still way too young, this is developing into a substantial and structured wine. Full of both fruit and tannins, it is dark and dense, very dry at this stage but with the most enticing perfumes. The Grand Cru, split between Chambolle-Musigny and Morey Saint-Denis, is known for its structure and this wine is a great example. Drink from 2020.",0.9999999999999999,0.7222222222222214,0.0,1.0000000000000002,0.6346153846153847,0.0,0.0,0.0,0.0,0.4948209146032706,0.0,0.0,0.3830327049179505,0.0,0.0,0.0,0.0,0.0,0.4638590376077239,0.62711482414631,9,"['young', 'substantial', 'structured', 'full', 'dark', 'dense', 'dry', 'enticing', 'great']",0.28761904761904766,0.6257142857142857
US,"This is a great Napa Valley Merlot, from a winery with a generally good track record with the variety. The grapes were grown in the Coombsville region, although they were allowed to get very ripe, resulting in fairly high alcohol and rich cherry, berry, dark chocolate and anise flavors. It's notable for grippy tannins that give it a firm, dry mouthfeel.",0.44775072778616076,0.6666666666666661,0.14594657804501748,0.45922579099243266,0.4903846153846154,0.0,0.0,0.0,0.39229586613204526,0.4267595868967573,0.0,0.26978961040101124,0.0,0.0,0.0,0.47656000375681534,0.45170696897974477,0.0,0.40005643542070934,0.0,10,"['great', 'good', 'ripe', 'high', 'rich', 'dark', 'notable', 'grippy', 'firm', 'dry']",0.2575925925925926,0.5377777777777778
US,"This is a silly name, and it's not a very good wine. Acids and tannins dominate, making it astringent and bitter, and the cherry fruit is thin and rather overripe.",0.5298210462996781,0.11111111111111072,0.08551662221752793,0.5134124148645229,0.7692307692307693,0.0,0.0,0.0,0.5569091799578632,0.0,0.0,0.0,0.46896641389229,0.0,0.0,0.0,0.0,0.0,0.5679262021895003,0.38390428076055205,5,"['silly', 'good', 'astringent', 'bitter', 'thin']",-0.3173076923076923,0.6716346153846154
US,"Though not planted until 2001, the east-facing Lone Oak Vineyard is adjacent to the legendary vines of Garys' and Rosella's. The nose conveys lemon-lime soda and white rock minerality, and flavors combine baked apple, yeasty bread and lime. Bright acidity exhilarates the tongue, making a perfect partner for a lunch of shellfish, halibut or chicken salad.",0.4636258741465087,0.5555555555555554,0.13197433392305458,0.4697697086346708,0.14423076923076925,0.6154700621091921,0.0,0.0,0.0,0.0,0.0,0.40676448948806343,0.0,0.6750846263534833,0.0,0.0,0.0,0.0,0.0,0.0,7,"['adjacent', 'legendary', 'white', 'baked', 'yeasty', 'bright', 'perfect']",0.42000000000000004,0.75
US,"A gorgeously salmon-colored rosé made predominantly from Grenache (62%) co-fermented dry with Viognier (58%) out of Yolo County. The wine has a delicately pretty nose of peach and a light-medium body despite its 14.8% alcohol, though the finish falls off fast.",0.2527888823873867,0.33333333333333304,0.3357362273683469,0.25411033635148494,0.7403846153846154,0.0,0.0,0.0,0.0,0.6589421559524606,0.6256524172673112,0.0,0.0,0.0,0.0,0.0,0.0,0.0,0.0,0.41755752642754856,2,"['dry', 'light']",0.2708333333333333,0.775
France,"The most impressive of the fine range of wines from this producer, the wine is structured and dense without ever losing sight of balance, fruit and acidity. That makes for a wine that has a dusty texture coupled with a dry center of fruit and wood tannins. The acidity and the juicy berry fruits give freshness. Everything is ready for long aging. Drink from 2019.",0.5298210462996781,0.833333333333333,0.10141004990626072,0.5464178649053661,0.42307692307692313,0.6193309548780154,0.0,0.0,0.0,0.3237329880819403,0.0,0.0,0.501192728264589,0.0,0.0,0.0,0.0,0.0,0.3034764050221272,0.4102853171720474,8,"['impressive', 'fine', 'dense', 'dusty', 'dry', 'juicy', 'ready', 'long']",0.18749999999999997,0.525
US,"Searing acidity marks this wine, which tastes like it has a lot of Edna Valley fruit in the blend. It also shows bright, strong, long hangtime flavors of limes and pineapples. It's actually quite a fine Chardonnay, dry and low in alcohol. A great value at this price.",0.21083699175912196,0.4999999999999991,0.42050117504158857,0.22092550180293036,0.14423076923076925,0.5253378304064874,0.0,0.0,0.0,0.5492029237371895,0.0,0.34719604989681957,0.4251289208269698,0.0,0.0,0.0,0.0,0.0,0.0,0.34801812612975846,7,"['bright', 'strong', 'long', 'fine', 'dry', 'low', 'great']",0.2791666666666667,0.5229166666666667
US,"This elegant effort is 46% Cab Sauvignon, 36% Merlot and 18% Cab Franc; still wrapped up tight and showing tart cassis and berry fruit. There is a lot of the classic Ciel minerality underlying the fruit, with hard tannins and lightly peppery herbal details. At just 14.1% alcohol, this is a classic example of how Washington brings bright New World fruit and terroir to a style that retains the elegance of the Old World.",0.43652419118256935,0.6111111111111107,0.15214676137413852,0.44583262234106225,0.6923076923076923,0.0,0.0,0.0,0.0,0.0,0.0,0.0,0.9272978147887132,0.0,0.0,0.0,0.0,0.0,0.37432440835200337,0.0,7,"['elegant', 'tart', 'classic', 'hard', 'herbal', 'classic', 'bright']",0.1332732082732083,0.4572510822510822
Italy,"Pretty notes of Italian espresso, chocolate and spice revolve around a core of solid black fruit. This is an elegant and refined wine that boats a traditional style that is never overdone or too powerful. In fact, it showcases its delicate berry nuances very nicely in the mouth. Drink after 2014.",0.6231179014167868,0.7222222222222214,0.06106519500409284,0.6325896553042607,0.7788461538461539,0.0,0.0,0.7298202216404727,0.0,0.0,0.0,0.0,0.5289944203210042,0.0,0.0,0.0,0.0,0.0,0.0,0.43304427874513735,10,"['pretty', 'italian', 'solid', 'black', 'elegant', 'refined', 'traditional', 'overdone', 'powerful', 'delicate']",0.15148148148148147,0.6870370370370371
US,"Strong , complex aromas, with notes of tropical fruit and coconut. In the mouth, it's oaky and spicy, with penetrating, bright, effusive flavors that you might go so far as to call racy. The alcohol content is high and it drinks a little soft, but this is a very seductive wine. A crowd-pleaser, for sure.",0.34608573750449545,0.4999999999999991,0.22706321753085768,0.3527083014356438,0.14423076923076925,0.0,0.6424413545202993,0.0,0.0,0.0,0.0,0.4093862894572456,0.5012786046674161,0.0,0.0,0.0,0.0,0.0,0.0,0.4103556171288993,10,"['strong', 'complex', 'tropical', 'bright', 'effusive', 'high', 'little', 'soft', 'seductive', 'sure']",0.18953703703703703,0.6124691358024692
Italy,"A blend of Merlot, Cabernet and Refosco that's aged in French oak, this opens with bold, black intensity, bearing notes of dark fruit, ripe blackberry and sweet spice. The mouthfeel is chewy and soft, with a touch of pulpy sweetness on the close.",0.27703216391229124,0.44444444444444375,0.3080246098597872,0.28288549199668633,0.6923076923076923,0.0,0.0,0.4708720422604215,0.0,0.0,0.0,0.0,0.3413014269199385,0.46260190310748844,0.0,0.0,0.4666849537421077,0.479580534417287,0.0,0.0,8,"['aged', 'french', 'bold', 'black', 'dark', 'ripe', 'sweet', 'soft']",0.05238095238095237,0.41428571428571426
US,"Baking spice and toasted wood add warmth to preserved black cherry and plum flavors in this bold, lushly textured Cabernet Franc. The tannins are quite soft, but the dense fruit profile gives it weight and body.",0.2527888823873867,0.33333333333333304,0.3357362273683469,0.25411033635148494,0.09615384615384616,0.0,0.0,0.5433516619398525,0.46769080808391106,0.0,0.0,0.3216402001509275,0.3938367133651739,0.0,0.0,0.0,0.0,0.0,0.4769428732601084,0.0,4,"['black', 'bold', 'soft', 'dense']",0.09166666666666667,0.4375
US,"This extremely limited (47 cases) Syrah is dedicated to the owners' daughter Jaden, who is pictured on the label. Very classy Wahluke Slope fruit sends up citrus, spice, pineapple and lime aromas over bright, sappy raspberry and cherry fruit.",0.5097998714310973,0.7222222222222214,0.10930119232514204,0.5221300811693945,0.8365384615384616,0.0,0.48258717832816816,0.0,0.4471611811201884,0.0,0.0,0.0,0.7530979308247069,0.0,0.0,0.0,0.0,0.0,0.0,0.0,4,"['limited', 'classy', 'bright', 'sappy']",0.2528571428571429,0.6476190476190475
US,"Bold and striking aromas of mushroom, seaweed and organic funk set this apart from the other Ken Wright vineyard designates. There's plenty of tart, tangy cherry fruit also, though it seems to hit a wall, perhaps due to the recent bottling. This is a wine that could score even higher with additional bottle age.",0.4878691556714132,0.6111111111111107,0.11877056322779964,0.4958778102427328,0.6346153846153847,0.0,0.5897279024885707,0.0,0.5464368662463662,0.0,0.0,0.0,0.4601478065085738,0.0,0.0,0.0,0.0,0.0,0.0,0.3766852112820865,9,"['bold', 'striking', 'organic', 'other', 'tart', 'tangy', 'due', 'recent', 'additional']",0.13888888888888887,0.5277777777777778
US,"This is ripe and pungent, a rich and fruit-driven mix of fig, peach and melon. There are interesting herbal highlights, and more acidity than in the past. The thyme and rosemary streak continues into and through the finish, while the fruit maintains its power and polish, with just the lightest barrel influence perceptible in a kiss of toast.",0.27703216391229124,0.6111111111111107,0.31902775210583295,0.2904013954834763,0.8461538461538463,0.3728819487555948,0.0,0.0,0.0,0.0,0.3701275038989951,0.0,0.6035084141862169,0.0,0.0,0.4353111873437308,0.4126093156117036,0.0,0.0,0.0,9,"['ripe', 'pungent', 'rich', 'interesting', 'herbal', 'more', 'rosemary', 'lightest', 'perceptible']",0.28125,0.5
France,"Clos de la Chapelle surrounds an old chapel in the Morgeot Premier Cru. This 2010 is full, ripe and intense, with yellow fruit and toast flavors that combine with tight acidity to create richness and structure. Complex, concentrated and age worthy.",0.6099658443146826,0.7777777777777777,0.0663869762211346,0.622167915816547,0.14423076923076925,0.5491433760302817,0.0,0.0,0.0,0.0,0.0,0.36292914758716605,0.4443935260675824,0.0,0.0,0.0,0.6076498830600882,0.0,0.0,0.0,8,"['old', 'full', 'ripe', 'intense', 'yellow', 'tight', 'concentrated', 'worthy']",0.07210884353741495,0.4908163265306122
France,"A refined and complex Syrah from the “Grand Cru” of Minervois la Liviniere. Raspberry, blueberry, rosemary and thin mint flesh out the velvety texture, supported by a solid backbone of gripping tannins and balanced acidity. Coffee and cocoa notes develop on the lush, lingering finish.",0.46868318446685076,0.5555555555555554,0.12878501732999784,0.4746990051452098,0.8365384615384616,0.5826465573886348,0.0,0.0,0.0,0.0,0.5783426005503634,0.0,0.0,0.0,0.0,0.0,0.0,0.0,0.5710015985545179,0.0,7,"['refined', 'complex', 'rosemary', 'thin', 'solid', 'balanced', 'lush']",0.06666666666666667,0.6083333333333333
US,"Firm and compact, it mixes wild berry, plum and cassis fruits, giving this Cab-dominated blend the sleek appeal of a good St. Emilion, but without the aggressive herbaceousness. There is no obvious new oak here, but lovely suggestions of barrel that never override the superb fruit.",0.4878691556714132,0.5555555555555554,0.11730347759499354,0.49339956215833713,0.6923076923076923,0.0,0.0,0.0,0.0,0.0,0.0,0.0,0.5936914468137049,0.8046927773878984,0.0,0.0,0.0,0.0,0.0,0.0,9,"['firm', 'compact', 'wild', 'sleek', 'good', 'aggressive', 'obvious', 'new', 'lovely']",0.3194805194805195,0.5863636363636363
US,"No, that's not a typo. The ??? Vineyard bottling conceals (intentionally) the fruit sources for these grapes, which come from one of Oregon's most expensive and highly-reviewed producers. It's crystal-clear in both appearance and flavor, building upon a cranberry/raspberry base into a potent young wine with expressive purity. A streak of gun metal, often found in consulting winemaker Robert Brittan's own wines, adds a stylish note to the finish.",0.5097998714310973,0.7777777777777777,0.11063490653678396,0.5245288753748705,0.6346153846153847,0.0,0.0,0.0,0.0,0.0,0.6884147979808996,0.0,0.5612445963285593,0.0,0.0,0.0,0.0,0.0,0.0,0.45944484871735125,7,"['expensive', 'clear', 'potent', 'young', 'expressive', 'own', 'stylish']",0.2125,0.7625
Italy,"Some wines have a personality that makes you want to smile. This is one of them. A big, rich, friendly wine full of fruit that was approachable and easy to drink. It is not particularly serious, nor should it be put down for long aging. But drink it now with a burger or roast chicken and it will give pleasure.",0.3625283276957145,0.2777777777777777,0.20026969958816634,0.35842047107227915,0.20192307692307693,0.0,0.0,0.0,0.0,0.0,0.0,0.0,0.516312740249615,0.0,0.0,0.7448337312805215,0.0,0.0,0.0,0.42266282898152957,8,"['big', 'rich', 'friendly', 'full', 'approachable', 'easy', 'serious', 'long']",0.11944444444444442,0.513888888888889
Italy,"A bouquet dominated by banana with some spicy vanilla notes and more banana in the mouth. Has more persistence than most Grigios, with a lean, spicy finish. Imported by Opici Import Company.",0.2256871994234474,0.3888888888888884,0.38412967706160384,0.2302978710389545,0.6153846153846154,0.0,0.0,0.0,0.0,0.0,1.0,0.0,0.0,0.0,0.0,0.0,0.0,0.0,0.0,0.0,6,"['spicy', 'more', 'more', 'most', 'lean', 'spicy']",0.5,0.5
Italy,"This is a syrupy, rich, meaty wine that opens with impressive intensity and extraction. It's a bruiser and a pleaser that delivers aromas of cherry liqueur, blackberry jam and exotic spice. It's also a masculine, opulent wine that could use a few more years of cellar aging.",0.4878691556714132,0.6111111111111107,0.11877056322779964,0.4958778102427328,0.7788461538461539,0.0,0.45846626748719665,0.0,0.42481094997913443,0.0,0.0,0.0,0.0,0.0,0.0,0.5160592435349534,0.0,0.0,0.0,0.585685235870186,7,"['rich', 'impressive', 'exotic', 'opulent', 'few', 'more', 'cellar']",0.3791666666666667,0.6083333333333333
US,"A beautiful Chardonnay, notable for its elegant structure. Perfect acidity and just a hint of tannins, much of it from oak barrels, provide the framework for the pineapple and kiwi fruit flavors, enriched with notes of cream and buttered toast.",0.43652419118256935,0.7222222222222214,0.1558144754561538,0.4507082010541823,0.14423076923076925,0.484774657908264,0.0,0.0,0.0,0.0,0.0,0.3203878277442873,0.3923032289552371,0.5317300368406505,0.0,0.0,0.0,0.0,0.4750857978891369,0.0,5,"['beautiful', 'notable', 'elegant', 'perfect', 'much']",0.6100000000000001,0.74
France,"This is a ripe, warm, full-bodied Crémant. It has a creamy, rich mousse, soft citrus and light acidity. The wine is forward, fruity and fresh, lightly tangy at the end.",0.2527888823873867,0.33333333333333304,0.3357362273683469,0.25411033635148494,0.8173076923076924,0.4983722256401776,0.0,0.0,0.0,0.0,0.0,0.0,0.0,0.0,0.0,0.5818114982679443,0.5514695029553636,0.0,0.0,0.33015434648635184,10,"['ripe', 'warm', 'full', 'bodied', 'creamy', 'rich', 'soft', 'light', 'fresh', 'tangy']",0.29642857142857143,0.6
France,"Fine ripe fruit shows on this full-flavored wine, but there is as much of the vanilla, toast and spice character as there is of the peach note. The texture, though, is all fruit, tight apple skins with final fresh acidity.",0.5988746198918823,0.7222222222222214,0.06948735326649826,0.6089572416697717,0.14423076923076925,0.4350776543912425,0.0,0.0,0.0,0.0,0.0,0.0,0.7041719936451549,0.0,0.0,0.0,0.48143143913351577,0.0,0.0,0.28822388420992173,6,"['fine', 'ripe', 'much', 'tight', 'final', 'fresh']",0.14761904761904762,0.49714285714285716
France,"A ripe and spicy blend of Syrah, Cabernet Sauvignon and Merlot, this has ripe black fruits that are laced with firm, dry tannins. There is a herbal character that gives it an edge.",0.27703216391229124,0.3888888888888884,0.30435689577777186,0.28032317133396,0.6923076923076923,0.0,0.0,0.3899453878588551,0.0,0.365133077040979,0.0,0.0,0.0,0.0,0.0,0.0,0.7729558307231622,0.0,0.3422860124066711,0.0,7,"['ripe', 'spicy', 'ripe', 'black', 'firm', 'dry', 'herbal']",-0.14444444444444446,0.4777777777777778
Spain,"Aromas of raw oak, cinnamon, bacon and clove outmuscle fruit on this rough, tannic, scraping 2013. Flavors of toast, chocolate and baking spices push blackberry and black-plum fruit towards an oaky, abrasive finish with rocky tannins and accents of chocolate and cinnamon. Holding this for another couple of years may or may not soften this fierce but tasty RDD.",0.43652419118256935,0.5555555555555554,0.15031290433313088,0.44335451114142166,0.8557692307692308,0.0,0.3551654954155357,0.3823325276062706,0.0,0.0,0.3399182414591503,0.2263239800619285,0.5542509451336569,0.37561744808951364,0.0,0.0,0.0,0.0,0.3356036008177705,0.0,8,"['raw', 'rough', 'tannic', 'black', 'abrasive', 'rocky', 'fierce', 'tasty']",-0.1653846153846154,0.4307692307692308
France,"Ripe and soft, with smooth toast-inspired texture and blackberry fruits on the rich side. It is still young, needing another year to pull firmly together, but its elegance already shows.",0.44775072778616076,0.4999999999999991,0.1407069864992814,0.4517907546916591,0.09615384615384616,0.0,0.0,0.0,0.0,0.0,0.0,0.0,0.0,0.0,0.0,0.7257784833281256,0.6879284796677093,0.0,0.0,0.0,5,"['ripe', 'soft', 'smooth', 'rich', 'young']",0.15499999999999997,0.48
France,"Even though it is weighty, very full and dense, the wine has a fine balance, with acidity that cuts through the richness.",0.23963682528528263,0.44444444444444375,0.36498205207461243,0.246450305069861,0.06730769230769232,0.8336632799340609,0.0,0.0,0.0,0.0,0.0,0.0,0.0,0.0,0.0,0.0,0.0,0.0,0.0,0.5522730626144858,4,"['weighty', 'full', 'dense', 'fine']",0.4358333333333333,0.6075
Italy,"Aged in new barriques, this opens with aromas of oak and oak-driven spices and a whiff of savory herbs. The palate is dominated by oak, vanilla and coffee that muffle the dried dark-cherry and mineral flavors. It has a linear quality but lacks fruit richness and is still in the vice-like grip of wood tannins.",0.43652419118256935,0.3888888888888884,0.14481133321010797,0.43575156707215146,0.5384615384615385,0.0,0.2576543258812105,0.0,0.23874031026042106,0.0,0.0,0.16418642369913605,0.20104029738355822,0.8174735014460885,0.28584206488996994,0.0,0.0,0.0,0.24346317603527867,0.0,6,"['new', 'savory', 'dark', 'linear', '-', 'like']",-0.05454545454545456,0.48484848484848486
France,"This wine manages to combine some of the delicacy and elegance of Margaux with the richness of 2003. Under the direction of Claire Villars (also of Château Ferrière classed growth), there is a confidence in this estate and its vineyards which lie adjacent to Château Margaux. Great acidity and black fruits finish the ensemble.",0.23963682528528263,0.6666666666666661,0.3822418830488019,0.2564155973324229,0.06730769230769232,0.5219499031686141,0.0,0.5827410293424364,0.0,0.0,0.5180943069645516,0.0,0.0,0.0,0.0,0.0,0.0,0.0,0.0,0.34577374162031566,3,"['adjacent', 'great', 'black']",0.3166666666666667,0.5916666666666667
US,"A bit too oaky and extracted. Trades these winemaker elaborations for the natural subtlety of the grapes. Rich in cherries and raspberries, but heavy-handed. Drink now.",0.4057988371578959,0.2777777777777777,0.1634118831974711,0.4005903951250922,0.6346153846153847,0.0,0.0,0.0,0.0,0.0,0.0,0.0,0.0,0.0,0.0,1.0,0.0,0.0,0.0,0.0,4,"['oaky', 'natural', 'rich', 'handed']",0.2375,0.575
France,"This relatively dark-colored rosé features nicely perfumed aromas of fruit blossoms and black cherries, then adds a hint of dark chocolate to the palate. It's fullish, but not heavy, balanced by some lemony notes on the finish.",0.1779097227801143,0.33333333333333304,0.4705325568783095,0.18116443461280474,0.7403846153846154,0.0,0.4510910983304339,0.4855955942555209,0.0,0.0,0.43172575844666516,0.0,0.3519734754899364,0.0,0.5004410873338212,0.0,0.0,0.0,0.0,0.0,5,"['black', 'dark', 'fullish', 'heavy', 'lemony']",0.07666666666666666,0.4666666666666667
US,"Kind of like Pinot Grigio, in that it's a delicate, unoaked (although leesy) wine with citrusy, figgy flavors and bright, citrusy acidity leading to a slightly sweet finish. It's food-versatile and user-friendly.",0.2256871994234474,0.2777777777777777,0.3749603918565657,0.22508447771223516,0.951923076923077,0.49064622728873347,0.0,0.0,0.0,0.0,0.48702186847577494,0.3242683510525301,0.0,0.0,0.0,0.0,0.0,0.5579225066670103,0.0,0.3250361400425656,7,"['delicate', 'unoaked', 'leesy', 'figgy', 'bright', 'sweet', 'friendly']",0.3375,0.8125
US,"Made entirely from Chardonnay, this is the most elegant and delicate of the winery's current bubblies. It's a dry, sophisticated wine, with subtle citrus, peach, apple and yeast flavors. If you've never cellared a sparkling wine, try stashing this away for up to a decade.",0.31898405454055623,0.5555555555555554,0.26034432679358877,0.3288031720891871,0.8173076923076924,0.0,0.0,0.0,0.0,0.5767883784695644,0.0,0.36463507016370955,0.0,0.0,0.0,0.0,0.0,0.0,0.0,0.7309968755536216,7,"['elegant', 'delicate', 'current', 'dry', 'sophisticated', 'subtle', 'sparkling']",0.1,0.6906249999999999
US,"This is tart in acidity and tastes of raspberry jam, with a bubblegum-gassiness reminiscent of Beaujolais. It's easy and refreshing.",0.15949202727027811,0.16666666666666607,0.492632885321222,0.15526793926400773,1.0,1.0,0.0,0.0,0.0,0.0,0.0,0.0,0.0,0.0,0.0,0.0,0.0,0.0,0.0,0.0,4,"['tart', 'reminiscent', 'easy', 'refreshing']",0.3111111111111111,0.7777777777777778
US,"From a mix of vineyards, this tastes of berries, raisins, cooked plums, and baking spices. The tannins are hard and slightly bitter, and there seems to be a hint of residual sugar, perhaps to mitigate the bitterness.",0.2989628796719753,0.22222222222222143,0.26534575508724595,0.29382446167378284,0.11538461538461539,0.0,0.0,0.0,0.0,0.0,0.0,0.0,0.0,0.0,0.0,0.0,0.0,0.0,1.0,0.0,3,"['hard', 'bitter', 'residual']",-0.19583333333333336,0.5208333333333333
US,"This is a strong, oaky, ripe Chardonnay, grown on a mountain better known for Cabernet. It's powerful and intense in pineapple tart, pear marmalade, Meyer lemon and lime flavors that have been liberally oaked, and it shows the creamy influence of lees. Not particularly subtle, it's a wine you don't want to drink too cold.",0.4247216884289221,0.6666666666666661,0.16286034724528836,0.4367803048341461,0.14423076923076925,0.0,0.0,0.0,0.0,0.0,0.0,0.4560555967750018,0.0,0.0,0.0,0.0,0.7635708839909892,0.0,0.0,0.4571354260735175,6,"['strong', 'powerful', 'intense', 'creamy', 'subtle', 'cold']",0.16666666666666666,0.7888888888888889
US,Not much going on in this watery wine. It tastes like alcohol with a few drops of grapefruit juice.,0.1394708524016972,0.05555555555555536,0.5254200263574191,0.13030359732533325,0.6153846153846154,0.0,0.0,0.0,0.0,0.0,0.0,0.0,0.0,0.0,0.0,0.0,0.0,0.0,0.0,1.0,2,"['watery', 'few']",-0.15000000000000002,0.15000000000000002
US,"Raw and fresh, with jammy mulberry, blackberry and pepper flavors. A rustic wine for rustic food.",0.11754013664201335,0.16666666666666607,0.5941063082569777,0.11441297128526373,1.0,0.0,0.0,0.0,0.0,0.0,0.0,0.7062701484232128,0.0,0.0,0.0,0.0,0.0,0.0,0.0,0.7079424252340392,4,"['raw', 'fresh', 'rustic', 'rustic']",0.0346153846153846,0.4807692307692308
US,"Soft, slightly sweet and simple, this Syrah has fairly modest blackberry, licorice flavors and cola flavors. Drink now.",0.3625283276957145,0.2777777777777777,0.20026969958816634,0.35842047107227915,0.8365384615384616,0.0,0.0,0.0,0.0,0.0,0.0,0.7580806251766821,0.0,0.0,0.0,0.0,0.0,0.6521608434517752,0.0,0.0,4,"['soft', 'sweet', 'simple', 'modest']",0.13749999999999998,0.5642857142857143
US,"Given its modest price and weighty alcohol, this wine should find many admirers. Thick and tannic, it could pass for a heavier red than Pinot Noir, and it offers bulky, rustic fruit flavors, with some heat on the finish.",0.3283771284011352,0.33333333333333304,0.2376044994850941,0.32776268443957335,0.6346153846153847,0.0,0.0,0.0,0.0,0.0,0.6258074586366811,0.41667441612754813,0.5102026503963832,0.0,0.0,0.0,0.0,0.0,0.0,0.4176610003196031,8,"['modest', 'weighty', 'many', 'thick', 'tannic', 'heavier', 'bulky', 'rustic']",0.07999999999999999,0.375
US,"This wine adds to the growing case to be made for Cabernet Sauvignon in Livermore Valley. Mother Vine Reserve is a smallish offering for Concannon, loaded with black olive, tea and black pepper. It's Cab Franc-esque in some way, yet intensely dark, brooding and velvety.",0.4057988371578959,0.44444444444444375,0.1696993930523544,0.4083687927114872,0.11538461538461539,0.0,0.0,0.9586981862081736,0.0,0.0,0.0,0.0,0.0,0.0,0.0,0.0,0.0,0.0,0.0,0.28442536413118685,5,"['smallish', 'black', 'black', 'dark', 'brooding']",-0.1611111111111111,0.4222222222222222
US,"These “Original Vines” are in fact the oldest Pinot Gris vines in the country. They deliver exquisite details of earth and stone around a solid core of apple and Asian pear. It's bone dry, with exceptional depth.",0.39225973478908394,0.7777777777777777,0.1942143304663439,0.40996492886694824,0.625,0.0,0.0,0.0,0.0,1.0,0.0,0.0,0.0,0.0,0.0,0.0,0.0,0.0,0.0,0.0,6,"['original', 'oldest', 'exquisite', 'solid', 'asian', 'exceptional']",0.32916666666666666,0.5750000000000001
Italy,"Made with Sangiovese, Locorosso has an intense fragrance of wild cherry and underbrush accented by tobacco and spice. The palate is dense and delicious, delivering black cherry layered with carob, coffee and white pepper notes. It's already enjoyable so drink soon.",0.19496184539877393,0.5555555555555554,0.4568290097586921,0.20796490506572374,0.7692307692307693,0.0,0.0,0.4460708302708296,0.7679123546883324,0.0,0.0,0.0,0.0,0.0,0.45970798328777535,0.0,0.0,0.0,0.0,0.0,7,"['intense', 'wild', 'dense', 'delicious', 'black', 'white', 'enjoyable']",0.2722222222222222,0.5722222222222222
US,"There's good Santa Barbara character in this Chardonnay, with brisk acidity and minerality girding the tropical fruit and peach flavors. It's a little thin, but elegantly structured.",0.21083699175912196,0.33333333333333304,0.4058303187135275,0.21323933459667743,0.14423076923076925,0.6914378021623993,0.0,0.0,0.0,0.0,0.0,0.45697160905844236,0.5595450958192457,0.0,0.0,0.0,0.0,0.0,0.0,0.0,5,"['good', 'brisk', 'tropical', 'little', 'thin']",0.15312499999999998,0.7375
US,"Very sweet and delicious, a true Port-style wine that's high in acidity and packed with tannins. But the sugar level is so high, it makes the wine drinkable now. The flavors are of chocolate, red currants and vanilla.",0.4878691556714132,0.6111111111111107,0.11877056322779964,0.4958778102427328,0.6538461538461539,0.4285222364513691,0.0,0.0,0.0,0.0,0.0,0.2832105726590159,0.0,0.0,0.0,0.0,0.0,0.48728021744842037,0.41995765516328065,0.5677622935296499,7,"['sweet', 'delicious', 'true', 'port', 'high', 'high', 'red']",0.3541666666666667,0.5958333333333333
US,"Although the vineyard is source to some very great bottlings by others, this one has a sharpness throughout that detracts. The green mint taste suggests unripe tannins to the red cherries and pomegranates. Unlikely to age, so drink now.",0.44775072778616076,0.33333333333333304,0.1354673949535453,0.44410082311922716,0.6346153846153847,0.0,0.0,0.0,0.0,0.0,0.0,0.0,0.0,0.0,0.0,0.0,0.0,0.0,1.0,0.0,4,"['great', 'green', 'red', 'unlikely']",0.07500000000000001,0.44375000000000003
US,"Fresh and jammy, with sharp acidity and berry flavors that taste right out of the fermenter. Seems like it was released awfully young, but might calm down in a few months.",0.3283771284011352,0.16666666666666607,0.2288019856882575,0.3198012834331274,0.11538461538461539,0.8342638511082905,0.0,0.0,0.0,0.0,0.0,0.5513654203284463,0.0,0.0,0.0,0.0,0.0,0.0,0.0,0.0,4,"['fresh', 'sharp', 'young', 'few']",0.0721655328798186,0.4749433106575963
US,"Polished and balanced, this masterpiece shows restraint and it's already drinkable. With its great acidity and its fine intermingling of spice and red fruit flavors, this wine will appeal to lovers of Gamay and Pinot Noir.",0.3625283276957145,0.6111111111111107,0.21544644751374675,0.3737155435090138,0.6346153846153847,0.6286283700259181,0.0,0.0,0.0,0.0,0.0,0.4154608221479033,0.5087166487582833,0.0,0.0,0.0,0.0,0.0,0.0,0.4164445328430755,6,"['polished', 'balanced', 'drinkable', 'great', 'fine', 'red']",0.4055555555555556,0.4166666666666667
Italy,"This plush, rich expression of Pinot Grigio from northeast Italy would pair with white meat, seafood risotto or spicy dishes from the Far East. The mouthfeel is smooth, rich and long-lasting.",0.35445387266905204,0.5555555555555554,0.2210473902005681,0.36336876892675485,0.6153846153846154,0.0,0.0,0.0,0.0,0.0,0.0,0.0,0.0,0.0,0.0,1.0,0.0,0.0,0.0,0.0,7,"['rich', 'northeast', 'white', 'spicy', 'smooth', 'rich', 'lasting']",0.25,0.6
US,"You can almost smell the minerals and acids in this Chardonnay. The flavors verify the aroma, adding fruitier notes of limes, sweet apples and white peaches, complexed with the creamy, smoky nuances of new oak and sur lies aging.",0.35445387266905204,0.5555555555555554,0.2210473902005681,0.36336876892675485,0.14423076923076925,0.0,0.0,0.0,0.0,0.0,0.0,0.3859094039502636,0.0,0.6404725891877643,0.0,0.0,0.0,0.6639795135709188,0.0,0.0,6,"['fruitier', 'sweet', 'white', 'creamy', 'smoky', 'new']",0.1621212121212121,0.36818181818181817
US,"A bit heavy for a rosé, without quite the liveliness you want. It's a very fruity wine, with forward raspberry, vanilla, cocoa and spice flavors.",0.2989628796719753,0.22222222222222143,0.26534575508724595,0.29382446167378284,0.7403846153846154,0.0,0.0,0.0,0.0,0.0,0.0,0.7062701484232128,0.0,0.0,0.0,0.0,0.0,0.0,0.0,0.7079424252340392,2,"['heavy', 'forward']",0.0,0.4
US,"A lovely wine, soft and charming, but far from simple. Although it has complex layers of cherries, blackberries, cassis and cedar, it also shows a fine structure of ripe, smooth tannins and supporting acidity. Drink now–2015 while it's fresh and forward.",0.5482387418095143,0.6666666666666661,0.08909029234872229,0.5571735708200138,0.06730769230769232,0.5253184070891971,0.0,0.0,0.0,0.0,0.0,0.0,0.0,0.0,0.0,0.0,0.5812865684452142,0.0,0.5148192268438444,0.3480052588544637,9,"['lovely', 'soft', 'charming', 'simple', 'complex', 'fine', 'ripe', 'smooth', 'fresh']",0.24666666666666665,0.5607142857142857
US,"This lands on the sweet side of the corral, and has a good texture of tannins and acidity as well as oodles of grapy, blackberry jam flavors to complete the package. It's full bodied, rich in mouthfeel, and the ripe fruit character stays on the finish.",0.21083699175912196,0.3888888888888884,0.4107206041562145,0.2158307619714921,0.6923076923076923,0.35538548694357064,0.0,0.0,0.0,0.0,0.3527602868503811,0.2348744562370313,0.28759521929913845,0.0,0.0,0.4148854048913369,0.39324875616929034,0.40411512548317513,0.3482826399204138,0.0,7,"['sweet', 'good', 'grapy', 'full', 'bodied', 'rich', 'ripe']",0.375,0.5900000000000001
US,"This is pure Sémillon, barrel fermented in new American oak, from a new, Spokane-based winery. Sémillon makes some of the best white wines in Washington, though consumer interest has been tepid. This shows the barrel influence with a rich coconut flavor, wrapped into sleek fruit flavors of white peach, green apple and a hint of cucumber.",0.23963682528528263,0.44444444444444375,0.36498205207461243,0.246450305069861,0.8461538461538463,0.0,0.0,0.0,0.0,0.0,0.0,0.34556905465172433,0.423136724392294,0.5735219326359894,0.0,0.6104178353580053,0.0,0.0,0.0,0.0,9,"['pure', 'new', 'american', 'new', 'best', 'white', 'rich', 'sleek', 'green']",0.18466810966810965,0.30656565656565654
US,"A presently reined-in wine with exotic elements, showing a ginger, saffron and green apple bouquet. It's well-balanced, with lively apple and citrus flavors. It has good acidity and a firm structure that should hold it together for three or four years. With aging, it may integrate and develop further.",0.3703290190294001,0.44444444444444375,0.2004383301206728,0.3738005004254199,0.14423076923076925,0.7301702128185195,0.0,0.0,0.0,0.0,0.0,0.48256987974148274,0.0,0.0,0.0,0.0,0.0,0.0,0.0,0.4837124884462348,5,"['exotic', 'green', 'lively', 'good', 'firm']",0.13376623376623376,0.4714285714285715
US,"A beautiful copper color, deep and dense. Modeled on the wines of Provence's Domaines Ott, this rosé was designed, says the winemaker, to age. It's whole-cluster fermented from Grenache vines that have been picked and grown specifically to be a rosé—not a saignée. Compact, compressed and powerful with an emphasis on the mineral subtext, light peach and strawberry highlights.",0.4057988371578959,0.6666666666666661,0.17808273952553216,0.41833743469107976,0.7403846153846154,0.0,0.0,0.0,0.0,0.0,0.0,0.0,0.0,0.0,0.0,0.0,0.0,0.0,0.0,0.0,7,"['beautiful', 'deep', 'dense', 'whole', 'compact', 'powerful', 'light']",0.38749999999999996,0.7749999999999999
Italy,"This hearty Montepulciano d'Abruzzo from a relatively hot vintage (2005) offers loads of ripe, jammy fruit, plum and prune backed by exotic spice and black peppercorn. The wine shows solid, dark tannins on the close.",0.21083699175912196,0.2777777777777777,0.4009400332708405,0.21061762105872495,0.5096153846153847,0.0,0.0,0.5248464905439126,0.0,0.0,0.0,0.0,0.3804236396721317,0.0,0.0,0.0,0.5201794504200518,0.0,0.46069941578315804,0.31142158467276587,8,"['hearty', 'hot', 'ripe', 'jammy', 'exotic', 'black', 'solid', 'dark']",0.08888888888888889,0.46388888888888885
US,"Perfumed, floral and intriguing, this is still tight with mountain tannins. In a few years, its thick black-cherry and pepper tones will emerge, becoming rounded out with notes of violet and oaky leather.",0.30919115719657264,0.44444444444444375,0.26592563083143805,0.31422149541532285,0.3557692307692308,0.0,0.0,0.6310197145721127,0.5431512239632746,0.0,0.0,0.0,0.0,0.0,0.0,0.0,0.0,0.0,0.5538960802610233,0.0,6,"['floral', 'intriguing', 'tight', 'few', 'thick', 'black']",0.01428571428571429,0.42214285714285715
US,"This ripe, lush Syrah boldly expresses itself with shiny, saturated colors and bright, spicy, assertive fruit. It's a full-bodied, sappy wine, forward and plump, and the deep core of blackberry fruit is enhanced with pepper, citrus peel, clove and other spices. Young and still grapey, it's delicious right now but can be cellared for some years.",0.4247216884289221,0.7222222222222214,0.16479072307792797,0.4392048141946787,0.8365384615384616,0.0,0.0,0.0,0.0,0.0,0.0,0.0,0.782071879360997,0.0,0.0,0.0,0.5346903793171166,0.0,0.0,0.32010900296379713,14,"['ripe', 'lush', 'shiny', 'bright', 'spicy', 'assertive', 'bodied', 'sappy', 'plump', 'deep', 'other', 'young', 'grapey', 'delicious']",0.2548941798941799,0.5641534391534391
US,"The softness and rusticity that almost always mark Sierra Foothills wines are here, yet the wine rises to what might be called coastal elegance. A Spanifornia blend of Tempranillo and Cab Sauvignon, it has a complexity that unfolds in waves of blackberry, tobacco, clove, anise and espresso. Drink now.",0.4636258741465087,0.6111111111111107,0.1336044290706169,0.47224789587953064,0.6923076923076923,0.0,0.0,0.0,0.0,0.0,0.0,0.0,0.0,0.0,0.0,0.0,0.0,0.0,0.0,1.0,1,['coastal'],0.0,0.0
US,"Young and yeasty, this is a style best consumed early. It refreshes like a light beer, quick and clean, with bracing acidity, but not much in the way of fruit.",0.1779097227801143,0.2777777777777777,0.4648899198290553,0.17854303529486226,0.14423076923076925,0.7773494701385524,0.0,0.0,0.0,0.0,0.0,0.0,0.6290689956398361,0.0,0.0,0.0,0.0,0.0,0.0,0.0,6,"['young', 'yeasty', 'light', 'quick', 'clean', 'much']",0.3142857142857142,0.44285714285714295
Spain,"Having never tried this producer's wines, we can only heap praise on this medium-bodied, more modern style of Rioja. Bacon, rubber and raspberry work the bouquet, while the palate is ripe and full as it pumps forth with pure red-fruit flavors. Firm and mildly tannic, with ample new oak leaving lasting flavors of vanilla, coffee and pepper. Hold for another year or so, if possible; 900 cases produced.",0.2989628796719753,0.6111111111111107,0.28868575379097944,0.3117710082023244,0.8653846153846154,0.0,0.0,0.0,0.0,0.0,0.0,0.5328516820345867,0.32622874109817823,0.4421722986695229,0.46383684363563304,0.0,0.4460750320404104,0.0,0.0,0.0,10,"['modern', 'ripe', 'full', 'pure', 'red', 'firm', 'tannic', 'ample', 'new', 'possible']",0.15339826839826837,0.5204545454545454
US,"Fruity, rich and honey-sweet, with decadent flavors of peach and pear jam, apricot, pineapple, green apple and vanilla, enhanced with sweet, smoky oak. There's a good spine of acidity for balance.",0.31898405454055623,0.3888888888888884,0.2511750415885506,0.32120165943625256,0.4519230769230769,0.3301406060500987,0.0,0.0,0.0,0.0,0.0,0.2181901011058823,0.0,0.362118097045479,0.0,0.38541393513324645,0.0,0.7508174494599504,0.0,0.0,7,"['rich', 'sweet', 'decadent', 'green', 'sweet', 'smoky', 'good']",0.30624999999999997,0.5750000000000001
US,"This 100% Syrah shows intense blackberry, crème de cassis and plum sauce flavors, plus hints of charred bone and black pepper. It's dry, and the tannins are firm but supple. The alcohol is high, but it's balanced with the wine's fruit.",0.4636258741465087,0.5555555555555554,0.13197433392305458,0.4697697086346708,0.8365384615384616,0.0,0.0,0.5079909385443138,0.0,0.47566736336617016,0.0,0.300708212734495,0.368206256959474,0.0,0.0,0.0,0.0,0.0,0.44590396016170497,0.3014202170179885,8,"['intense', 'crème', 'charred', 'black', 'dry', 'firm', 'supple', 'high']",-0.014666666666666661,0.5946666666666667
US,"Full-bodied and juicy. Offers a wealth of blackberry, black cherry, plum, tobacco, bacon and pepper spice flavors that are housed in thick tannins. Production was 4,877 cases, so should be easy to find.",0.2527888823873867,0.3888888888888884,0.33981146523725275,0.25670209639446684,1.0,0.0,0.0,0.5911262365224097,0.5088128492176596,0.0,0.0,0.3499206395186828,0.0,0.0,0.0,0.0,0.0,0.0,0.5188784086900277,0.0,6,"['full', 'bodied', 'juicy', 'black', 'thick', 'easy']",-0.006666666666666665,0.4683333333333334
US,"The most notable thing about this Pinot is its intensity of flavor. A blend of both new Dijon clones and older California selections of Pinot Noir, it is stunning with flavors of raspberries, cherries and Dr. Pepper. It's a balanced, elegant wine with vibrant texture , but needs time to truly shine. Hold till at least 2017.",0.5482387418095143,0.833333333333333,0.09247587457827482,0.5643707174031123,0.6346153846153847,0.0,0.0,0.0,0.0,0.0,0.0,0.7062701484232128,0.0,0.0,0.0,0.0,0.0,0.0,0.0,0.7079424252340392,8,"['notable', 'new', 'older', 'stunning', 'balanced', 'elegant', 'vibrant', 'least']",0.2712121212121212,0.5651515151515152
US,"Nice and oaky and rich, from a vineyard in the heart of the cool-climate southern part of Russian River Valley. Acidity stars, giving zesty balance to the ripe pineapple, green apple, Key lime pie and pear flavors. New oak, to the tune of 40%, adds an opulent touch.",0.2989628796719753,0.5555555555555554,0.28535146826187463,0.30929345682834275,0.14423076923076925,0.43738641728431427,0.0,0.0,0.0,0.0,0.0,0.2890689144585934,0.0,0.4797517609103218,0.0,0.5106152262705866,0.4839861808698728,0.0,0.0,0.0,11,"['nice', 'oaky', 'rich', 'cool', 'southern', 'zesty', 'ripe', 'green', 'key', 'new', 'opulent']",0.13019480519480517,0.5006493506493507
US,"This is a new winery for me, and it's a promising start. The wine is decadently rich in cassis, cherries, milk chocolate and vanilla flavors, but it has the structural integrity of a fine wine. While acidity is soft, the tannins have the grip of cherry skins, while oak adds its own tannic complexities.",0.35445387266905204,0.44444444444444375,0.215807798654832,0.35832948395479236,0.11538461538461539,0.3617360701101716,0.0,0.0,0.3476293418496967,0.0,0.0,0.23907156000981503,0.0,0.3967739046348254,0.0,0.4222992255597924,0.0,0.0,0.3545062983182851,0.47927524722853176,8,"['new', 'promising', 'rich', 'structural', 'fine', 'soft', 'own', 'tannic']",0.3046717171717172,0.5924242424242424
US,"Fermented 75% whole-cluster and then aged in neutral oak, this wine offers complex, expressive aromas of green olive, fresh herbs, grilled asparagus, earth and peat. The palate brings waves of intensity, with sensuous, layered savory flavors that lead to a hyperextended finish. It's an exclamation point of a wine that shows the promise of this young winery and vineyard.",0.4878691556714132,0.7777777777777777,0.12317182012621794,0.5031524014643278,0.8365384615384616,0.0,0.3983057448455883,0.0,0.0,0.0,0.3812064800737033,0.25381446851844525,0.0,0.42124189812766516,0.44188094329412214,0.0,0.0,0.0,0.0,0.5088308795256201,12,"['whole', 'aged', 'neutral', 'complex', 'expressive', 'green', 'fresh', 'sensuous', 'layered', 'savory', 'hyperextended', 'young']",0.09999999999999999,0.42857142857142855
US,"Lots of bang for the buck here. Offers mouth-filling, juicy blackberry, cherry, pomegranate and coffee flavors in a bone-dry, soft wine, with a fairly complicated tannin structure. Drink now.",0.21083699175912196,0.3888888888888884,0.4107206041562145,0.2158307619714921,0.4903846153846154,0.0,0.0,0.0,0.5650908294277452,0.6147348206941281,0.0,0.3886241173420362,0.0,0.0,0.0,0.0,0.0,0.0,0.0,0.3895442852140748,5,"['juicy', 'pomegranate', 'dry', 'soft', 'complicated']",-0.09999999999999999,0.45
US,"This is a very ripe wine stuffed with blackberries, cherries and cocoa, but it's also pretty tannic, although sweet oak softens the blow. Feels lush and good, but rustic around the edges. Drink now with beef dishes.",0.2256871994234474,0.33333333333333304,0.3795450344590848,0.2277063189235855,0.4807692307692308,0.0,0.0,0.0,0.0,0.0,0.0,0.0,0.0,0.5378166034384856,0.0,0.0,0.5425635195432991,0.5575557998419826,0.0,0.32482250289849995,5,"['ripe', 'tannic', 'sweet', 'lush', 'good']",0.32,0.5700000000000001
US,"This wine opens with the fresh liveliness of stemmy earth and black tea notes, growing funkier and more herbal on the midpalate. Brightly layered and deeply flavored, it's a full-bodied rendition that remains true to its variety.",0.4057988371578959,0.6111111111111107,0.17598690290723773,0.41588649545873446,0.6346153846153847,0.0,0.0,0.8600029010243267,0.0,0.0,0.0,0.0,0.0,0.0,0.0,0.0,0.0,0.0,0.0,0.5102891437506211,8,"['fresh', 'stemmy', 'black', 'funkier', 'herbal', 'layered', 'bodied', 'true']",0.22619047619047622,0.5547619047619048
US,"This is the kind of wine that will be wildly popular as a cocktail sipper. It has the fruit, spice and oaky vanilla to appeal to almost all palates, yet is dry and crisp in acidity, leaving behind a clean, fruity finish.",0.2256871994234474,0.3888888888888884,0.38412967706160384,0.2302978710389545,0.6057692307692308,0.4895879788104623,0.0,0.0,0.0,0.5118290247272599,0.48597143718223934,0.0,0.39619840231284986,0.0,0.0,0.0,0.0,0.0,0.0,0.32433508706090114,5,"['popular', 'oaky', 'dry', 'crisp', 'clean']",0.225,0.7027777777777778
Italy,"From the Gravina appellation in Puglia (southern Italy), this charming blend of Greco (60%) and Malvasia (40%) opens with easy aromas of pear, Golden Delicious apple and drying mineral or talc powder. It's tonic and fresh in the mouth and would pair with tomato bruschetta and fresh basil.",0.11754013664201335,0.33333333333333304,0.6161125927490693,0.12236872472390337,0.9807692307692308,0.0,1.0,0.0,0.0,0.0,0.0,0.0,0.0,0.0,0.0,0.0,0.0,0.0,0.0,0.0,5,"['southern', 'charming', 'easy', 'fresh', 'fresh']",0.4333333333333333,0.6190476190476192
France,"A powerfully ripe, toasty wine, showing all the richness of 2005 in Chablis, and adding a layer of structure to go with the apples and cream richness. At the center, there is green minerality.",0.6179469342125316,0.6666666666666661,0.06195433781185411,0.6251240557994404,0.14423076923076925,0.0,0.0,0.0,0.0,0.0,0.0,0.0,0.0,0.0,0.0,0.0,0.8579917748598131,0.0,0.0,0.5136634250877784,2,"['ripe', 'green']",-9.25185853854297e-18,0.46666666666666673
US,"Dry and savory, this blend of Grenache Blanc, Roussanne and Viognier has a tangy spine of minerality that frames lusher notes of papaya, white peach, lemon zest, nectarine and vanilla. Finishes with a refreshing touch of citrusy acids.",0.31898405454055623,0.33333333333333304,0.24811861318687123,0.31860948343793183,0.7115384615384616,0.0,0.0,0.0,0.0,1.0,0.0,0.0,0.0,0.0,0.0,0.0,0.0,0.0,0.0,0.0,4,"['savory', 'tangy', 'lusher', 'refreshing']",0.14444444444444446,0.5333333333333333
France,"This is a light, fresh and fruity wine, with an attractive red-berry flavor, plus acidity and a soft structure.",0.31898405454055623,0.22222222222222143,0.24200575638351246,0.3133335032213169,0.06730769230769232,0.8336632799340609,0.0,0.0,0.0,0.0,0.0,0.0,0.0,0.0,0.0,0.0,0.0,0.0,0.0,0.5522730626144858,5,"['light', 'fresh', 'attractive', 'red', 'soft']",0.4,0.6375000000000001
US,"Smells and tastes not quite ripe. Now that the wine is softening and resolving at the age of 3-1/2 years, it's showing a streak of veggie green behind the cherries.",0.39912885255556074,0.16666666666666607,0.16433651699965984,0.3887503317330405,0.8365384615384616,0.0,0.0,0.0,0.0,0.0,0.0,0.0,0.0,0.0,0.0,0.0,0.8579917748598131,0.0,0.0,0.5136634250877784,2,"['ripe', 'green']",-0.30000000000000004,0.5
US,"Always a very dry, elegant Pinot Noir, Signorello's '08 Las Amigas again displays those qualities. It shows dried raspberry, cherry and cola flavors, with a distinct minerality and a dusting of tobacco and black pepper. This fancy Pinot is a natural lamb or steak.",0.4878691556714132,0.6666666666666661,0.12023764886060576,0.49832897902565265,0.6346153846153847,0.0,0.0,0.580445191539512,0.49961912274335835,0.5435113363032681,0.0,0.34359793235357516,0.0,0.0,0.0,0.0,0.0,0.0,0.0,0.0,6,"['dry', 'elegant', 'distinct', 'black', 'fancy', 'natural']",0.07444444444444444,0.5855555555555555
US,"Cola, cherry, mocha and vanilla flavors, in a light-bodied, silky wine, with pronounced acidity. Finishes dry. A bit rustic, but offers good Pinot character.",0.31898405454055623,0.2777777777777777,0.24506218478519182,0.31598700367302035,0.6346153846153847,0.5068835875839903,0.0,0.0,0.4871164987571442,0.5299103399428162,0.0,0.33499963105744146,0.0,0.0,0.0,0.0,0.0,0.0,0.0,0.3357928291218131,5,"['silky', 'pronounced', 'dry', 'rustic', 'good']",0.24444444444444444,0.4000000000000001
Italy,"Paleo (a pure expression of Cabernet Franc from Coastal Tuscany) is a drop dead gorgeous wine with amazing intensity and purity of aromas. You get it all here: Bright berry notes, drying mineral, exotic spice, cooling acidity and firm, satisfying structure. It's a rich, velvety and beautiful wine that will award you a memorable drinking experience now or in 10 years time.",0.6987061474305353,0.9999999999999991,0.0427755274484434,0.7180217129516444,0.09615384615384616,0.438783351087438,0.45507862290341883,0.0,0.0,0.0,0.0,0.0,0.0,0.0,0.0,0.5122460397613114,0.0,0.0,0.0,0.5813575599694728,9,"['pure', 'dead', 'gorgeous', 'amazing', 'bright', 'exotic', 'rich', 'beautiful', 'memorable']",0.4126623376623376,0.7863636363636364
France,"Oxidative and spicy. Effusive mineral notes provide complexity but turn heavy in the mouth without fruit for balance. Crisp, with a silky texture and a short-to-medium finish.",0.43652419118256935,0.3888888888888884,0.14481133321010797,0.43575156707215146,0.028846153846153848,0.0,0.0,0.0,0.0,0.0,0.7750618275770703,0.0,0.6318854037188165,0.0,0.0,0.0,0.0,0.0,0.0,0.0,5,"['effusive', 'heavy', 'crisp', 'silky', 'short']",0.024999999999999994,0.45833333333333337
US,"This is a dry Chardonnay marked by pronounced acids and steely minerals. The underlying flavors are of exotic pineapples and guavas, while new oak and lees aging add richer notes of buttered toast and sour cream. Drink now.",0.3703290190294001,0.5555555555555554,0.20532861556335982,0.37883992017057655,0.14423076923076925,0.0,0.0,0.0,0.0,0.6323962813999731,0.0,0.3997893699789862,0.0,0.6635084045611567,0.0,0.0,0.0,0.0,0.0,0.0,7,"['dry', 'steely', 'exotic', 'new', 'richer', 'buttered', 'sour']",0.10393939393939393,0.550909090909091
Italy,"Here's a bright Friulano with a luminous golden color and intense aromas of honey, peach and passion fruit. The wine tastes soft and supple in the mouth and delivers loads of fruity peach flavors on the close. What's nice about this wine is that it delivers high structure and lively fruit fragrances at the same time.",0.2527888823873867,0.44444444444444375,0.34388670310615865,0.25926425446985957,0.2403846153846154,0.0,0.4274387033242915,0.0,0.0,0.0,0.0,0.27237901715559476,0.6670363770191581,0.0,0.0,0.0,0.0,0.0,0.0,0.546047889517903,11,"['bright', 'luminous', 'golden', 'intense', 'soft', 'supple', 'peach', 'nice', 'high', 'lively', 'same']",0.27454545454545454,0.6018749999999999
Italy,"Oak dominates the overall character of this wine, with forward notes of toasted wood, tobacco leaf, roasted coffee bean and a hint of plum. There's more wood than fruit here.",0.27703216391229124,0.2777777777777777,0.2970214676137414,0.2751090206186977,0.6923076923076923,0.0,0.0,0.0,0.0,0.0,0.0,0.0,0.5339689810675302,0.7237446062601726,0.0,0.0,0.0,0.0,0.0,0.4371165430031346,5,"['overall', 'forward', 'toasted', 'roasted', 'more']",0.25,0.25
US,"Simple and direct, with minty flavors of blackberries, licorice, cola, peppercorns and vanilla. On the plus side, the wine is fully dry, the tannins smooth.",0.06619517215316933,0.22222222222222143,0.7554857278656493,0.06710552595467778,0.11538461538461539,0.0,0.0,0.0,0.0,0.6108502147340488,0.0,0.386168340458025,0.0,0.0,0.0,0.0,0.0,0.0,0.5726281658005216,0.387082693644642,6,"['simple', 'direct', 'minty', 'plus', 'dry', 'smooth']",0.10833333333333334,0.4642857142857143
US,"This is a good price for a Cab so rich and supple. It's very deep in flavor, with flavors of blackberry pie filling, milk chocolate, anise and sweet oak, yet it's softly balanced and dry. Just delicious for drinking now.",0.3703290190294001,0.5555555555555554,0.20532861556335982,0.37883992017057655,0.11538461538461539,0.0,0.0,0.0,0.0,0.4503509711311248,0.0,0.2847036523038364,0.0,0.47250697566766703,0.0,0.5029043683699495,0.0,0.48984914758109555,0.0,0.0,8,"['good', 'rich', 'supple', 'deep', 'sweet', 'balanced', 'dry', 'delicious']",0.35119047619047616,0.6385714285714287
US,"This is a soft, broadly fruity Chardonnay, with near-tropical ripeness. Banana and papaya flavors dominate, accented by pretty baking spices and a touch of mineral.",0.3851792266937255,0.44444444444444375,0.18699004515328352,0.38827303637194355,0.14423076923076925,0.0,0.0,0.0,0.0,0.0,0.0,1.0,0.0,0.0,0.0,0.0,0.0,0.0,0.0,0.0,3,"['soft', 'near', 'tropical']",0.13749999999999998,0.5541666666666667
France,"Somebody was carried away with wood here. The wine is totally dominated by flavors of burnt wood— even the 50% new wood was too much in 2007. That said, the fruit could increase in weight and black berry flavors. But not just yet—in another three to four years.",0.31898405454055623,0.44444444444444375,0.25423146999023,0.3237642240186729,0.42307692307692313,0.0,0.0,0.5522337153215503,0.0,0.0,0.0,0.6537959673923877,0.40027467786737714,0.0,0.0,0.0,0.0,0.0,0.0,0.3276719990200207,3,"['new', 'much', 'black']",0.04242424242424243,0.459469696969697
Italy,"Le Focaie is a great value wine with easy but one-dimensional fruit characteristics of cherry, blackberry and cinnamon spice. The wine's natural thickness and consistency recalls the sunniest vineyards of southern Tuscany.",0.21083699175912196,0.3888888888888884,0.4107206041562145,0.2158307619714921,0.7692307692307693,0.0,0.0,0.0,0.5263219861865712,0.0,0.0,0.0,0.4432093118545095,0.0,0.0,0.0,0.0,0.0,0.0,0.7256381141740522,7,"['great', 'easy', 'dimensional', 'cinnamon', 'natural', 'sunniest', 'southern']",0.33333333333333337,0.49583333333333335
US,"There's a wild, feral quality to this fine Pinot Noir. It has forest flavors of wild mushrooms, thyme, fennel, anise and pine, along with more familiar flavors of red cherries, cola and sandalwood. Elegant and ageable. Now through 2012.",0.5811660107885219,0.7777777777777777,0.07720313696495999,0.5940939692698697,0.6346153846153847,0.0,0.0,0.0,0.0,0.0,0.0,1.0,0.0,0.0,0.0,0.0,0.0,0.0,0.0,0.0,8,"['wild', 'feral', 'fine', 'wild', 'familiar', 'red', 'elegant', 'ageable']",0.2845238095238095,0.4714285714285714
US,"Crushed stone and dried clay notes lend a distinctly earthen character to this dry light-bodied Riesling. Pressed apple and pear flavors on the palate are freshened by squirts of lime, lemon and a tart green-plum finish. The finish is long and lingering.",0.21083699175912196,0.3888888888888884,0.4107206041562145,0.2158307619714921,0.7307692307692308,0.0,0.0,0.0,0.0,0.40105920760874364,0.7615954160499203,0.2535423003740924,0.0,0.0,0.4414071093276692,0.0,0.0,0.0,0.0,0.0,8,"['crushed', 'earthen', 'dry', 'bodied', 'pressed', 'tart', 'green', 'long']",-0.02333333333333334,0.4
France,"The weight of the structure is almost overpowering for the fresh blackberry fruits in the wine. Its presence is big, powerful, with bitter fruits and black figs, finishing with a final punch of richness.",0.27703216391229124,0.33333333333333304,0.30068918169575665,0.27773124492486323,0.06730769230769232,0.0,0.0,0.8600029010243267,0.0,0.0,0.0,0.0,0.0,0.0,0.0,0.0,0.0,0.0,0.0,0.5102891437506211,6,"['fresh', 'big', 'powerful', 'bitter', 'black', 'final']",0.05555555555555556,0.5888888888888889
US,"Quite a distinguished '99, with its flamboyant aromas of spicy blackcurrants and cassis, with an oaky overlay of smoke and vanilla. Feels good as soon as it hits the palate, with blackberry flavors that last through the finish. The jolt of dry tannins that makes the palate puckery suggests midterm aging.",0.4247216884289221,0.5555555555555554,0.15899959558000912,0.4318512300180737,0.11538461538461539,0.0,0.33051637231481457,0.0,0.0,0.3331584609859901,0.3163273051602726,0.21061668946866663,0.0,0.0,0.733350639616009,0.0,0.0,0.0,0.3123121083265755,0.0,8,"['distinguished', 'flamboyant', 'spicy', 'oaky', 'good', 'last', 'dry', 'palate']",0.2111111111111111,0.4222222222222222
US,"This gets an extra year in barrel and bottle prior to release. It's two-thirds Cabernet Sauvignon, 28% Syrah and 5% Petit Verdot. Still tart and tannic, the wine carries a full load of herb and earth characteristics, with less impact from the fruit than the high alcohol would suggest.",0.4878691556714132,0.4999999999999991,0.11583639196218742,0.4908936297649362,0.6923076923076923,0.0,0.0,0.0,0.0,0.0,0.0,0.0,0.7737919117738018,0.0,0.0,0.0,0.0,0.0,0.0,0.6334398766050691,6,"['extra', 'tart', 'tannic', 'full', 'less', 'high']",0.06866666666666667,0.2513333333333333
US,"Unfortunately only available in Bermuda, this wonderful bottling shows salted brambleberries, crushed violets, asphalt, rosemary and pinpointed florality on the fresh yet concentrated nose. The palate is zesty and darkly focused, with elderberries, stewed plums, thyme and Earl Grey tea. It's quite a complex effort.",0.39912885255556074,0.7777777777777777,0.18806878458917034,0.4166596800204778,0.6346153846153847,0.0,0.0,0.0,0.0,0.0,0.0,0.0,0.0,0.0,1.0,0.0,0.0,0.0,0.0,0.0,8,"['available', 'wonderful', 'rosemary', 'pinpointed', 'fresh', 'concentrated', 'zesty', 'complex']",0.13749999999999998,0.4875
US,"This captivating wine treads the line between Rhône and Bordeaux. A splash of Cabernet, though just a fraction of the blend, stands out. The wine has depth and persistence, and the mix of grapes works well, showing brambly red fruits, like a Zin, spice and pepper, like Syrah, and some herbal and leafy tobacco in the finish. Complex, unique and quite appealing.",0.4636258741465087,0.6111111111111107,0.1336044290706169,0.47224789587953064,0.6923076923076923,0.0,0.0,0.0,0.0,0.0,0.5995804779709222,0.0,0.0,0.0,0.0,0.0,0.0,0.0,0.0,0.8003144697155992,6,"['red', 'herbal', 'leafy', 'complex', 'unique', 'appealing']",0.215,0.58
Italy,"This no-fuss blend of Chardonnay and Fiano offers simple tones of citrus and pear that segue to a crisp, clean mouthfeel. Pair this fresh southern Italian white with insalata di mare (seafood salad).",0.3625283276957145,0.33333333333333304,0.2027991575757631,0.36104317110020134,0.9807692307692308,0.0,0.0,0.0,0.0,0.0,0.0,0.0,0.0,0.0,0.0,0.0,0.0,0.0,0.0,0.0,7,"['simple', 'crisp', 'clean', 'fresh', 'southern', 'italian', 'white']",0.12708333333333333,0.2467261904761905
France,"Medium intense notes of sweet grass, fresh red apple slices, green melon and lime citrus on the nose and mouth. Medium weight with moderate, supporting acidity and a clean finish. Drink now.",0.11754013664201335,0.33333333333333304,0.6161125927490693,0.12236872472390337,0.9807692307692308,0.5522993099613024,0.0,0.0,0.0,0.0,0.5482195254646182,0.0,0.0,0.0,0.0,0.0,0.0,0.6280293178790445,0.0,0.0,9,"['medium', 'intense', 'sweet', 'fresh', 'red', 'green', 'medium', 'moderate', 'clean']",0.15833333333333335,0.5125
US,"This pure Cabernet Sauvignon is not a heavy wine, but within its sleek profile are interesting flavors of berry, leaf and earth. Tannins are crisp and proportionate, and the fruit carries through a graceful, moderately long finish.",0.41228090965766484,0.3888888888888884,0.16253861793984842,0.4121233361700447,0.6923076923076923,0.0,0.0,0.0,0.0,0.0,0.5323840945194683,0.3544713772231964,0.4340372942253558,0.0,0.0,0.0,0.0,0.0,0.5256264517369644,0.35531067967078733,8,"['pure', 'heavy', 'sleek', 'interesting', 'crisp', 'proportionate', 'graceful', 'long']",0.20285714285714285,0.4633333333333334
Spain,"Aromas of chocolate mint, creamy vanilla and candy reflect a heavy-handed oak treatment, and a sweet burnt cherry and chocolate mint character is present throughout. Creamy on the tongue, but confected in terms of flavors and finish.",0.2527888823873867,0.22222222222222143,0.32758575163053527,0.24883521773945927,0.8557692307692308,0.0,0.42635486102668263,0.0,0.3950567934554202,0.0,0.40805144775730656,0.2716883546173679,0.0,0.4509062027324308,0.0,0.0,0.0,0.46745557297943635,0.0,0.0,4,"['creamy', 'handed', 'sweet', 'present']",0.175,0.325
US,"Ripe and fleshy in young fruit, this Cab, with minor amounts of Cab Franc and Merlot, shows black currant, plum, cherry and cedar flavors, with a dry-sweet dusting of crushed brown herbs and spices. Fairly tannic and tight now, it's balanced enough for mid-term aging. Best 2008–2012.",0.6355586801880441,0.4999999999999991,0.05398715028441427,0.6348560253843301,0.11538461538461539,0.0,0.0,0.4258947216416703,0.3665895597192718,0.3987949468063005,0.0,0.2521108760816015,0.30870058777789955,0.0,0.0,0.0,0.42210758046752933,0.4337713855974709,0.0,0.0,16,"['ripe', 'fleshy', 'young', 'minor', 'black', 'dry', 'sweet', 'crushed', 'brown', 'tannic', 'tight', 'balanced', 'mid', '-', 'term', 'best']",0.16309523809523807,0.3898809523809524
Spain,"After an early blast of gaseous sulfur, this heavyweight Tempranillo smells of toasted oak, graphite, latex and alcohol. The palate is lush, meaty, jammy and borderline syrupy, while flavors of blackberry, fig and chocolate finish with depth and extreme richness. Drink through 2025.",0.6473611829416915,0.6666666666666661,0.05275170975152492,0.6537974296877367,0.8557692307692308,0.0,0.0,0.0,0.0,0.0,0.49949748952919637,0.332574854988401,0.0,0.5519561749280895,0.5789996586719434,0.0,0.0,0.0,0.0,0.0,5,"['early', 'gaseous', 'toasted', 'lush', 'extreme']",0.025000000000000005,0.5333333333333333
Italy,"Terre di Maria is a Sicilian blend of Cabernet Sauvignon, Merlot, Syrah and Pinot Noir that opens with dark concentration and savory aromas of spice, cured meat, smoked bacon and dark berry fruit. The bouquet is slightly muddled but the mouthfeel is bright and fresh.",0.34608573750449545,0.3888888888888884,0.2216295670389832,0.347611846777774,0.6923076923076923,0.0,0.7883985347447641,0.0,0.0,0.0,0.0,0.0,0.6151648156488707,0.0,0.0,0.0,0.0,0.0,0.0,0.0,6,"['sicilian', 'dark', 'savory', 'dark', 'bright', 'fresh']",0.10666666666666669,0.4533333333333333
US,"Intricate aromas and spicy, complex flavors make this medium-bodied wine an adventure to drink. It smells like cherries and cloves and wood smoke, tastes nicely ripe but dry, and has an appetizing, tannic grip in the texture.",0.2256871994234474,0.4999999999999991,0.393298962266642,0.23539285194812387,0.038461538461538464,0.0,0.5019848754975229,0.0,0.0,0.5059976526660627,0.0,0.3198824672440898,0.0,0.0,0.0,0.0,0.535577109488456,0.0,0.0,0.3206398715225468,7,"['intricate', 'complex', 'bodied', 'ripe', 'dry', 'appetizing', 'tannic']",0.10833333333333334,0.65
US,"Eric Hamacher has done a fine job with this wine. At 13.6% alcohol it is in fine balance, with a precise mix of strawberry, pie cherry, root beer and herb flavors. It's medium bodied, open and accessible, but not too simple. There is no reason to wait, but it could be cellared for up to six years.",0.4636258741465087,0.5555555555555554,0.13197433392305458,0.4697697086346708,0.6346153846153847,0.0,0.0,0.0,0.7164531140995243,0.0,0.0,0.4927189481482854,0.0,0.0,0.0,0.0,0.0,0.0,0.0,0.49388558739119076,7,"['fine', 'fine', 'precise', 'bodied', 'open', 'accessible', 'simple']",0.26805555555555555,0.5053571428571428
US,"A little sharp and minty, this Pinot is very dry, with acidic flavors of cherries and cola. The mouthfeel is silky. It's not going anywhere, so drink up.",0.47847608181083434,0.22222222222222143,0.11363576351297827,0.4687707170699178,0.6346153846153847,0.0,0.0,0.0,0.0,0.8452587927583428,0.0,0.5343571588972198,0.0,0.0,0.0,0.0,0.0,0.0,0.0,0.0,6,"['little', 'sharp', 'minty', 'dry', 'acidic', 'silky']",-0.13305555555555557,0.6766666666666667
US,"Hot in high alcohol, which gives a burn that accentuates the pepper spice and makes it fierce. Yet it's fully dry and rich in blackberry, blueberry, anise and tobacco flavors. Defines the California superripe Zinfandel style.",0.2989628796719753,0.3888888888888884,0.27534861167456026,0.30169226942212957,1.0,0.0,0.0,0.0,0.0,0.6146826144835581,0.0,0.3885911135299541,0.0,0.0,0.0,0.6864125799671856,0.0,0.0,0.0,0.0,5,"['hot', 'high', 'fierce', 'dry', 'rich']",0.17958333333333334,0.685
France,"This firm, dry wine is all tannins and bitter extraction. It has a hard side to it that the juicy fruit cannot balance.",0.27703216391229124,0.11111111111111072,0.28601832536769556,0.26705326328437184,0.06730769230769232,0.0,0.0,0.0,0.0,0.589304222300376,0.0,0.0,0.45617067433024444,0.0,0.0,0.0,0.0,0.0,0.5524303467115693,0.37342945986112897,4,"['dry', 'bitter', 'hard', 'juicy']",-0.16458333333333336,0.5104166666666666
US,"Soft and round, with an explosive burst of candied fruit on the palate, this Barbera has concentrated flavors of dried cherry, plum and milk chocolate, the latter of which pops on the finish.",0.31898405454055623,0.33333333333333304,0.24811861318687123,0.31860948343793183,0.038461538461538464,0.0,0.0,0.0,0.4621292834382151,0.0,0.47733016184491867,0.3178154298769198,0.38915342143404974,0.0,0.5533040837553136,0.0,0.0,0.0,0.0,0.0,3,"['soft', 'round', 'explosive']",-0.07500000000000001,0.3375
France,"Produced only in top years, this rich wine is impressive. It has great fruit, ripe strawberries and red currants bringing juicy fruitiness. There is also a more serious mineral texture that comes with tangy acidity. Age this wine for a few more months and drink from the end of 2017.",0.23963682528528263,0.6666666666666661,0.3822418830488019,0.2564155973324229,0.7403846153846154,0.4083287180243817,0.0,0.0,0.0,0.0,0.0,0.0,0.33043945664839325,0.0,0.0,0.4766925823653727,0.45183263349407854,0.0,0.0,0.5410072797607419,11,"['top', 'rich', 'impressive', 'great', 'ripe', 'red', 'juicy', 'serious', 'tangy', 'few', 'more']",0.3141666666666666,0.5766666666666667
US,"A rustic wine with strong, edgy tannins and modest cherry and coffee flavors. It's very dry and astringent, but will soften with beef.",0.31898405454055623,0.2777777777777777,0.24506218478519182,0.31598700367302035,0.8365384615384616,0.0,0.0,0.0,0.4896119414022961,0.5326250105889023,0.0,0.33671579622036213,0.0,0.0,0.0,0.0,0.0,0.0,0.4992976600749749,0.3375130577485682,6,"['rustic', 'strong', 'edgy', 'modest', 'dry', 'astringent']",0.03666666666666667,0.7908333333333333
US,"Ripe and generously oaked on the palate, this Chardonnay has flavors of pineapple jam, buttered toast and buttered popcorn. It's brightened with crisp acidity.",0.3374017500503924,0.2777777777777777,0.2250778452357497,0.3339344281723904,0.14423076923076925,0.5009333838059323,0.0,0.0,0.0,0.0,0.0,0.3310671382342531,0.0,0.0,0.5763747834808949,0.0,0.554303530511463,0.0,0.0,0.0,2,"['ripe', 'crisp']",0.25,0.4166666666666667
Italy,"Dark berry, truffle, toast and kitchen spice aromas meld in the glass. On the palate, notes of roasted coffee bean, powdered sage and ground pepper accent a core of dried black cherry while assertive tannins provide the framework. It ends on an astringent note.",0.265229661158644,0.3888888888888884,0.3211511655217365,0.26882339298866675,0.6923076923076923,0.0,0.44103588998486254,0.4747712510352651,0.4086601102110412,0.0,0.0,0.0,0.0,0.0,0.4892858253114707,0.0,0.0,0.0,0.41674440417028064,0.0,7,"['dark', 'truffle', 'roasted', 'powdered', 'black', 'assertive', 'astringent']",-0.1722222222222222,0.4777777777777778
US,"Earthy, spicy aromas lead, rolling into smoky layers of typical Cab flavors. Berry, tobacco and touches of sweet oak give it okay complexity.",0.2256871994234474,0.16666666666666607,0.36579110665152753,0.21974703669453688,0.11538461538461539,0.0,0.5180132669114407,0.0,0.0,0.0,0.0,0.33009632356068974,0.0,0.5478426927878769,0.0,0.0,0.0,0.5679498714097757,0.0,0.0,6,"['earthy', 'spicy', 'smoky', 'typical', 'sweet', 'okay']",0.22777777777777777,0.5499999999999999
Italy,Rubesco Riserva is a dark and sophisticated wine (a 70-30 blend of Sangiovese and Canajolo) with big aromas of red fruit and exotic spice. This vintage (2003 was an exceptionally hot year) shows extra ripeness on the fruit and a touch of bitterness on the close.,0.5097998714310973,0.4999999999999991,0.1039663354785744,0.5122698600105531,0.6923076923076923,0.0,0.5100920439647649,0.0,0.0,0.0,0.0,0.0,0.796020449964755,0.0,0.0,0.0,0.0,0.0,0.0,0.3258182774519521,7,"['dark', 'sophisticated', 'big', 'red', 'exotic', 'hot', 'extra']",0.15714285714285717,0.4928571428571429
France,"Toasty, with notes of slightly menthol-like oak layered over ripe blackberry fruit. It's a medium-bodied wine that finishes crisp, tart and mouthwatering. Give it another 6–12 months to better integrate the oak, then drink it over the next five or so years.",0.2256871994234474,0.3888888888888884,0.38412967706160384,0.2302978710389545,0.4326923076923077,0.0,0.0,0.0,0.0,0.0,0.0,0.0,0.3030535207281517,0.8215209452678544,0.0,0.0,0.4143859566563627,0.0,0.0,0.24808502370452348,7,"['like', 'ripe', 'bodied', 'crisp', '6–12', 'next', 'so']",0.14583333333333334,0.27083333333333337
France,"Generous and opulent, this is a wood-aged wine in which the fruit plays a delicious part. Blackberry juice and acidity play counterpoint to toasty wood flavors and dark tannins. There is a fine, toasty aftertaste that promises good aging. Drink from 2015.",0.27703216391229124,0.6111111111111107,0.31902775210583295,0.2904013954834763,0.06730769230769232,0.5352141170618796,0.0,0.0,0.0,0.0,0.0,0.3537232929696202,0.43312129229645996,0.0,0.0,0.0,0.0,0.0,0.5245171580194071,0.35456082413471735,9,"['generous', 'opulent', 'aged', 'delicious', 'toasty', 'dark', 'fine', 'toasty', 'good']",0.49166666666666664,0.625
France,"This Clerc-Milon, under the same winemaking team as Mouton Rothschild, is an attractive wine, not heavy, already quite soft. It seems to have been heavily extracted, in a New World style, with new wood aromas and flavors, losing something of Pauillac, but a winner in that it's immediately attractive. Imported by Diageo Chateau & Estates.",0.5097998714310973,0.4999999999999991,0.1039663354785744,0.5122698600105531,0.06730769230769232,0.0,0.7424613341459596,0.0,0.0,0.0,0.0,0.4731225480938222,0.0,0.0,0.0,0.0,0.0,0.0,0.0,0.47424278780326307,7,"['same', 'winemaking', 'attractive', 'heavy', 'soft', 'new', 'attractive']",0.2340909090909091,0.5480113636363637
Italy,"This opens with aromas of dark berry, toast, espresso and a whiff of dark cooking spice. The bracing palate offers unripe cherry, licorice, powdered sage and toasted oak alongside bracing tannins that leave an astringent, mouth-puckering finish.",0.3625283276957145,0.3888888888888884,0.20532861556335982,0.36363556230022964,0.5384615384615385,0.0,0.4076817390065398,0.0,0.37775443717099694,0.0,0.390179962825436,0.0,0.0,0.431157802249822,0.45228268416222733,0.0,0.0,0.0,0.38522734151911225,0.0,4,"['dark', 'dark', 'powdered', 'astringent']",-0.06666666666666667,0.26666666666666666
US,"With this wine, Venge has taken a giant leap into the front ranks of California Syrah producers. It's made from fruit that's sourced from the great Stagecoach Vineyard, which straddles Atlas Peak—a cool mountain region. The acidity is preserved, and the concentrated fruit easily handles the 60% new French oak. Dramatic and high in alcohol, this selection is gorgeous to drink now, and it will remain fresh over the next six years.",0.5055777647747736,0.7777777777777777,0.11295655720149395,0.5204134396778775,0.8365384615384616,0.43595872418075177,0.0,0.0,0.0,0.0,0.0,0.0,0.7055980026896492,0.4781857811418454,0.0,0.0,0.0,0.0,0.0,0.28880756244397787,12,"['giant', 'front', 'great', 'cool', 'concentrated', 'new', 'french', 'dramatic', 'high', 'gorgeous', 'fresh', 'next']",0.22239669421487604,0.5661707988980716
France,"Ripe, open and packed with melon and tropical fruit flavors, this wine is already showing enticing drinkability. Its fresh, ripe fruits is layered with some mineral character and an under-cushion of wood.",0.5482387418095143,0.5555555555555554,0.08683323752902057,0.5522439039621503,0.14423076923076925,0.0,0.0,0.0,0.0,0.0,0.0,0.26066882010571774,0.31917947861940354,0.0,0.0,0.0,0.8728721796400115,0.0,0.0,0.2612860207960505,6,"['ripe', 'open', 'tropical', 'fresh', 'ripe', 'mineral']",0.15,0.5
US,"A dark, rich, ripe Syrah that defines the California style, and preserves the fine structure that this cool-climate region lends to red wines. The wine is dry and tannic, and the flavors, of blackberries, cherries, blueberries, dark chocolate and sweet, smoky oak, are just delicious. Now and for a few years.",0.34608573750449545,0.6666666666666661,0.23521369326866937,0.3601422512744916,0.8365384615384616,0.0,0.0,0.0,0.0,0.3936745874137198,0.0,0.24887387846502138,0.0,0.4130422728497087,0.0,0.43961417298454736,0.4166878966635211,0.42820194344113494,0.0,0.2494631515876454,13,"['dark', 'rich', 'ripe', 'fine', 'cool', 'red', 'dry', 'tannic', 'dark', 'sweet', 'smoky', 'delicious', 'few']",0.175,0.4888888888888888
US,"Brander has struggled with Merlot. This year's bottling achieve plenty of cherry-berry and mocha fruit. The challenge continues to be the tannic structure, but improvement is notable.",0.27703216391229124,0.3888888888888884,0.30435689577777186,0.28032317133396,0.4903846153846154,0.0,0.0,0.0,0.7649177878888915,0.0,0.0,0.0,0.6441279203474762,0.0,0.0,0.0,0.0,0.0,0.0,0.0,2,"['tannic', 'notable']",0.5,0.5
France,Excellent color on this firmly fruity wine. It has an attractive edge of tannins giving it good structure while showing all of the fresh nouveau fruit.,0.15949202727027811,0.33333333333333304,0.5109714557312984,0.16322526066752552,0.2692307692307693,0.0,0.0,0.0,0.0,0.0,0.0,0.0,0.5646297081565478,0.0,0.0,0.0,0.0,0.0,0.6837760579382633,0.46221596170779333,4,"['excellent', 'attractive', 'good', 'fresh']",0.5199999999999999,0.7
Italy,Cantina Tre Serre is a well-priced and informal Barbera with a thin and informal style backed by fruity freshness. There's even a tiny touch of effervescence that adds a perky and peppery sensation to the mouthfeel.,0.1394708524016972,0.22222222222222143,0.5454257395320479,0.13845292298862533,0.038461538461538464,0.0,0.0,0.0,0.0,0.0,0.0,0.0,0.0,0.0,0.0,0.0,0.0,0.0,0.0,0.0,4,"['informal', 'thin', 'informal', 'tiny']",-0.16666666666666666,0.6166666666666667
France,"This solidly structured wine shows the firm tannins and mineral structure typical of wines from Côte du Py. It has dense black cherry fruits along with sacidity that cuts through the structure. It could age another year, but is worth drinking now.",0.31898405454055623,0.6111111111111107,0.2634007551952681,0.331280827115503,0.2692307692307693,0.0,0.0,0.5909547296683387,0.5086652244199623,0.0,0.0,0.0,0.0,0.0,0.0,0.0,0.0,0.0,0.518727863513682,0.35064740204789874,5,"['firm', 'typical', 'dense', 'black', 'worth']",-0.04666666666666667,0.3066666666666667
US,"Each year this value red blend is surprisingly different. With Syrah as the main component, it's spicier, more sappy and loaded with bright and forward berry flavors. The Bordeaux grapes that fill in the second half of the blend add notes of herb, earth, leaf and a hint of stone. It's a delicious, fine value.",0.21083699175912196,0.44444444444444375,0.4156108895989015,0.218392594934111,0.6923076923076923,0.0,0.0,0.0,0.0,0.0,0.0,1.0,0.0,0.0,0.0,0.0,0.0,0.0,0.0,0.0,10,"['red', 'different', 'main', 'spicier', 'sappy', 'bright', 'forward', 'second', 'delicious', 'fine']",0.29074074074074074,0.43333333333333335
US,"Just over 75% Cabernet Sauvignon with the balance Malbec (10%), Petit Verdot (8%) and Merlot, this wine offers brooding but well-delineated aromas and flavors of blackberry, dried flowers, black tea, herbs, earth, barrel spices and light meaty notes. It's packed tightly with firm tannins and also shows great length. Drink 2022–2028.",0.7406580380588,0.7777777777777777,0.03123445380370204,0.7495708913681887,0.06730769230769232,0.0,0.5086063929870023,0.5475103023730351,0.0,0.0,0.0,0.32410193172364266,0.0,0.0,0.0,0.0,0.0,0.0,0.4805932419917998,0.3248693266729768,4,"['black', 'light', 'firm', 'great']",0.07925170068027211,0.4527210884353741
US,"Sweet-pea vines and green herbs add freshness to the perfumed flower and luscious peach-nectar notes. A classically-styled Pinot Gris, this is dry yet mouthfilling and rich. It finishes long, with notes of stone fruit and black tea leaves.",0.19496184539877393,0.44444444444444375,0.4463498266672199,0.20292764082694137,0.625,0.0,0.0,0.4696929514751903,0.0,0.4398062856398546,0.0,0.0,0.34044678843782405,0.0,0.0,0.4911291780482147,0.0,0.4783796370648063,0.0,0.0,8,"['sweet', 'green', 'perfumed', 'luscious', 'dry', 'mouthfilling', 'rich', 'black']",-0.021666666666666664,0.4966666666666667
US,"Rounder and more fruity than the inaugural 2007 Pinot Gris, this has succulent green apple and Bosch pear flavors balanced against crisp, refreshing acids.",0.21083699175912196,0.44444444444444375,0.4156108895989015,0.218392594934111,0.625,0.0,0.0,0.0,0.0,0.0,0.0,1.0,0.0,0.0,0.0,0.0,0.0,0.0,0.0,0.0,6,"['more', 'inaugural', 'succulent', 'green', 'crisp', 'refreshing']",0.2625,0.5541666666666667
US,"One wishes that Mike Januik made more Rieslings, as the few he's made from Bacchus Vineyard fruit have been excellent. This is made in a bright, spicy, palate-pleasing style, and it offers lively flavors of citrus, orange and pear. A hint of mint, a splash of jasmine tea, and an engaging, long, refreshing finish all add to the pleasure.",0.27703216391229124,0.7222222222222214,0.3263631802698635,0.29527564992652233,0.7307692307692308,0.0,0.0,0.0,0.0,0.0,0.5382537197823783,0.3583794844941428,0.4388226292747241,0.0,0.6239244972515213,0.0,0.0,0.0,0.0,0.0,11,"['more', 'few', 'excellent', 'bright', 'spicy', 'pleasing', 'lively', 'orange', 'engaging', 'long', 'refreshing']",0.3429292929292929,0.5555555555555556
US,"The best of the new releases from Michael Florentino, which has changed hands since this vintage was harvested. Autumnal flavors marry vivid, distinctive fruit to hints of leaf and citrus, elegant and complex.",0.3283771284011352,0.6111111111111107,0.2522753558131552,0.34043426676790833,0.5192307692307693,0.0,0.0,0.0,0.0,0.0,0.0,0.6325426926623351,0.7745254947123966,0.0,0.0,0.0,0.0,0.0,0.0,0.0,7,"['best', 'new', 'autumnal', 'vivid', 'distinctive', 'elegant', 'complex']",0.29227272727272724,0.5809090909090908
US,"It's nice that they've held back this wine for a few years before releasing it, because it's beginning to meld together in a very delightful way. The tannins, oak and alcohol are coalescing with the cherries, pomegranates, cola, tangerine, vanilla and spices, giving the wine a silky, complex, mellow mouthfeel. Beautifully dry and lush now, and should develop through 2012.",0.4636258741465087,0.7222222222222214,0.1368646193657416,0.47712362177819134,0.6346153846153847,0.0,0.0,0.0,0.0,0.46697472437740856,0.0,0.0,0.0,0.4899485709437213,0.0,0.0,0.0,0.0,0.43775523597361937,0.591823755860247,8,"['nice', 'few', 'delightful', 'silky', 'complex', 'mellow', 'dry', 'lush']",0.1619047619047619,0.4857142857142857
US,"Give this tough, young Cabernet a good long decant before serving. At first, it's dominated by sharp acidity and mouth-numbing tannins. But after some airing, it offers black currant flavors. This is likely not an ager.",0.4878691556714132,0.33333333333333304,0.11143513506376909,0.48320336340370695,0.11538461538461539,0.5238747948332403,0.0,0.5848901117413551,0.0,0.0,0.0,0.34622912891285607,0.0,0.0,0.0,0.0,0.0,0.0,0.5134044670801573,0.0,6,"['tough', 'young', 'good', 'decant', 'sharp', 'black']",0.046604938271604945,0.5277777777777778
France,"An intriguing wine, that offers ripe sweetness followed by an edgy rustic acidity. Is this a stage in its evolution? Probably, because the tannins promise aging and the intensely aromatic nature of the fruit points to a potentially fine wine. Just don't drink it yet.",0.5097998714310973,0.4999999999999991,0.1039663354785744,0.5122698600105531,0.6346153846153847,0.42275889330181593,0.0,0.0,0.0,0.0,0.0,0.0,0.3421170562575682,0.0,0.0,0.0,0.4678002199252512,0.0,0.41430950001728184,0.5601262628954262,5,"['intriguing', 'ripe', 'edgy', 'aromatic', 'fine']",0.14333333333333337,0.53
US,"Get a case of this and make it your house wine for easy drinking. It's dry and spicy, and has enough cherry, berry and cola flavors to satisfy your tastebuds.",0.11754013664201335,0.2777777777777777,0.6087771645850387,0.11974803212566432,0.4903846153846154,0.0,0.0,0.0,0.5650908294277452,0.6147348206941281,0.0,0.3886241173420362,0.0,0.0,0.0,0.0,0.0,0.0,0.0,0.3895442852140748,4,"['easy', 'dry', 'spicy', 'enough']",0.12222222222222223,0.6444444444444445
Italy,"Cherry, citrus rind and oak make for a short, stout nose. It seems more precise on the palate, with pure cherry and coffee flavors poking through a veil of tight tannins. Gets even firmer on the finish, with a smack of raisin. A wine that requires airing; or more cellar time.",0.3703290190294001,0.44444444444444375,0.2004383301206728,0.3738005004254199,0.06730769230769232,0.0,0.0,0.0,0.639162927412407,0.0,0.33009349820592554,0.2197824805924932,0.0,0.3647608816014382,0.38263259935741306,0.0,0.0,0.0,0.32590356471868237,0.22030287232438397,7,"['short', 'stout', 'precise', 'pure', 'tight', 'firmer', 'cellar']",0.2392857142857143,0.48095238095238096
US,"Smooth and ripe, this Bordeaux blend pleases for its rich array of blackberry, cherry and spicy plum flavors. The texture is soft and chocolaty. Loses a point or two for the sugary finish, though. Drink now.",0.43652419118256935,0.2777777777777777,0.14114361912809273,0.4305359009193923,0.06730769230769232,0.0,0.0,0.0,0.4326862489218139,0.0,0.4469186537786953,0.29756687388390385,0.0,0.0,0.0,0.5256261363261359,0.49821425840337835,0.0,0.0,0.0,7,"['smooth', 'ripe', 'rich', 'spicy', 'soft', 'chocolaty', 'sugary']",0.14375,0.42500000000000004
US,"2008 was a great vintage for Tax, and this Santa Barbara bottling is a great value. It really delivers, offering a dry, elegantly structured and complex wine. The silky texture houses savory flavors of cherries, red currants, cola and sandalwood, with an umami taste of bacon. Just delicious for drinking now.",0.30919115719657264,0.6111111111111107,0.2754935806106083,0.32173794641193365,0.6346153846153847,0.0,0.0,0.0,0.0,0.7451071960204126,0.0,0.47104315003934244,0.0,0.0,0.0,0.0,0.0,0.0,0.0,0.4721584662373553,9,"['great', 'great', 'dry', 'structured', 'complex', 'silky', 'red', 'umami', 'delicious']",0.3666666666666667,0.5874999999999999
US,"Bone dry with aromas of freshly pressed apples, this is an austere but elegant sparkling blend of Chardonnay and Pinot Noir. With notes of delicate white florals and yeast in the backdrop, the palate has a savory, dusty quality accented by a racy acidity and strong, minerally finish.",0.3283771284011352,0.3888888888888884,0.24053867075070634,0.3303549103615069,0.13461538461538464,0.4272669890132123,0.44313457311071963,0.0,0.0,0.4466769115044948,0.424110806837567,0.0,0.0,0.0,0.4916141072690626,0.0,0.0,0.0,0.0,0.0,9,"['dry', 'austere', 'elegant', 'sparkling', 'delicate', 'white', 'savory', 'dusty', 'strong']",0.06666666666666667,0.619047619047619
US,"A bit rough and ready, but shows basic Cabernet quality in the full-bodied flavors of blackberries, currants, chocolate and smoky oak. Good for a tailgate party.",0.1779097227801143,0.16666666666666607,0.4536046457305468,0.1732065099812743,0.11538461538461539,0.0,0.0,0.0,0.0,0.0,0.0,0.516093626858873,0.0,0.85653217587879,0.0,0.0,0.0,0.0,0.0,0.0,7,"['rough', 'ready', 'basic', 'bodied', 'smoky', 'good', 'tailgate']",0.13999999999999999,0.445
US,"Nice and ripely sweet in fresh blackberry, cherry and oak flavors, this Syrah is made for drinking now. It's dry and rich in tannins, with a soft, velvety mouthfeel. Shows interesting complications of smoked meats, pepper, cola and minerals.",0.5055777647747736,0.44444444444444375,0.10480608146368225,0.5056201848075383,0.8365384615384616,0.0,0.0,0.0,0.35635051644061255,0.3876563897705048,0.0,0.24506928391733745,0.0,0.4067279967636073,0.0,0.4328936859011403,0.0,0.4216559178422581,0.3633999990190442,0.0,8,"['nice', 'sweet', 'fresh', 'dry', 'rich', 'soft', 'interesting', 'smoked']",0.3083333333333333,0.6214285714285713
US,"Von Strasser has a good track record with this wine, and the '05 is right up there with the best, but be forewarned. It's very tannic. But then, it is from Diamond Mountain. Give it a good 4 years, at least, to throw some sediment and let the rich blackberry and black currant flavors emerge. Should hold well for 15 years.",0.5811660107885219,0.6666666666666661,0.07524702278788518,0.5892702010890682,0.11538461538461539,0.0,0.0,0.5980581706642408,0.0,0.0,0.0,0.35402403855283987,0.0,0.0,0.0,0.6253528328684369,0.0,0.0,0.0,0.3548622818107047,7,"['good', 'best', 'tannic', 'good', 'least', 'rich', 'black']",0.3492559523809525,0.4898809523809524
US,"Fans of the ripe, modern style of Chardonnay will fall in love with this bottling. It's strong in toast, buttered popcorn, vanilla cream and peach, pear and pineapple jam flavors that dazzle and wow the palate. Easy to find, with nearly 17,000 cases produced.",0.2989628796719753,0.3888888888888884,0.27534861167456026,0.30169226942212957,0.14423076923076925,0.0,0.0,0.0,0.0,0.0,0.0,0.3825217255593344,0.0,0.0,0.6659551833561855,0.0,0.640453607403486,0.0,0.0,0.0,4,"['ripe', 'modern', 'strong', 'easy']",0.29444444444444445,0.6444444444444445
US,"Straightforward, this Chard shows well-ripened flavors of pineapple jam, nectarines, peaches and vanilla. It finishes with caramelized, butterscotchy sweetness.",0.2527888823873867,0.22222222222222143,0.32758575163053527,0.24883521773945927,0.14423076923076925,0.0,0.0,0.0,0.0,0.0,0.0,1.0,0.0,0.0,0.0,0.0,0.0,0.0,0.0,0.0,1,['butterscotchy'],0.375,0.375
US,"Unbalanced, with lots of acidity, hard tannins and raisiny flavors alongside green ones.",0.34608573750449545,0.11111111111111072,0.20804544080929707,0.33433990272487746,1.0,0.6458718946511457,0.0,0.0,0.0,0.0,0.0,0.42685707669051853,0.0,0.0,0.0,0.0,0.0,0.0,0.6329632941798159,0.0,3,"['unbalanced', 'hard', 'green']",-0.24583333333333335,0.4208333333333333
US,"A very nice Syrah, dark and dry and full-bodied. Although it's a bit young and thick in jammy, primary fruit flavors, it's smooth and balanced. With rich blackberry pie, chocolate, violet, beef carpaccio, bacon and pepper flavors, it should develop through 2011.",0.39912885255556074,0.6111111111111107,0.1815963479738493,0.4093858288742629,0.8365384615384616,0.0,0.0,0.0,0.0,0.47432126951500064,0.0,0.5997144736121565,0.3671642679212777,0.0,0.0,0.5296718642589999,0.0,0.0,0.0,0.0,11,"['nice', 'dark', 'dry', 'full', 'bodied', 'young', 'thick', 'primary', 'smooth', 'balanced', 'rich']",0.15981481481481483,0.5805555555555555
US,"Fruity and easy, this soft wine has sweet flavors of apricots and caramel. Valdiguié, formerly known as Napa Gamay, is a red grape, and that accounts for the note of crushed raspberries.",0.23963682528528263,0.22222222222222143,0.34772222110042295,0.23602166451146878,0.9711538461538463,0.0,0.0,0.0,0.0,0.0,0.0,0.44878435354831014,0.0,0.0,0.0,0.0,0.0,0.7721595113179741,0.0,0.44984696630233356,5,"['easy', 'soft', 'sweet', 'red', 'crushed']",0.13055555555555556,0.32222222222222224
Italy,"Here is a beautifully extracted and voluptuous Barolo from the Cannubi cru that would pair with tender veal shank, slow cooked until falling off the bone. Black cherry, spice, root beer and fragrant earthy tones all appear on the nose and the wine closes with tight, firm structure. Cellar age ten years or more.",0.6355586801880441,0.7222222222222214,0.05707575161663764,0.6447170762192662,0.5384615384615385,0.0,0.0,0.6912241021774542,0.5949722464458673,0.0,0.0,0.0,0.0,0.0,0.0,0.0,0.0,0.0,0.0,0.41014298302924856,12,"['voluptuous', 'tender', 'veal', 'shank', 'slow', 'black', 'fragrant', 'earthy', 'tight', 'firm', 'cellar', 'more']",0.07210884353741497,0.4312925170068027
US,"A Bordeaux blend based on Cabernet Sauvignon and Merlot, the grapes for this stunning wine came from David Abreu's vineyard in the St. Helena foothills. It's very complex, softer, more open and approachable than Colgin's 100% Cabs, with a flamboyant spectrum of cherries,  framboise, cocoa, violets, gingerbread and spices framed in supple, fine tannins. Beautiful, a feminine wine of great beauty. Drink now through 2015.",0.8339548931759088,0.833333333333333,0.016237578446128526,0.8428968227842819,0.06730769230769232,0.0,0.0,0.0,0.0,0.0,0.0,0.0,0.0,0.0,0.0,0.0,0.0,0.0,0.5946724005002497,0.8039681188226748,11,"['stunning', 'complex', 'softer', 'open', 'approachable', 'flamboyant', 'supple', 'fine', 'beautiful', 'feminine', 'great']",0.3823809523809524,0.6814285714285714
Italy,"Here's a pale and luminous rosé from Southern Italy with a pinkish-peach color and delicate aromas of stone fruit, wild berries, white cherries and a touch of chopped mint or basil. The wine is tart but also slightly sweet in the mouth and there's a touch of bitter almond on the close.",0.21083699175912196,0.2777777777777777,0.4009400332708405,0.21061762105872495,0.7403846153846154,0.0,0.5573724776094372,0.0,0.0,0.0,0.0,0.0,0.43490179436643217,0.0,0.0,0.0,0.0,0.6111033195598576,0.0,0.3560183749236792,9,"['pale', 'luminous', 'pinkish', 'delicate', 'wild', 'white', 'tart', 'sweet', 'bitter']",-0.022857142857142864,0.3757142857142857
Spain,"Full, roasted and earthy on the nose, with only some coconut and berry aromas to sweeten things up. Tight, level and structured in the mouth, with roasted raspberry and plum along with oaky, buttery, smoky accents that confirm the wine's “roble” designation. Good but with some excess oak to process.",0.2527888823873867,0.33333333333333304,0.3357362273683469,0.25411033635148494,0.8557692307692308,0.0,0.6291326050114268,0.0,0.0,0.0,0.0,0.0,0.0,0.6653607590112856,0.0,0.0,0.0,0.0,0.0,0.4018547320605569,9,"['full', 'roasted', 'earthy', 'tight', 'roasted', 'smoky', 'roble', 'good', 'excess']",0.21785714285714283,0.6089285714285715
Italy,"Here's an absolutely terrific, but informal sparkling rosé from southern Italy (made with Negroamaro grapes). Sweet berry, chopped mint and peach come to the fore and the wine is soft and slightly sweet. It's easy, fresh and would make a great cocktail choice.",0.11754013664201335,0.33333333333333304,0.6161125927490693,0.12236872472390337,0.5480769230769231,0.0,0.0,0.0,0.0,0.0,0.0,0.0,0.0,0.0,0.0,0.0,0.0,0.9600967697627201,0.0,0.2796680044109275,9,"['terrific', 'informal', 'southern', 'sweet', 'soft', 'sweet', 'easy', 'fresh', 'great']",0.2916666666666667,0.5916666666666667
Spain,"Dark, sweet and candied on the nose, with hints of raisin and licorice that become more prominent in the mouth. Saturated but also somewhat monotone and single-leveled in terms of flavor, where you get a narrow band of sweet black cherry and raisin in front of a short finish. Very nice as always, but not the best Allende we've reviewed.",0.3374017500503924,0.4999999999999991,0.2363631193342582,0.3442456503987712,0.8557692307692308,0.0,0.0,0.38689273174448674,0.33301853482027455,0.0,0.3439725566414396,0.0,0.0,0.0,0.0,0.0,0.0,0.7880961552164798,0.0,0.0,12,"['dark', 'sweet', 'candied', 'prominent', 'monotone', 'single', 'narrow', 'sweet', 'black', 'short', 'nice', 'best']",0.29633333333333334,0.5633333333333332
US,"Although this is Ste. Michelle's widely available Merlot offering, it breaks the mold by being held back a considerable time prior to release. It's an unusual wine, with scents of overripe, raisined fruit, a streak of tobacco and black licorice, a soft midpalate, and some bitterness in the finishing tannins.",0.2256871994234474,0.22222222222222143,0.37037574925404665,0.22243163100832875,0.4903846153846154,0.0,0.0,0.6145333364157064,0.0,0.0,0.0,0.0,0.44543121227093646,0.0,0.0,0.0,0.0,0.0,0.5394246778188246,0.36463794444446035,5,"['available', 'considerable', 'unusual', 'black', 'soft']",0.09047619047619047,0.3761904761904762
France,"The dilute, grapey flavors are candied, and a pile of charred lumber doesn't make them go down any easier. A simple wood-and-juice quaff.",0.03546981812849592,0.05555555555555536,0.8340796010516905,0.02905400857638707,0.8365384615384616,0.0,0.0,0.0,0.0,0.0,0.0,1.0,0.0,0.0,0.0,0.0,0.0,0.0,0.0,0.0,4,"['grapey', 'charred', 'easier', 'simple']",-0.07777777777777779,0.32301587301587303
US,"This is a lovely Zinfandel, soft and appealing. It has fine balance and is dry and rich in cherry, currant, Provençal herb, spice and tobacco flavors. Shows real complexity as it changes in the glass.",0.3283771284011352,0.6111111111111107,0.2522753558131552,0.34043426676790833,1.0,0.0,0.0,0.0,0.49194207745200647,0.5351598522322576,0.0,0.33831827677472287,0.0,0.0,0.0,0.5976099635976081,0.0,0.0,0.0,0.0,7,"['lovely', 'soft', 'appealing', 'fine', 'dry', 'rich', 'real']",0.2892857142857143,0.5357142857142857
US,"Hot and unbalanced in fruit, with flavors that span the gamut from raisins to mint, this Zin is bone dry. It's a rustic wine, with some rugged tannins and a coarse finish.",0.23963682528528263,0.11111111111111072,0.3390923056133282,0.2306197200684652,1.0,0.0,0.0,0.0,0.0,0.4890755458308596,0.4643674633824501,0.3091846206100359,0.3785853097559814,0.0,0.0,0.0,0.0,0.0,0.458473167385143,0.3099166949762888,6,"['hot', 'unbalanced', 'dry', 'rustic', 'rugged', 'coarse']",0.061111111111111116,0.65
US,"Amador Foothill does a good job with Sangiovese, and this dry rosé is made from that variety. It's a cheerful wine, brisk in acidity and with delicate but complex cherry, rose petal and lavender flavors. The winemaker recommends bouillabaisse, which is a pretty good suggestion.",0.1394708524016972,0.33333333333333304,0.558762881648467,0.14372584969470692,0.7692307692307693,0.5068835875839903,0.0,0.0,0.4871164987571442,0.5299103399428162,0.0,0.33499963105744146,0.0,0.0,0.0,0.0,0.0,0.0,0.0,0.3357928291218131,8,"['good', 'dry', 'cheerful', 'brisk', 'delicate', 'complex', 'petal', 'good']",0.24791666666666665,0.7562500000000001
US,"Veneered with oak, the nose bears strong aromas of carpenter's shop and charred sugar, with notes of dark stone fruit and cranberry sauce lingering beneath. While initially soft and syrupy, the midpalate gains some tannic traction. Raw meat and blackberry flavors mark the juicy finish.",0.30919115719657264,0.22222222222222143,0.25316836445921104,0.303790994309723,0.06730769230769232,0.0,0.4969432772355554,0.0,0.0,0.0,0.4756095034097393,0.3166697830187069,0.38775061857201953,0.5255594027287767,0.0,0.0,0.0,0.0,0.0,0.0,8,"['strong', 'charred', 'dark', 'cranberry', 'soft', 'tannic', 'raw', 'juicy']",0.03814102564102563,0.48621794871794877
Spain,"Dark as night, and dominated by meaty plum and beef jerky aromas. The palate is huge, with pure fruit, tannin and chocolate pooling at the finish. A new classic in every sense, with stellar balance and complexity. Less than 400 cases made. Imported by Tempranillo, Inc.",0.7406580380588,0.8888888888888884,0.03221251089223945,0.7542934445911185,0.8557692307692308,0.0,0.516014155835902,0.0,0.0,0.0,0.49386166923267866,0.0,0.4026310794067702,0.0,0.5724668169731876,0.0,0.0,0.0,0.0,0.0,6,"['jerky', 'huge', 'pure', 'new', 'stellar', 'less']",0.12152133580705012,0.3911255411255411
France,"Tannins and red plums combine in this light, elegant wine. The acidity is important though, with the fruit fresh rather than warm.",0.47363172694928746,0.44444444444444375,0.12260995754344114,0.47448221002315316,0.6346153846153847,0.5722072518062947,0.0,0.0,0.0,0.0,0.0,0.0,0.46305793599815387,0.0,0.0,0.0,0.0,0.0,0.5607709362435086,0.37906749524853256,4,"['red', 'elegant', 'important', 'warm']",0.3666666666666667,0.6333333333333334
US,"This epitomizes Dry Creek Valley Zinfandel. It's dry, briary and brambly, with wild berry, cola and crisped bacon flavors. It's incredibly spicy, offering everything from black and white pepper to nutmeg, anise and clove. The texture is a delight—silky and gently tannic. While the official alcohol is 13.7%, it tastes warmer.",0.31898405454055623,0.5555555555555554,0.26034432679358877,0.3288031720891871,1.0,0.0,0.0,0.4537228806744406,0.0,0.8497047879151797,0.0,0.26858391788509356,0.0,0.0,0.0,0.0,0.0,0.0,0.0,0.0,10,"['dry', 'briary', 'wild', 'spicy', 'black', 'white', 'silky', 'tannic', 'official', 'warmer']",0.1285714285714286,0.5333333333333333
Spain,"Airén is a big-crop white grape that is usually distilled into brandy or made into Sherry. But here we see it as a dry white table wine, and while it is limited in scope, the wine's punch-bowl approach and cleansing lime and kiwi flavors are decent.",0.06619517215316933,0.16666666666666607,0.746316442660611,0.06442293811197808,0.009615384615384616,0.0,0.0,0.0,0.0,0.5767883784695644,0.0,0.36463507016370955,0.0,0.0,0.0,0.0,0.0,0.0,0.0,0.7309968755536216,5,"['big', 'white', 'dry', 'white', 'decent']",-0.0369047619047619,0.27658730158730155
US,"Rather tough and astringent now, with crunchy, dry tannins and acidity dominating. These are very fine vineyards but the vintage was so-so. With its core of cherries, red currants and cola, it could develop over the next six years.",0.5652908644281741,0.44444444444444375,0.07748258184739924,0.5638252148199134,0.6346153846153847,0.5722844420285984,0.0,0.0,0.0,0.5982822301759959,0.0,0.0,0.0,0.0,0.0,0.0,0.0,0.0,0.5608465837175548,0.0,7,"['tough', 'astringent', 'crunchy', 'dry', 'fine', 'red', 'next']",0.01722222222222224,0.4166666666666667
France,"Spice and blackcurrant aromas are combined with solid tannins and powerful wood flavors to give a spectacular, polished style, a contrast to the  often rustic wines that come from this appellation. The wine comes from 90-year old vines that are then aged in 70% new wood for 18 months.",0.6126570838453088,0.6111111111111107,0.06288483609904616,0.6175160975244489,0.8365384615384616,0.0,0.6077999954999938,0.0,0.0,0.0,0.0,0.3873115937184129,0.0,0.0,0.0,0.0,0.0,0.0,0.5743234342856721,0.3882286538521103,8,"['solid', 'powerful', 'spectacular', 'polished', 'rustic', 'old', 'aged', 'new']",0.1727272727272727,0.5090909090909091
US,"Simple, hot and sweet-and-sour, this is not a success.",0.27703216391229124,0.0,0.27868289720366507,0.261517418271378,0.8365384615384616,0.0,0.0,0.0,0.0,0.0,0.0,0.0,0.0,0.0,0.0,0.0,0.0,1.0,0.0,0.0,4,"['simple', 'hot', 'sweet', 'sour']",0.03333333333333333,0.40238095238095245
US,"A little on the thin side, fruit-wise. Shows modest peach and pear flavors, with lots of caramelly, toasty oak.",0.1779097227801143,0.11111111111111072,0.44796200868129255,0.17048987356182854,0.14423076923076925,0.0,0.0,0.0,0.0,0.0,0.0,0.4362807247386172,0.534209861376178,0.724071096806102,0.0,0.0,0.0,0.0,0.0,0.0,5,"['little', 'thin', 'wise', 'modest', 'toasty']",-0.1625,0.75
US,"There's so much oak on this Pinot Noir, you might think you were tasting a dessert made with vanilla cream and toasted meringue, like the crust on a baked Alaska. Under all that, loads of ripe raspberries and cherries. Shows the excellent hallmarks of a fine Santa Rita Pinot Noir, but certainly is one of the oakier versions.",0.6355586801880441,0.5555555555555554,0.0547593006174701,0.6373622230080562,0.6346153846153847,0.0,0.0,0.0,0.0,0.0,0.0,0.0,0.0,0.7039931381612285,0.0,0.0,0.71020677370883,0.0,0.0,0.0,6,"['much', 'baked', 'ripe', 'excellent', 'fine', 'oakier']",0.4577380952380952,0.5678571428571428
Spain,"Aromas of white flowers, stone fruits and lees are typical of well-made Albariño. A juicy, elegant palate with a mix of citrus and stone-fruit flavors is lasting, with a hint of pithy character coming up on the finish.",0.23963682528528263,0.5555555555555554,0.3736119675617071,0.2514882823235025,0.019230769230769232,0.0,0.49019333198766185,0.0,0.0,0.0,0.4691493332968597,0.3123684798419554,0.3824838294532337,0.0,0.5438211593437327,0.0,0.0,0.0,0.0,0.0,5,"['white', 'typical', 'juicy', 'elegant', 'pithy']",0.08333333333333334,0.375
US,"Toasty, with a bit of cedar or menthol on the nose; red berries and licorice on the palate. The fruit here is delicate and tart, particularly on the finish, where the flavors are almost lemony.",0.2527888823873867,0.22222222222222143,0.32758575163053527,0.24883521773945927,0.11538461538461539,0.0,0.0,0.0,0.0,0.0,0.5382537197823783,0.3583794844941428,0.4388226292747241,0.0,0.6239244972515213,0.0,0.0,0.0,0.0,0.0,4,"['red', 'delicate', 'tart', 'lemony']",-0.044444444444444446,0.41111111111111115
US,"Made in a directly appealing style, this Syrah is soft and slightly sweet. It offers flavors of blackberry and cherry jam and milk chocolate, with notes of anise and tangerine rind. Drink now.",0.34608573750449545,0.44444444444444375,0.22434639228492043,0.35017454689120364,0.8365384615384616,0.0,0.0,0.0,0.5899662211495023,0.0,0.0,0.4057314152275725,0.0,0.0,0.0,0.0,0.0,0.6980844337184493,0.0,0.0,3,"['soft', 'sweet', 'tangerine']",0.2625,0.375
US,"An elegant, restrained, yet lovely Pinot Noir from a much-maligned vintage. Soft, round cherry fruit is wrapped in sandalwood and mocha flavors. Fully ripe with fine tannins and lovely integration of the barrel notes.",0.4057988371578959,0.5555555555555554,0.1738910662889433,0.41340848202466085,0.6346153846153847,0.0,0.0,0.0,0.46891796906390387,0.0,0.0,0.3224841429789667,0.3948700906280507,0.0,0.0,0.0,0.5399330780475218,0.0,0.4781943104781037,0.0,7,"['elegant', 'lovely', 'soft', 'round', 'ripe', 'fine', 'lovely']",0.3027777777777778,0.625
Italy,"D'Alessandro's plump Syrah is a bold and generous red wine, with richly layered aromas of cherry, blackberry, rum cake, bacon fat and toasted nut. Pair this wine with abbacchio arrosto (roast lamb).",0.27703216391229124,0.44444444444444375,0.3080246098597872,0.28288549199668633,0.8365384615384616,0.0,0.5352457176363613,0.0,0.4959541364462895,0.0,0.0,0.0,0.0,0.0,0.0,0.0,0.0,0.0,0.0,0.683770075605647,4,"['plump', 'bold', 'generous', 'red']",0.23611111111111108,0.47222222222222215
US,"The score reflects the rich cherry, blackberry, cola and smoked meat flavors in this dry, crisp, silky wine. But it also takes into account a certain funkiness and one-dimensional simplicity.",0.21083699175912196,0.22222222222222143,0.39604974782815344,0.20796490506572374,0.8557692307692308,0.0,0.0,0.0,0.4658822485058377,0.5068106321771991,0.0,0.3203964180311557,0.0,0.0,0.0,0.5659525507807524,0.0,0.0,0.0,0.32115503922071253,6,"['rich', 'dry', 'crisp', 'silky', 'certain', 'dimensional']",0.1931547619047619,0.5845238095238096
Italy,"Very dark espresso, leather and black plum aromas and flavors. The mouthfeel is full and balanced by good acidity. The very dry, long finish shows tar, licorice and bitter chocolate flavors, along with some tannins to shed. Time should allow the solid fruit to come from behind the lavish toast that now veils it.",0.27703216391229124,0.3888888888888884,0.30435689577777186,0.28032317133396,0.7692307692307693,0.3378141948019484,0.3503597349049445,0.37715916874455174,0.0,0.3531604478619012,0.33531879223697075,0.4465231599390366,0.27337567516327604,0.0,0.0,0.0,0.0,0.0,0.3310625331948155,0.0,10,"['dark', 'black', 'full', 'balanced', 'good', 'dry', 'long', 'bitter', 'solid', 'lavish']",0.005740740740740725,0.5092592592592593
US,"Soft and simple, with candied peach and pear flavors and some oaky, leesy influence that makes it a little fancier.",0.09329685511710872,0.16666666666666607,0.6617552568808147,0.09080757255694127,0.14423076923076925,0.0,0.0,0.0,0.0,0.0,0.0,1.0,0.0,0.0,0.0,0.0,0.0,0.0,0.0,0.0,4,"['soft', 'simple', 'leesy', 'little']",-0.029166666666666664,0.40238095238095234
US,"Pretty good for the price. Dry and fruity, with polished cherry and cassis flavors. Turns a little harsh and minty, but easy to like with pizza, burgers, enchiladas.",0.15949202727027811,0.2777777777777777,0.5048585989279396,0.16060405769884278,0.6923076923076923,0.0,0.0,0.0,0.6135570932917362,0.667458911184707,0.0,0.4219553236440101,0.0,0.0,0.0,0.0,0.0,0.0,0.0,0.0,6,"['good', 'polished', 'little', 'harsh', 'minty', 'easy']",0.15486111111111112,0.7055555555555556
US,"This wine seems barely ripe, with thin, herbal, almost vegetal flavors and a sour streak. The barrel aging may have contributed some suggestions of vanilla and licorice.",0.3283771284011352,0.16666666666666607,0.2288019856882575,0.3198012834331274,0.8365384615384616,0.0,0.0,0.0,0.0,0.0,0.0,0.4560555967750018,0.0,0.0,0.0,0.0,0.7635708839909892,0.0,0.0,0.4571354260735175,5,"['ripe', 'thin', 'herbal', 'vegetal', 'sour']",-0.16666666666666666,0.35000000000000003
US,"A first-class Cabernet, this is dry, richly tannic and mouthwateringly tart in acidity. It shows savory blackberry and cherry flavors, while the oak gives it an umami tang of smoke. Drink now-2016.",0.5097998714310973,0.7222222222222214,0.10930119232514204,0.5221300811693945,0.11538461538461539,0.46342318125791643,0.0,0.0,0.44535093072006104,0.4844756104419589,0.0,0.30627662553612184,0.0,0.5083104515123266,0.0,0.0,0.0,0.0,0.0,0.0,6,"['first', 'dry', 'tannic', 'tart', 'savory', 'umami']",0.15416666666666667,0.675
US,"Fogarty's basic '05 Chard shows an exciting crispness and minerality that, good as it is, makes you long for the single-vineyard bottlings to come. There's an elegant angularity to the wine despite the succulent pineapples, kiwis and new oak, and a brisk acidity that makes it finish vibrantly clean.",0.35445387266905204,0.5555555555555554,0.2210473902005681,0.36336876892675485,0.14423076923076925,0.5250632789578006,0.0,0.0,0.0,0.0,0.5211846845314916,0.0,0.0,0.575921022498533,0.0,0.0,0.0,0.0,0.0,0.34783624529961865,10,"['basic', 'exciting', 'good', 'long', 'single', 'elegant', 'succulent', 'new', 'brisk', 'clean']",0.27900432900432903,0.5827922077922079
US,"This wine has some good blackberry and oak flavors. But the strong, green hit of vegetable is distracting.",0.2989628796719753,0.0,0.2520086129708268,0.28288549199668633,0.5865384615384616,0.0,0.0,0.0,0.0,0.0,0.0,0.458389578654528,0.0,0.760763944315261,0.0,0.0,0.0,0.0,0.0,0.4594749342573661,3,"['good', 'strong', 'green']",0.3111111111111111,0.5444444444444445
US,"Absolutely easy to drink, a soft, silky wine with pleasantly ripe berry and cherry flavors. Has a rich Asian spiciness throughout, and is dry and balanced.",0.21083699175912196,0.22222222222222143,0.39604974782815344,0.20796490506572374,1.0,0.0,0.0,0.0,0.41054219627962496,0.4466088817489798,0.0,0.2823379717954359,0.0,0.0,0.0,0.49872559843772335,0.4727166078710012,0.0,0.0,0.28300647979354876,8,"['easy', 'soft', 'silky', 'ripe', 'rich', 'asian', 'dry', 'balanced']",0.2625,0.5833333333333334
Italy,"This latest edition of Hekate opens with a bright amber-gold color and shows lively aromas of stone fruit, especially apricot, honey, caramel, almond paste and yellow rose. It tastes thick, sticky and deliciously sweet on the close.",0.3703290190294001,0.6666666666666661,0.21021890100604684,0.3837686149853847,0.9807692307692308,0.0,0.5964526807430153,0.0,0.0,0.0,0.0,0.0,0.46539495854255647,0.0,0.0,0.0,0.0,0.6539508637486788,0.0,0.0,7,"['latest', 'bright', 'lively', 'yellow', 'thick', 'sticky', 'sweet']",0.24829545454545454,0.659375
US,"Power characterizes this Bordeaux blend, which is mainly Cabernet Sauvignon. It's strong in primary fruit, showcasing blackberries, black cherries, plums, carob and cola, and also strong in tannins, with a brisk, scoury mouthfeel. Add dryness, and you have a young, fresh wine of some charm and limited ageability. Now, with decanting, and through 2013.",0.4878691556714132,0.5555555555555554,0.11730347759499354,0.49339956215833713,0.06730769230769232,0.0,0.0,0.6145333364157064,0.0,0.0,0.0,0.0,0.44543121227093646,0.0,0.0,0.0,0.0,0.0,0.5394246778188246,0.36463794444446035,8,"['strong', 'primary', 'black', 'strong', 'brisk', 'young', 'fresh', 'limited']",0.19940476190476192,0.4720238095238095
US,"This Zinfandel tastes and feels hot and Port-like. While some people enjoy this style, it feels a bit clumsy and overripe. Nonetheless, the blackberry, raisin and chocolate flavors are tasty.",0.3851792266937255,0.11111111111111072,0.17323611734572628,0.3724373136398582,1.0,0.0,0.0,0.0,0.0,0.0,0.0,1.0,0.0,0.0,0.0,0.0,0.0,0.0,0.0,0.0,4,"['hot', 'like', 'clumsy', 'tasty']",0.11666666666666668,0.5833333333333334
US,"Fruity, soft and candied, this high alcohol wine has blackberry and cherry pie filling flavors, with a rustic texture. Cabernet Sauvignon, Syrah and a few other varieties.",0.43652419118256935,0.22222222222222143,0.13930976208708512,0.4278818772374122,0.08653846153846154,0.0,0.0,0.0,0.7164531140995243,0.0,0.0,0.4927189481482854,0.0,0.0,0.0,0.0,0.0,0.0,0.0,0.49388558739119076,6,"['soft', 'candied', 'high', 'rustic', 'few', 'other']",-0.01625,0.34124999999999994
Italy,"This delivers a very lively and plush quality of ripe blackberry, leather, tobacco, cola and cigar box. The mouthfeel is bold, soft and velvety. Keep this wine in your cellar for five years or more.",0.5139458999393303,0.6111111111111107,0.1044664783079401,0.5212954094991906,0.5384615384615385,0.0,0.0,0.0,0.0,0.0,0.0,0.0,0.0,0.0,0.0,0.0,0.8579917748598131,0.0,0.0,0.5136634250877784,6,"['lively', 'plush', 'ripe', 'bold', 'soft', 'more']",0.27765151515151515,0.5416666666666666
US,"The opening is attractive, with mocha, raspberry and carob scents but it turns a bit tart in the mouth. Rustic tannins provide a backdrop for the char and vanilla flavors of the finish.",0.35445387266905204,0.05555555555555536,0.19746922824475568,0.33974326461730464,0.20192307692307693,0.0,0.0,0.0,0.0,0.0,0.6430782340931283,0.42817362435856243,0.0,0.0,0.0,0.0,0.0,0.0,0.6349155315782695,0.0,3,"['attractive', 'tart', 'rustic']",0.8,1.0
US,"Cherry, berry and herb flavors are buried inside bigtime tannins that numb the palate, in this dry, smoothly textured wine. It's questionable whether the wine has enough stuffing for the cellar.",0.47847608181083434,0.3888888888888884,0.11822040611549733,0.4766407904030361,0.6923076923076923,0.0,0.0,0.0,0.37713974741674444,0.41027198271761234,0.0,0.2593664484041521,0.0,0.0,0.45154672051859046,0.0,0.0,0.0,0.38460049170190536,0.5199611307868773,3,"['dry', 'questionable', 'enough']",-0.15333333333333332,0.72
US,"A good Pinot that shows a fine coastal influence. Dry and silky, it displays flavors of ripe cherries, Dr. Pepper cola, red licorice and sandalwood, with a cinnamon and pepper flourish. Drink now.",0.3283771284011352,0.44444444444444375,0.24347284201631858,0.33291752373343897,0.6346153846153847,0.0,0.0,0.0,0.0,0.6299424853302024,0.0,0.3982381249548712,0.0,0.0,0.0,0.0,0.6667674714684545,0.0,0.0,0.0,5,"['good', 'fine', 'coastal', 'ripe', 'red']",0.2625,0.42500000000000004
France,"Medium-intense scents of dark berries and black plum unfold in the bouquet of this wine, with soft hints of vanilla, toast and garrigue in the background. The mouthfeel is robust and gripping, with skin-driven fruit flavors and solid tannins that stay through the finish.",0.23963682528528263,0.44444444444444375,0.36498205207461243,0.246450305069861,0.701923076923077,0.0,0.0,0.5137472999232522,0.0,0.0,0.456754437917289,0.30411572458318015,0.37237863114220776,0.0,0.0,0.0,0.0,0.0,0.4509567753602316,0.3048357970301942,8,"['medium', 'intense', 'dark', 'black', 'soft', 'robust', 'gripping', 'solid']",0.056666666666666664,0.4566666666666667
France,"A big, fat wine that lives up to the popular image of Meursault. Perhaps it could do with a little more depth of flavor, but it's a ripe glassful of Chardonnay now.",0.5960162184528474,0.4999999999999991,0.06687240896728368,0.5963100487448103,0.14423076923076925,0.0,0.0,0.0,0.0,0.0,0.0,0.0,0.0,0.0,0.0,0.0,0.8579917748598131,0.0,0.0,0.5136634250877784,6,"['big', 'fat', 'popular', 'little', 'more', 'ripe']",0.228125,0.5
Italy,"This is a genuine but simple interpretation of Barbera d'Asti Superiore with fresh fruit layers and vibrant tones of cherry, cranberry and pomegranate. This easy-pairing food wine boasts cleansing acidity, medium density and a polished finish.",0.2527888823873867,0.3888888888888884,0.33981146523725275,0.25670209639446684,0.038461538461538464,0.49984065878013784,0.0,0.0,0.4803482251259527,0.0,0.4961483815425536,0.0,0.40449536955718457,0.0,0.0,0.0,0.0,0.0,0.0,0.3311271326063242,7,"['genuine', 'simple', 'fresh', 'vibrant', 'cranberry', 'medium', 'polished']",0.21666666666666665,0.4226190476190476
US,"Pure Red Mountain Cabernet Sauvignon fruit brings sexy flavors of wild berry and cassis. This vintage has bright acids and fairly tamed tannins, and the fruit pops out with lovely cherry flavors. Maybe not as concentrated as some past vintages, but beautifully proportioned, accessible and still ageworthy over the medium term.",0.4247216884289221,0.6111111111111107,0.16092997141264875,0.43432930519792357,0.11538461538461539,0.0,0.0,0.0,0.3843812653326548,0.0,0.0,0.5286931664206677,0.6473655312490088,0.0,0.0,0.0,0.0,0.0,0.39198526450881327,0.0,8,"['sexy', 'wild', 'bright', 'lovely', 'past', 'accessible', 'ageworthy', 'medium']",0.36892857142857144,0.5974999999999999
US,"Parducci's '03 True Grit was a sensation. The '04 is a worthy successor. Dry, tannic and amazingly rich, it floods the mouth with blackberry, cherry, currant, leather, coffee, carob and peppery spice flavors that go on and on in the finish. Like any great young Petite Sirah, it will age for many years.",0.3283771284011352,0.7222222222222214,0.2581436983443796,0.34530905083264596,0.5865384615384616,0.0,0.0,0.0,0.4385720268655345,0.4771011707439458,0.45299803337904687,0.30161463955117895,0.0,0.0,0.0,0.5327761641523968,0.0,0.0,0.0,0.0,7,"['true', 'worthy', 'tannic', 'rich', 'great', 'young', 'many']",0.28645833333333337,0.64375
Spain,"Perfectly nice, but ultimately basic in its approach. The nose is initally dry and woodsy, with plenty of balsam. Later on, the palate reveals a previously unseen black cherry element, while the finish is crisp and lean. Drink now.",0.1394708524016972,0.2777777777777777,0.5520943105902574,0.14110487873723043,0.8557692307692308,0.0,0.0,0.4729734397620039,0.4071126412952896,0.4428780357352672,0.42050385016247016,0.0,0.0,0.0,0.4874330518533606,0.0,0.0,0.0,0.0,0.0,7,"['nice', 'basic', 'dry', 'unseen', 'black', 'crisp', 'lean']",0.0642857142857143,0.39166666666666666
Italy,"This full and generous red wine from Umbria is aged 18 months in casks, 18 months in small barrel and 18 months in the bottle before its release. All this to soften the notoriously hard tannins of the Sagrantino grape. That firm structure is still very apparent and the wine ends with cherry, spice, and bold, super-ripe raspberry.",0.5097998714310973,0.4999999999999991,0.1039663354785744,0.5122698600105531,0.7596153846153847,0.0,0.0,0.0,0.4357480846568462,0.0,0.0,0.0,0.0,0.0,0.0,0.0,0.5017397927227224,0.0,0.44436824483524556,0.6007642217197132,11,"['full', 'generous', 'red', 'small', 'hard', 'firm', 'apparent', 'bold', 'super', '-', 'ripe']",-0.01166666666666668,0.42666666666666664
US,"Mostly Cabernet Sauvignon, this Bordeaux blend is a nice wine for drinking now. It's very forward in blackberry, cherry and oak flavors, and finishes a little sweet.",0.3703290190294001,0.33333333333333304,0.19554804467798578,0.36864526624124294,0.06730769230769232,0.0,0.0,0.0,0.4636893240711401,0.0,0.0,0.3188883006127662,0.0,0.5292413542258925,0.0,0.0,0.0,0.5486658178239422,0.0,0.31964335094520496,3,"['nice', 'little', 'sweet']",0.2925,0.59
US,This pleasant effort is light and cherry-flavored. It shows little evidence of any barrel flavors despite aging in 100% French oak. The tannins stiffen up and give it a bit of backbone.,0.265229661158644,0.3888888888888884,0.3211511655217365,0.26882339298866675,0.6346153846153847,0.0,0.0,0.0,0.5119366472247692,0.0,0.0,0.35206893706670206,0.0,0.5843094295902573,0.0,0.0,0.0,0.0,0.5220640030426277,0.0,4,"['pleasant', 'light', 'little', 'french']",0.23645833333333333,0.5416666666666666
US,"This is a classic California interpretation of a southern Rhône-style blend. It's a good wine, smooth and pleasant if not particularly complex, offering rich flavors of cherry, cherry liqueur, cola, mocha, bacon and white pepper. Drink now.",0.44775072778616076,0.4999999999999991,0.1407069864992814,0.4517907546916591,0.25961538461538464,0.0,0.0,0.0,0.789097887314801,0.0,0.0,0.271339096287167,0.0,0.0,0.0,0.4792970365084841,0.0,0.0,0.0,0.2719815616095435,8,"['classic', 'southern', 'good', 'smooth', 'pleasant', 'complex', 'rich', 'white']",0.315625,0.42291666666666666
US,"They held this Cab-Sangiovese blend back, but it's still awkward. It's clean and fruity, but way too sugary sweet for a dry table wine.",0.2527888823873867,0.11111111111111072,0.3194352758927235,0.24343306072645543,0.08653846153846154,0.0,0.0,0.0,0.0,0.6220123555046014,0.0,0.0,0.0,0.0,0.0,0.0,0.0,0.6765661487607267,0.0,0.39415590310268783,5,"['awkward', 'clean', 'sugary', 'sweet', 'dry']",0.010000000000000009,0.5900000000000001
France,A certain creamy nuttiness is suggested on the nose. The sunniness of 2015 is expressed by a generous mirabelle ripeness. The body still is very slight and subtle and all about a graceful texture. There's a lovely touch of lemon freshness on the finish.,0.34608573750449545,0.6111111111111107,0.23249686802273212,0.3576915387165649,0.826923076923077,0.0,0.0,0.0,0.0,0.0,1.0,0.0,0.0,0.0,0.0,0.0,0.0,0.0,0.0,0.0,7,"['certain', 'creamy', 'generous', 'slight', 'subtle', 'graceful', 'lovely']",0.041071428571428564,0.5095238095238095
Italy,"This is a bright pink rosé with a full bouquet of berry and floral aromas but also a pungent point of chemical or solvent at the back that creates an awkward first impression. The wine is bright, firm and crisp on the palate.",0.1394708524016972,0.11111111111111072,0.5320885974156286,0.1330530647084074,0.7403846153846154,0.0,0.6156014112705374,0.0,0.0,0.0,0.0,0.0,0.0,0.0,0.6829490556579173,0.0,0.0,0.0,0.0,0.39321176205408925,10,"['bright', 'pink', 'full', 'floral', 'pungent', 'awkward', 'first', 'bright', 'firm', 'crisp']",0.15000000000000002,0.5111111111111112
Italy,"Made from vineyards throughout the village of Serralunga d'Alba, this straightforward wine is still closed. It reveals black cherry, espresso, prune and subtle oak alongside a note of tire rubber. It's still extremely young, with aggressive tannins that dry out the finish.",0.4832205459146567,0.44444444444444375,0.11700407236380861,0.4838283800190919,0.5384615384615385,0.0,0.0,0.4265616777905621,0.36716364328629003,0.3994194643887072,0.37924080458503595,0.0,0.0,0.4190697816573754,0.0,0.0,0.0,0.0,0.37442703589375254,0.253103557043021,6,"['straightforward', 'closed', 'black', 'subtle', 'young', 'aggressive']",-0.031944444444444435,0.40138888888888885
Italy,"An 80-20 blend of Cabernet Sauvignon and Syrah, this shows a pristine, polished bouquet that's composed of black fruit, rum cake, licorice, tobacco and spice. The ripe fruit and cassis notes on the finish add softness and heft. This is elegant and complex, especially in the mouth.",0.3283771284011352,0.6111111111111107,0.2522753558131552,0.34043426676790833,0.6923076923076923,0.0,0.0,0.45294635390041205,0.0,0.0,0.402698480971821,0.0,0.6566167579722031,0.0,0.0,0.0,0.44891866419361987,0.0,0.0,0.0,7,"['pristine', 'polished', 'black', 'ripe', 'heft', 'elegant', 'complex']",0.008333333333333345,0.7083333333333334
France,"This wine comes from Gascony, where the Gascon and his famous beret are inseparable. This blend of mainly Gros Manseng has some herbal character but it also has yellow fruits, and a ripe edge of honey that softens and fills out the crisp green-fruit flavors. Drink now.",0.1779097227801143,0.3888888888888884,0.4761751939275638,0.18375555498510177,0.9807692307692308,0.0,0.0,0.0,0.0,0.0,0.0,0.39817857612488317,0.4875551677926554,0.0,0.0,0.0,0.666667769254347,0.0,0.0,0.3991213666433669,7,"['famous', 'inseparable', 'herbal', 'yellow', 'ripe', 'crisp', 'green']",0.22916666666666666,0.4375
US,"Firehouse Red is Tamarack's bread-and-butter wine, and rightfully so. Though it's a mélange of Cabernet, Syrah, Merlot, Franc, Malbec and more, it pulls itself into focus with spicy, slightly high-toned fruit, bright and herbal. The mix of tart red fruit, nettles and wild herbs bring a lot of complexity to what is essentially a mutt wine.",0.27703216391229124,0.44444444444444375,0.3080246098597872,0.28288549199668633,0.6923076923076923,0.0,0.0,0.0,0.0,0.0,0.0,0.0,0.7737919117738018,0.0,0.0,0.0,0.0,0.0,0.0,0.6334398766050691,9,"['more', 'spicy', 'high', 'toned', 'bright', 'herbal', 'tart', 'red', 'wild']",0.16190476190476194,0.3095238095238095
US,"This quite tart, young and spicy red pulls sharp and puckery cranberry fruit into focus. It's best enjoyed chilled, and would be a fine option for the base of a wine punch.",0.23963682528528263,0.3888888888888884,0.36066709433106503,0.24388824262443753,0.20192307692307693,0.0,0.0,0.0,0.0,0.0,0.0,0.0,0.7737919117738018,0.0,0.0,0.0,0.0,0.0,0.0,0.6334398766050691,8,"['tart', 'young', 'spicy', 'red', 'sharp', 'puckery', 'cranberry', 'fine']",0.15595238095238098,0.5214285714285715
US,"Heavy and dull in the mouth. They seemed to have picked the darkest, ripest, softest, plummiest lots, and then plastered the wine with oak. Not bad for a Grenache, but lacks the vibrancy and lift you want from Pinot Noir.",0.44775072778616076,0.22222222222222143,0.13197433392305458,0.43882373471160596,0.6346153846153847,0.0,0.0,0.0,0.0,0.0,0.0,0.0,0.0,0.8559918686806711,0.0,0.0,0.0,0.0,0.0,0.516989284949478,6,"['heavy', 'dull', 'darkest', 'ripest', 'plummiest', 'bad']",-0.047222222222222256,0.5555555555555555
US,"Ripe, pure flavors of tropical fruits, Meyer lemons, limes and peaches mark this lovely Chardonnay. New French oak adds luscious notes of buttered toast. With crisp acidity and a clean, spicy finish, it's a beautiful Chard to drink now.",0.35445387266905204,0.6111111111111107,0.22366718597343613,0.3658465868528342,0.14423076923076925,0.45409503189871003,0.0,0.0,0.0,0.0,0.450740673423608,0.3001116466922072,0.0,0.4980787755748345,0.0,0.0,0.5024749547670084,0.0,0.0,0.0,10,"['ripe', 'pure', 'tropical', 'lovely', 'new', 'french', 'luscious', 'crisp', 'clean', 'beautiful']",0.33104514533085966,0.5458874458874459
US,"Warm spice and oak tones accent fresh apples and lemons on this full-bodied Chardonnay. It's not subtle with a dense slick of caramel that extends along the midpalate, but a kick of lemon-lime acidity on the finish adds some levity.",0.3283771284011352,0.33333333333333304,0.2376044994850941,0.32776268443957335,0.14423076923076925,0.5600344611100037,0.0,0.0,0.0,0.0,0.5558975377591387,0.0,0.0,0.6142795209695296,0.0,0.0,0.0,0.0,0.0,0.0,6,"['warm', 'accent', 'fresh', 'bodied', 'subtle', 'dense']",0.1433333333333333,0.515
France,"Ripe pink grapefruit flavors dominate this delicious wine. It has minerality as well as some richness, crispened by taut tannins and a citrus aftertaste.",0.21083699175912196,0.5555555555555554,0.42539146048427556,0.22343012851033972,0.46153846153846156,0.0,0.0,0.0,0.0,0.0,0.0,0.3777801685053043,0.0,0.0,0.0,0.0,0.6325148496361394,0.0,0.5601897988592835,0.3786746605304761,4,"['ripe', 'pink', 'delicious', 'citrus']",0.45,0.65
US,"Oddly sweet and medicinal, with sugary apricot and orange soda flavors and deficient acidity.",0.21083699175912196,0.0,0.37648860605740536,0.19702876395098978,0.9615384615384616,0.6052468033797274,0.0,0.0,0.0,0.0,0.0,0.400007932388041,0.0,0.0,0.0,0.0,0.0,0.6882368495113192,0.0,0.0,4,"['sweet', 'medicinal', 'sugary', 'deficient']",-0.025000000000000022,0.675
Spain,"More familiar and less unusual than prior vintages. This wine deals typical, upright lemon, lime and tropical fruit aromas backed by green apple and lemon-based flavors. With good acidity and an even keel, it is a solid, fresh, dry Albariño that should not disappoint. Imported by Grapes of Spain.",0.34608573750449545,0.44444444444444375,0.22434639228492043,0.35017454689120364,0.019230769230769232,0.4613094251462398,0.4784412567332908,0.0,0.0,0.4822658304310621,0.0,0.3048796430042308,0.3733140214326147,0.0,0.0,0.0,0.0,0.0,0.0,0.3056015242252158,12,"['familiar', 'unusual', 'prior', 'typical', 'upright', 'tropical', 'green', 'good', 'even', 'solid', 'fresh', 'dry']",0.1340909090909091,0.4242424242424242
US,"Not one of the best Cabs from this venerable winery. Despite a cool vintage, there's a burnt edge to the blackberry pie filling flavors. Tasted in late 2007, the tannins are very astringent, and shut down the palate. Could show better after 2008.",0.4247216884289221,0.2777777777777777,0.14934771641681108,0.4190328126040286,0.11538461538461539,0.0,0.0,0.0,0.0,0.0,0.0,0.40064876417250916,0.0,0.0,0.6975136400835511,0.0,0.0,0.0,0.5941004036898437,0.0,5,"['best', 'venerable', 'cool', 'late', 'astringent']",0.2657407407407407,0.4398148148148148
Italy,"The region of Lazio in central Italy is not well-known for its wines, but this well-priced 50-50 blend of Montepulciano and Merlot shows its enological potential. This is a rich and penetrating wine with loads of black fruit and spice.",0.1779097227801143,0.3888888888888884,0.4761751939275638,0.18375555498510177,0.6923076923076923,0.0,0.0,0.5801797621802404,0.0,0.0,0.0,0.0,0.42053076617505214,0.0,0.0,0.6066584751268961,0.0,0.0,0.0,0.3442539946223033,4,"['central', 'enological', 'rich', 'black']",0.052083333333333336,0.6083333333333334
US,"Dry and succulent, this brings tangy flavors of rhubarb and raspberry into focus. It's made for picnic foods—could anything be better with fried chicken? This is widely available and scores a bullseye if your target is a summer sipper.",0.19496184539877393,0.4999999999999991,0.451589418212956,0.20546041151507866,0.7403846153846154,0.0,0.0,0.0,0.0,0.8452587927583428,0.0,0.5343571588972198,0.0,0.0,0.0,0.0,0.0,0.0,0.0,0.0,4,"['tangy', 'better', 'fried', 'available']",0.05833333333333335,0.6124999999999999
US,"Starts off with oaky, jammy aromas of cherries and raspberries, and tastes a little sweet in fruit pastry, with the baked crust. Seems a little one-dimensional, although that dimension is a very delicious one. Cabernet Sauvignon, Petit Verdot, Cabernet Franc and Malbec.",0.5960162184528474,0.3888888888888884,0.06503855192627603,0.5912121731222046,0.06730769230769232,0.0,0.5964526807430153,0.0,0.0,0.0,0.0,0.0,0.46539495854255647,0.0,0.0,0.0,0.0,0.6539508637486788,0.0,0.0,6,"['little', 'sweet', 'baked', 'little', 'dimensional', 'delicious']",0.24375,0.6625
Spain,"Muruve is a label worth watching in Toro. The wines are not as brawny and robust as some, and instead they offer more reserved pleasures. This reserva shows coconut and black plum aromas, with very ripe but structured black fruit flavors. Coffee and vanilla flood the finish, and overall the wine is raring to go now and over the next few years.",0.265229661158644,0.4999999999999991,0.328872668852295,0.2739189449624311,0.8942307692307693,0.0,0.33126900046700647,0.7132163225370189,0.0,0.0,0.31704762298750516,0.21109629067179428,0.25847972138665254,0.0,0.0,0.0,0.3534371300677261,0.0,0.0,0.21159611560780497,10,"['brawny', 'robust', 'reserved', 'coconut', 'black', 'ripe', 'structured', 'black', 'next', 'few']",0.058333333333333355,0.23333333333333334
US,"Dusty and detailed, this pure Viognier incorporates notes of lemon-pepper; tart, fresh lemon pulp and rind; plus a hint of curry powder. This should make an interesting accompaniment to raw clams or oysters.",0.27703216391229124,0.4999999999999991,0.31169232394180246,0.2854188756132381,0.9615384615384616,0.0,0.0,0.0,0.0,0.0,0.0,0.0,0.0,0.0,0.0,0.0,0.0,0.0,0.0,0.0,5,"['pure', 'tart', 'fresh', 'interesting', 'raw']",0.13058608058608057,0.551923076923077
US,"This blend is 50% Cabernet Sauvignon and 25% each Merlot and Cabernet Franc. Complex old-vine characteristics emerge in a graceful, lengthy, detailed and subtle wine that weaves together herb, tobacco, olive and brambly berries. Drink now–2020.",0.4878691556714132,0.7222222222222214,0.12170473449341185,0.5007536538962247,0.06730769230769232,0.0,0.0,0.0,0.0,0.0,0.0,0.0,0.0,0.0,0.0,0.0,0.0,0.0,0.0,1.0,6,"['complex', 'old', 'graceful', 'lengthy', 'detailed', 'subtle']",-0.07777777777777777,0.5499999999999999
US,"A little sugar goes a long way. This dessert wine is primarily Ain, with a splash of Muscat and Viognier. It's quite sweet, with apricot, tangerine, peach, honey and dusty spice flavors. This would be a great wine if the flavors were more concentrated.",0.4057988371578959,0.3888888888888884,0.16760355643406,0.40580584473284786,0.9807692307692308,0.0,0.0,0.0,0.0,0.0,0.0,0.6035913113997478,0.0,0.0,0.0,0.0,0.0,0.5192569308190393,0.0,0.6050204695703479,7,"['little', 'long', 'sweet', 'tangerine', 'dusty', 'great', 'concentrated']",0.2017857142857143,0.5571428571428572
France,"Considering the reputation of Lynch-Bages as a rich, polished wine, it is not surprising that, in 2003, the team of Jean-Michel Cazes and Daniel Lhose produced a superlatively ripe, opulent wine, one that could almost have come from Napa. But not quite: The fruit is compact and dense, with layers of acidity that speak more of  Bordeaux than California. Imported by Diageo Chateau & Estates.",0.5298210462996781,0.7777777777777777,0.10018747854558897,0.5440444123108295,0.06730769230769232,0.4083287180243817,0.0,0.0,0.0,0.0,0.0,0.0,0.33043945664839325,0.0,0.0,0.4766925823653727,0.45183263349407854,0.0,0.0,0.5410072797607419,8,"['rich', 'polished', 'surprising', 'ripe', 'opulent', 'compact', 'dense', 'more']",0.17500000000000002,0.5833333333333334
US,"Of all the 2012 releases from Mannina, this is the most dense, dark and substantial. Cassis and black cherry fruit is set against a stiff streak of char and coffee, backed with firm, ripe tannins. The length and balance are just right for ripe fruit from young vines.",0.3703290190294001,0.5555555555555554,0.20532861556335982,0.37883992017057655,0.11538461538461539,0.0,0.0,0.3421514229923833,0.29450738207934607,0.0,0.0,0.0,0.4960021339529989,0.0,0.0,0.0,0.6782178880082478,0.0,0.3003334565857762,0.0,10,"['dense', 'dark', 'substantial', 'black', 'stiff', 'firm', 'ripe', 'right', 'ripe', 'young']",0.022108843537414963,0.4527210884353741
US,"This is a heavy-duty Cabernet, big in every way, with rich black cherry and cassis fruit, and dense, dark tannins. The long, slightly grainy finish reinforces the impression of raw power, yet the wine retains perfect proportion and is nicely differentiated from the other 2010s crafted by winemaker Chris Figgins.",0.6205469433090792,0.833333333333333,0.06356528475288227,0.6348560253843301,0.11538461538461539,0.0,0.0,0.4354979715506807,0.37485557236776906,0.0,0.3871857452865764,0.0,0.3156612960019,0.0,0.0,0.4553735799900508,0.0,0.0,0.3822711300979204,0.25840597368106205,10,"['heavy', 'big', 'rich', 'black', 'dense', 'dark', 'long', 'raw', 'perfect', 'other']",0.1085897435897436,0.5086538461538461
France,"Delicious and inviting with notes of eucalyptus, chocolate-covered cherries and wild raspberries on the nose. The palate exhibits darker flavors by way of black cherry and plum, fleshing out the solidly structured medium weight mouth. A moderate, evolving finish closes nicely with a kiss of sweet oak.",0.21083699175912196,0.3888888888888884,0.4107206041562145,0.2158307619714921,0.701923076923077,0.0,0.0,0.41008648697256067,0.3529825965595743,0.0,0.3645932988506399,0.24275309893806143,0.0,0.40288395208490885,0.42262353668197816,0.0,0.0,0.417670787238708,0.0,0.0,7,"['wild', 'darker', 'black', 'structured', 'medium', 'moderate', 'sweet']",0.26904761904761904,0.6119047619047618
US,"This Malbec is so dry, tannic and acidic that it's impossible to enjoy it on its own. There's a core of blackberries, but wow, what a tough wine. Decant it for a few hours and try it with barbecue.",0.3703290190294001,0.22222222222222143,0.19065775923529876,0.36336876892675485,0.42307692307692313,0.0,0.0,0.0,0.0,0.8446872306242853,0.0,0.0,0.0,0.0,0.0,0.0,0.0,0.0,0.0,0.5352602006690534,7,"['dry', 'tannic', 'acidic', 'impossible', 'own', 'tough', 'few']",-0.031746031746031744,0.7190476190476189
US,"While light-bodied, gentle and intricate, this wine offers plenty of flavor nuances. Cranberry and herb tea aromas mark the nose, while the mouthfeel is at once soothing and tangy, with mulled cherry and clove aromas that slowly emerge and persist on the finish. It's a treat to sip and savor.",0.43069860516750114,0.6111111111111107,0.15642576113648968,0.440154690286114,0.6346153846153847,0.0,0.8043521340971806,0.0,0.3726529282910763,0.0,0.38491064935283203,0.0,0.0,0.0,0.0,0.0,0.0,0.0,0.0,0.2568875851888878,4,"['gentle', 'intricate', 'tangy', 'mulled']",0.0,0.39999999999999997
US,"Distinctive aromas of beeswax and bee pollen continue with similar flavors, wrapped around tart yellow apple fruit. It's lovely, fragrant and ageworthy, in a high-acid Euro mold, but give it plenty of time to breathe. Decanting is a good idea.",0.23963682528528263,0.5555555555555554,0.3736119675617071,0.2514882823235025,0.6057692307692308,0.0,0.704488794976798,0.0,0.0,0.0,0.0,0.4489251068762646,0.5496924468903259,0.0,0.0,0.0,0.0,0.0,0.0,0.0,8,"['distinctive', 'similar', 'yellow', 'lovely', 'fragrant', 'ageworthy', 'high', 'good']",0.3,0.4375
US,"The grape's fruit flavors of blackberry and black cherry are nicely focused and rounded, but the vanilla and tobacco components, perhaps from aggressive oak treatment, bring in a bit of bitterness to the tannins. It's a fight to the finish—fruit or tannin—and too soon to pick a winner.",0.3283771284011352,0.33333333333333304,0.2376044994850941,0.32776268443957335,0.42307692307692313,0.0,0.0,0.3857892753577101,0.3320687329785457,0.0,0.3429915128446475,0.2283702221488209,0.5592620429869293,0.37901348341304225,0.0,0.0,0.0,0.0,0.33863786264154216,0.0,4,"['black', 'focused', 'rounded', 'aggressive']",0.21666666666666667,0.7166666666666667
US,"A bit unripe, with herb and mint flavors side by side with blackberry and cassis. Shows classic Napa mountain structure of tannins and acids, but the mint reprises on the sharp finish. Not an ager.",0.4878691556714132,0.2777777777777777,0.109968049430963,0.4805802192130515,0.4903846153846154,0.0,0.0,0.0,0.0,0.0,0.6430782340931283,0.42817362435856243,0.0,0.0,0.0,0.0,0.0,0.0,0.6349155315782695,0.0,2,"['classic', 'sharp']",0.02083333333333333,0.4583333333333333
France,"Roughly equal parts Grenache, Syrah and Mourvèdre, this is probably Lirac's top wine at the moment. It's big and rich in the mouth, leaving behind a coating of dark fruit, hints of meaty savoriness, baking spices and softly layered wood.",0.4531650565750309,0.7222222222222214,0.14391572860868565,0.4669275974627698,0.701923076923077,0.0,0.0,0.0,0.0,0.0,0.0,0.0,0.516312740249615,0.0,0.0,0.7448337312805215,0.0,0.0,0.0,0.42266282898152957,6,"['equal', 'top', 'big', 'rich', 'dark', 'layered']",0.06071428571428571,0.43571428571428567
Spain,"Blackberry and cola are the prime aromas that comprise the alluring bouquet. And as you'd expect, there's also leather and spicy wood thrown in. In the mouth, it's an intense ride of rich black cherry and plum. For now it's a little closed on the finish; will likely be better in three years.",0.4832205459146567,0.4999999999999991,0.1185010985197332,0.48636261054846597,0.8557692307692308,0.0,0.43851169467581214,0.47205397701755114,0.40632121227412693,0.0,0.4196863885639544,0.0,0.0,0.0,0.0,0.49359795798269873,0.0,0.0,0.0,0.0,9,"['prime', 'alluring', 'spicy', 'intense', 'rich', 'black', 'little', 'closed', 'better']",0.0886904761904762,0.6119047619047618
US,"A little sweet, which makes the wine less subtle, this Pinot Noir and Chardonnay blend has jammy raspberry, cherry and vanilla smoke flavors. The finish is very sweet.",0.43652419118256935,0.2777777777777777,0.14114361912809273,0.4305359009193923,0.8173076923076924,0.0,0.0,0.0,0.340691072523335,0.0,0.3518974681214383,0.23429997524428417,0.0,0.0,0.0,0.0,0.0,0.8062533952265554,0.0,0.23485474089062072,4,"['little', 'sweet', 'subtle', 'sweet']",0.023499999999999986,0.5123333333333333
US,"Very few wineries got Walla Walla grapes in this freeze year, and even L'Ecole, which owns a piece of the Seven Hills vineyard, had to rely on other sources for many of its wines. But this is 100% Seven Hills Syrah, and it delivers wonderful fruit flavors with layers of citrus and tart berries. A green tea streak cuts through the substantial tannins.",0.41858536859646944,0.4999999999999991,0.1617125562096648,0.42336481244974977,0.8365384615384616,0.0,0.0,0.0,0.0,0.0,0.0,0.4613567439463185,0.5649145338157825,0.0,0.0,0.0,0.0,0.0,0.6841209865944389,0.0,7,"['few', 'other', 'many', 'wonderful', 'tart', 'green', 'substantial']",0.183,0.46099999999999997
US,"Soft and dense with dark fruit, almost baked fruit flavors, that veer into nuts and vanilla, an easy-drinking Zin blended with a smidge of Zin from the 2009 and 2010 vintages as well as 7% Petite Sirah crafted by a Lodi producer to watch.",0.31898405454055623,0.44444444444444375,0.25423146999023,0.3237642240186729,1.0,0.0,0.0,0.0,0.0,0.0,0.0,0.3780388916576351,0.9257897149970217,0.0,0.0,0.0,0.0,0.0,0.0,0.0,3,"['soft', 'dense', 'dark']",-0.024999999999999994,0.375
US,"Mainly Syrah, with a splash of Grenache, Mourvèdre and Viognier, this polished wine is marked by things that are red: red cherries, red currants and red licorice. It's dry, full bodied and tannic. When you swallow, astrigency remains behind, with the aftertaste of crushed red pepper. Lovely and complex, it's a wine to decant.",0.4057988371578959,0.6666666666666661,0.17808273952553216,0.41833743469107976,0.701923076923077,0.0,0.0,0.0,0.0,0.6194362506304005,0.0,0.0,0.0,0.0,0.0,0.0,0.0,0.0,0.0,0.7850469612736245,13,"['polished', 'red', 'red', 'red', 'red', 'dry', 'full', 'bodied', 'tannic', 'crushed', 'red', 'lovely', 'complex']",0.019230769230769235,0.31025641025641026
Italy,"The bouquet is marked by a steady stream of bright raspberry, rose, wild berry and bitter almond. It's sassy crispness on the finish should pair well with cheese or mayonnaise-based appetizers.",0.2527888823873867,0.3888888888888884,0.33981146523725275,0.25670209639446684,0.7403846153846154,0.0,0.0,0.0,0.0,0.0,1.0,0.0,0.0,0.0,0.0,0.0,0.0,0.0,0.0,0.0,5,"['steady', 'bright', 'wild', 'bitter', 'sassy']",0.2611111111111111,0.6249999999999999
France,"Soft, ripe and fruity, this is an attractive, ready-to-drink wine. Its juicy red fruits are balanced with tannins, offering a dry contrast. The finish is dark, structured and suggestive of the wine's potential for aging.",0.15949202727027811,0.3888888888888884,0.5170843125346571,0.16581618920018504,0.06730769230769232,0.0,0.0,0.0,0.0,0.42613767170238565,0.40460920883698376,0.0,0.0,0.0,0.0,0.0,0.4510486980561673,0.0,0.39947343463189644,0.5400686251631476,9,"['soft', 'ripe', 'attractive', 'ready', 'juicy', 'red', 'dry', 'dark', 'structured']",0.11388888888888889,0.5583333333333333
Italy,"Light-bodied and lacking in tannin, this is a more traditional Barbera, with attractive mixed berry fruit on the nose, followed by forest floor and graham cracker flavors in the mouth. Drink now.",0.21083699175912196,0.33333333333333304,0.4058303187135275,0.21323933459667743,0.038461538461538464,0.0,0.0,0.0,0.0,0.0,0.0,0.6325426926623351,0.7745254947123966,0.0,0.0,0.0,0.0,0.0,0.0,0.0,4,"['bodied', 'traditional', 'attractive', 'mixed']",0.325,0.625
US,"Very similar to the 2006, Kameron's '07 Bordeaux blend, which is based on Cabernet Sauvignon and Merlot, is upfront in blackberry, cherry, cassis, oak and spice flavors. It's quite tannic, with a puckery astringency that suggests needed time in the cellar. Better after 2014.",0.5097998714310973,0.6111111111111107,0.10663376390185822,0.5172541411668099,0.6923076923076923,0.0,0.0,0.0,0.6002261211289868,0.0,0.0,0.4127873509566703,0.0,0.6850804379082983,0.0,0.0,0.0,0.0,0.0,0.0,5,"['similar', 'upfront', 'tannic', 'puckery', 'better']",0.25,0.51
Spain,"This Montsant white is oily and oaky on the nose. The palate on this Garnacha Blanca is plump feeling, with decent acidity and full flavors of papaya and melon. This finishes oily in feel, with green notes and scallion flavors. Only 500 cases made.",0.23963682528528263,0.33333333333333304,0.3563521365875177,0.24129658043390045,0.2980769230769231,0.49561814388574377,0.0,0.0,0.0,0.0,0.0,0.6551085867209567,0.0,0.0,0.5702590595998637,0.0,0.0,0.0,0.0,0.0,6,"['oily', 'oaky', 'plump', 'decent', 'full', 'green']",0.06333333333333332,0.5033333333333333
Spain,"Crisp white-fruit aromas come with a touch of green grass. It feels regular, with briny lime and tart apple flavors.",0.3703290190294001,0.2777777777777777,0.1931029019566423,0.36602253096780535,0.8173076923076924,0.0,0.704488794976798,0.0,0.0,0.0,0.0,0.4489251068762646,0.5496924468903259,0.0,0.0,0.0,0.0,0.0,0.0,0.0,6,"['crisp', 'white', 'green', 'regular', 'briny', 'tart']",0.016666666666666663,0.26452991452991453
Italy,"This gorgeous wine exhibits beautiful sophistication and austere aromas of elegant spice, candied fruit, licorice and maple syrup. It has aged beautifully thus far and promises a bright future ahead. The mouthfeel is tight and polished with firm tannins and exceptional integrity of fruit.",0.7247828916984519,0.7222222222222214,0.03399397201778971,0.7316958667111197,0.19230769230769232,0.0,0.45950114178391066,0.0,0.0,0.0,0.0,0.0,0.7170711834654948,0.0,0.0,0.0,0.0,0.0,0.4341926221806394,0.2935036377740104,9,"['gorgeous', 'beautiful', 'austere', 'elegant', 'bright', 'tight', 'polished', 'firm', 'exceptional']",0.3534632034632035,0.7191558441558441
US,"Good price for a rich, textured Syrah. Shows delicious cherry, black raspberry, chocolate, anise, pepper and sandalwood flavors, wrapped into smooth tannins. Drink this soft, fruity Syrah now.",0.2256871994234474,0.3888888888888884,0.38412967706160384,0.2302978710389545,0.8365384615384616,0.0,0.0,0.5028261468312645,0.4328084064335958,0.0,0.0,0.29765088401594053,0.0,0.0,0.0,0.5257745329555669,0.0,0.0,0.4413704126050135,0.0,6,"['good', 'rich', 'delicious', 'black', 'smooth', 'soft']",0.40138888888888896,0.6055555555555555
US,"Wet slate minerality leads the brisk, tightly wound nose. On the palate, the wine is a bit perfumed, at least for how tight the nose is, with elements of crisp apple, pear and a touch of nectarine.",0.4636258741465087,0.3888888888888884,0.12708404848036756,0.4621665259435932,0.14423076923076925,0.0,0.0,0.0,0.0,0.0,0.0,0.0,0.0,0.0,0.8666231869831079,0.0,0.0,0.0,0.0,0.4989631767808535,6,"['brisk', 'wound', 'perfumed', 'least', 'tight', 'crisp']",-0.10142857142857142,0.3576190476190476
Italy,"There's sweet dark cherry and plum fruit here, but to get to it you need to give the sulfur on the nose time to blow off. When it does, the wait is worth it. A full, lush mouthfeel caresses your palate, and the finish is dry and even. Decant if drinking now, or wait a year or two.",0.2527888823873867,0.4999999999999991,0.3479619409750645,0.2617974791505606,0.7692307692307693,0.0,0.0,0.0,0.3836794910060763,0.4173862515986782,0.3962999102241305,0.0,0.32309181004118626,0.0,0.4593767087153322,0.0,0.0,0.45399324674299724,0.0,0.0,7,"['sweet', 'dark', 'worth', 'full', 'lush', 'dry', 'decant']",0.14722222222222223,0.43333333333333335
US,"Comes down on the rustic side, but for the price it's pretty good for a dry Cabernet. Shows the variety's full-bodied fanciness in the blackberry, currant, cocoa and licorice flavors, with a rich steak of vanilla oak.",0.11754013664201335,0.2777777777777777,0.6087771645850387,0.11974803212566432,0.11538461538461539,0.0,0.0,0.0,0.0,0.5165717438535554,0.0,0.32656721441652664,0.0,0.5419856246575039,0.0,0.5768527286794634,0.0,0.0,0.0,0.0,6,"['rustic', 'good', 'dry', 'full', 'bodied', 'rich']",0.16712962962962963,0.6398148148148148
US,"Aging quickly, this tastes principally of raisins and brown sugar. The tannins are soft and the wine is at or slightly past its peak. Drink up.",0.3703290190294001,0.22222222222222143,0.19065775923529876,0.36336876892675485,0.6346153846153847,0.0,0.0,0.0,0.0,0.0,0.0,0.0,0.0,0.0,0.0,0.0,0.0,0.0,0.828473666354732,0.5600280208674814,2,"['brown', 'soft']",0.061111111111111116,0.3666666666666667
US,"A rich Chardonnay, with plenty to offer. It's creamy and smooth in the mouth, with dry flavors of citrus, tropical fruit, vanilla and buttered toast, and brisk, clean acidity.",0.2527888823873867,0.3888888888888884,0.33981146523725275,0.25670209639446684,0.14423076923076925,0.46893759259038764,0.0,0.0,0.0,0.4902405309391927,0.0,0.30992110290158936,0.3794871055048368,0.0,0.0,0.547448812960457,0.0,0.0,0.0,0.0,7,"['rich', 'creamy', 'smooth', 'dry', 'tropical', 'brisk', 'clean']",0.26875000000000004,0.6375000000000001
France,"This range of wines comes from different regions of the southwest. The white comes from Gascony and is typical local blend. It is crisp and fruity with a soft texture from the ripe Colombard. There is a light dancing character to this lively, fruity wine. Drink now.",0.1394708524016972,0.2777777777777777,0.5520943105902574,0.14110487873723043,0.17307692307692307,0.0,0.0,0.0,0.0,0.0,0.0,0.0,0.0,0.0,0.0,0.0,0.8579917748598131,0.0,0.0,0.5136634250877784,8,"['different', 'typical', 'local', 'crisp', 'soft', 'ripe', 'light', 'lively']",0.08996212121212122,0.3833333333333333
Spain,"Ultraconcentrated and almost heavy on the nose, but not fully syrupy or leaden. Has a heavy disposition in the mouth, with brown sugar, caramel and other usual suspects making up the flavor profile. Creamy and chunky on the finish. Excellent dessert wine for the price.",0.19496184539877393,0.6111111111111107,0.4620686013044282,0.21044174591440545,0.5673076923076923,0.0,0.0,0.0,0.0,0.0,0.831770443705932,0.0,0.0,0.0,0.0,0.0,0.0,0.0,0.0,0.5551197429179014,9,"['ultraconcentrated', 'heavy', 'leaden', 'heavy', 'brown', 'other', 'usual', 'creamy', 'excellent']",0.004166666666666652,0.48194444444444445
Italy,"This is gorgeous with a delicate but intense bouquet of pressed rose, wet earth, licorice cola and dried berry fruit. The mouthfeel is incredibly long and silky.",0.5097998714310973,0.7222222222222214,0.10930119232514204,0.5221300811693945,0.5384615384615385,0.0,0.0,0.0,0.0,0.0,0.0,0.0,1.0,0.0,0.0,0.0,0.0,0.0,0.0,0.0,6,"['gorgeous', 'delicate', 'intense', 'wet', 'long', 'silky']",0.12142857142857141,0.7357142857142858
France,"A soft, fat, caramel-flavored wine, showing strawberry fruits and a creamy texture. It lacks acidity, leaving a wine that needs to be drunk soon.",0.2989628796719753,0.22222222222222143,0.26534575508724595,0.29382446167378284,0.7403846153846154,0.6024269615663209,0.0,0.0,0.0,0.0,0.0,0.0,0.0,0.0,0.0,0.0,0.0,0.0,0.0,0.7981740135947614,4,"['soft', 'fat', 'creamy', 'drunk']",-0.2,0.675
US,"The dryness and low alcohol are praiseworthy, but more challenging are hard tannins and biting acidity. With blackberry and sweet green-herb flavors, it's the opposite of today's ripe cult style, but by no means unattractive.",0.3283771284011352,0.33333333333333304,0.2376044994850941,0.32776268443957335,0.11538461538461539,0.45107844439689015,0.0,0.0,0.0,0.0,0.0,0.2981179824171833,0.0,0.0,0.0,0.0,0.4991369757933346,0.5129292806184541,0.44206304758496745,0.0,8,"['low', 'praiseworthy', 'challenging', 'hard', 'sweet', 'green', 'ripe', 'unattractive']",0.17638888888888885,0.4986111111111111
US,"A good, dry, elegant wine, fully ready to drink now with a nice steak. It's a complex Merlot, with layers of black cherries, licorice, cola and spices, as well as a pleasant touch of smoky oak.",0.2527888823873867,0.3888888888888884,0.33981146523725275,0.25670209639446684,0.4903846153846154,0.0,0.0,0.559538042941297,0.0,0.5239345141699533,0.0,0.0,0.0,0.5497106226207568,0.0,0.0,0.0,0.0,0.0,0.33200607636128904,9,"['good', 'dry', 'elegant', 'ready', 'nice', 'complex', 'black', 'pleasant', 'smoky']",0.27499999999999997,0.6875000000000001
Italy,"Rusciano is a blend of Syrah and Nero d'Avola that displays impressive depth and complexity. Aromas of dark fruit, spice, black currant and earthy tobacco build in intensity as the wine evolves in the glass. The finish is smooth and rich.",0.3851792266937255,0.5555555555555554,0.19157468775580258,0.3933125740495591,0.6923076923076923,0.0,0.43198836461214635,0.4650316696598691,0.0,0.0,0.41344310504592974,0.0,0.3370681590182307,0.0,0.0,0.486255160885684,0.0,0.0,0.0,0.27593001400927114,6,"['impressive', 'dark', 'black', 'earthy', 'smooth', 'rich']",0.2916666666666667,0.6166666666666666
Italy,"With its deep, tart-sweet black-plum aromas and flavors wrapped in a toasty oak blanket, this is an appealing, modern-style Barbera. The grape's native acidity is well tamed, but enough remains to make it a great food match. Has good tannic structure, yet has immediate appeal. Finishes long, dark and handsome.",0.23963682528528263,0.44444444444444375,0.36498205207461243,0.246450305069861,0.038461538461538464,0.3998373434971382,0.41468626194018826,0.44640610852608453,0.0,0.0,0.0,0.26425271173794734,0.0,0.43856567565921184,0.0,0.0,0.0,0.4546621181124982,0.0,0.0,16,"['deep', 'tart', 'sweet', 'black', 'toasty', 'appealing', 'modern', 'native', 'enough', 'great', 'good', 'tannic', 'immediate', 'long', 'dark', 'handsome']",0.2875,0.56875
France,"Generous and rounded, this wine combines the opulence of Volnay with a strongly tannic character coming from the old vines. Together, it's a rich, fruit-filled wine that is backed by a dry core and fragrant red berry acidity. Drink from 2018.",0.5446712539640035,0.6666666666666661,0.09071255050038288,0.5536961223102796,0.6346153846153847,0.41288055642144356,0.0,0.0,0.0,0.43163693078307247,0.0,0.0,0.3341230256463166,0.0,0.0,0.4820065059377914,0.0,0.0,0.0,0.547038150479362,8,"['generous', 'rounded', 'tannic', 'old', 'rich', 'dry', 'fragrant', 'red']",0.16833333333333333,0.45666666666666667
US,"The aromas seem quite dried out, with notes of fruit leather, medicine cabinet and green herbs. The palate brings more of the same, seeming more advanced than its age might indicate.",0.39912885255556074,0.3888888888888884,0.17296643248675456,0.3993052733302509,0.09615384615384616,0.0,0.5934331591163762,0.0,0.0,0.0,0.0,0.0,0.46303891222468685,0.0,0.6583555661091782,0.0,0.0,0.0,0.0,0.0,4,"['green', 'more', 'same', 'advanced']",0.16666666666666666,0.4375
France,"Crisp and fruity, this is a classic rosé. It shows a lightness that comes from the delicately handled fruits, giving gentle berry flavors, bright acidity and a textured aftertaste.",0.27703216391229124,0.44444444444444375,0.3080246098597872,0.28288549199668633,0.7403846153846154,0.8342638511082905,0.0,0.0,0.0,0.0,0.0,0.5513654203284463,0.0,0.0,0.0,0.0,0.0,0.0,0.0,0.0,5,"['crisp', 'classic', 'gentle', 'bright', 'textured']",0.2033333333333333,0.6166666666666666
US,"For fans of grassy, gooseberry-accented wines. Lemon and lime show here, too, with decent acidity. Tiny amounts of Semillon and Chardonnay add dimension. It's fruity and simple, very clean (as you'd expect), a touch sweet and finishes swiftly.",0.11754013664201335,0.22222222222222143,0.6014417364210083,0.11709636135637469,0.7980769230769231,0.6603808970324726,0.0,0.0,0.0,0.0,0.0,0.0,0.0,0.0,0.0,0.0,0.0,0.7509308029602907,0.0,0.0,6,"['grassy', 'decent', 'tiny', 'simple', 'clean', 'sweet']",0.19866666666666669,0.6167619047619047
US,"This tasty, toasty red wine is all Sangiovese. The tangy red berry fruit flavors carry highlights of peppery herbs. With some air time the wine smoothes out and rolls into a creamy, mocha-infused finish.",0.3625283276957145,0.5555555555555554,0.21291698952615,0.3712376918768605,0.7692307692307693,0.0,0.0,0.0,0.0,0.0,0.5070430786303283,0.3375988506114347,0.4133774997599111,0.0,0.0,0.0,0.0,0.0,0.0,0.6767964059975212,5,"['toasty', 'red', 'tangy', 'red', 'creamy']",-0.03333333333333333,0.16666666666666666
US,"Very ripe and almost sweet in jammy, pie-filling cherries and raspberries, with a rich seasoning of cinnamon, brown sugar and cocoa. But it's technically dry, and has a crispness from fine Arroyo Seco acidity. Drink now.",0.4057988371578959,0.3888888888888884,0.16760355643406,0.40580584473284786,0.6346153846153847,0.4091607720646271,0.0,0.0,0.0,0.42774816373415325,0.0,0.0,0.0,0.0,0.0,0.477663941889217,0.4527533357411123,0.46526395370766543,0.0,0.0,7,"['ripe', 'sweet', 'rich', 'cinnamon', 'brown', 'dry', 'fine']",0.255,0.5599999999999999
US,"A pretty wine with aromas of black-cherry liqueur and a dash of espresso, or maybe it's the other way around. Round, full and lushly flavored. The high acidity gives it real bite; in fact, the finish is somewhat bitter because of it. Food will soften it up nicely.",0.27703216391229124,0.33333333333333304,0.30068918169575665,0.27773124492486323,0.4903846153846154,0.41996700841578344,0.43556349023060004,0.46888026089932516,0.40358943107249634,0.0,0.4168647505292516,0.0,0.0,0.0,0.0,0.0,0.0,0.0,0.0,0.27821360436215137,8,"['pretty', 'black', 'other', 'round', 'full', 'high', 'real', 'bitter']",0.13722222222222225,0.5516666666666666
Italy,"This easy Sangiovese should pair with a pizza or a grilled ham and cheese sandwich. There are mild fruit flavors here, followed by sun-drenched aromas of leather and spice.",0.06619517215316933,0.16666666666666607,0.746316442660611,0.06442293811197808,0.7692307692307693,0.0,0.704488794976798,0.0,0.0,0.0,0.0,0.4489251068762646,0.5496924468903259,0.0,0.0,0.0,0.0,0.0,0.0,0.0,2,"['easy', 'mild']",0.3833333333333333,0.6666666666666667
US,"The excellent aromas show the muscle and meat typical of the better Syrahs, and the concentrated palate is a well-crafted blend of brambly berry, pepper, sea salt, cured meat and loam.",0.27703216391229124,0.5555555555555554,0.3153600380238177,0.28792396848084834,0.8365384615384616,0.0,0.6695337343355647,0.0,0.0,0.0,0.0,0.0,0.0,0.0,0.7427816493335533,0.0,0.0,0.0,0.0,0.0,4,"['excellent', 'typical', 'better', 'concentrated']",0.4444444444444445,0.6666666666666666
US,"Very consistent in style with previous vintages, this textural, lemony, racy Riesling seems bone dry, though it is noted as having 1% residual sugar. Along with rich flavors of grapefruit and citrus, there are nectarine and pear fruit highlights and a sharp minerality.",0.31898405454055623,0.6666666666666661,0.26645718359694753,0.33373141572859044,0.7307692307692308,0.0,0.0,0.0,0.0,0.5550533924488191,0.0,0.35089460927975313,0.4296576721176261,0.0,0.0,0.6198249668252556,0.0,0.0,0.0,0.0,6,"['consistent', 'previous', 'dry', 'residual', 'rich', 'sharp']",0.06833333333333333,0.5183333333333333
Italy,"This opens with earthy aromas of scorched soil, overripe plum, leather and a funky whiff of farmyard. On the palate, notes of game, clove and sage join raw red cherry offset by bracing tannins.",0.3283771284011352,0.3888888888888884,0.24053867075070634,0.3303549103615069,0.5384615384615385,0.0,0.5011149460218143,0.0,0.4643288533200854,0.0,0.0,0.0,0.0,0.0,0.5559376130332884,0.0,0.0,0.0,0.47351441082913026,0.0,4,"['earthy', 'funky', 'raw', 'red']",-0.21025641025641026,0.2871794871794872
US,"A delicious and interesting white wine, made from a variety more usually used for blending purposes. It's honey-rich but dry, similar in structure to an oaky Chardonnay, with tropical fruit and vanilla flavors that have a pleasant touch of bitterness.",0.3703290190294001,0.5555555555555554,0.20532861556335982,0.37883992017057655,0.3653846153846154,0.0,0.0,0.0,0.0,0.5236094625482364,0.0,0.3310163315378468,0.4053174448401936,0.0,0.0,0.5847117091231481,0.0,0.0,0.0,0.33180009811282013,8,"['delicious', 'interesting', 'white', 'rich', 'dry', 'similar', 'tropical', 'pleasant']",0.3020833333333333,0.5270833333333333
Italy,"This is a bright and fruit-forward red wine from Piedmont in Northern Italy that exhibits prominent, but not overly intense or intrusive, aromas of fresh fruit, exotic spice and drying mineral. The wine has a fresh acidic component balanced by a jammy, sweet finish.",0.4636258741465087,0.5555555555555554,0.13197433392305458,0.4697697086346708,0.038461538461538464,0.0,0.3730578212806723,0.0,0.0,0.0,0.3570424498132742,0.0,0.5821726848561174,0.0,0.0,0.0,0.0,0.40902068568253774,0.0,0.4765769556995597,11,"['bright', 'red', 'prominent', 'intense', 'intrusive', 'fresh', 'exotic', 'fresh', 'acidic', 'jammy', 'sweet']",0.35625,0.68125
US,"Simple and seemingly sweet, this Chardonnay has apricot jam flavors.",0.1394708524016972,0.05555555555555536,0.5254200263574191,0.13030359732533325,0.14423076923076925,0.0,0.0,0.0,0.0,0.0,0.0,0.5024986150125038,0.0,0.0,0.0,0.0,0.0,0.8645780137792747,0.0,0.0,2,"['simple', 'sweet']",0.175,0.5035714285714286
US,"With too much oak and too sweet fruit, the result is an unbalanced Chardonnay. It tastes like LifeSaver lemon candies cooked into a baked Alaska dessert.",0.3703290190294001,0.11111111111111072,0.18576747379261177,0.3579651659939409,0.14423076923076925,0.0,0.0,0.0,0.0,0.0,0.0,0.0,0.4558859766736161,0.6179104561983028,0.0,0.0,0.0,0.6405892946288976,0.0,0.0,4,"['much', 'sweet', 'unbalanced', 'baked']",0.275,0.42500000000000004
US,"Firm and muscular, this delivers powerful, concentrated red currant, cherry and berry fruit, tightly wrapped and resonant. Young and compact, the wine just begins to hint at the complexity it contains, with notes of herb, leaf and barrel spice. Good weight and concentration, plus exceptional length and precision.",0.5097998714310973,0.6666666666666661,0.10796747811350012,0.5197053586478035,0.4903846153846154,0.0,0.0,0.0,0.676616528681925,0.0,0.0,0.0,0.5697705091882674,0.0,0.0,0.0,0.0,0.0,0.0,0.46642431323180833,9,"['firm', 'muscular', 'powerful', 'concentrated', 'red', 'young', 'compact', 'good', 'exceptional']",0.19829931972789114,0.5265306122448979
US,"Very ripe, with sun-enriched blackberry, cherry and mocha flavors, and rich in sweet, dusty tannins. The finish on this polished, gentle Cab is a little sweet and oaky. Drink now.",0.31898405454055623,0.33333333333333304,0.24811861318687123,0.31860948343793183,0.11538461538461539,0.0,0.0,0.0,0.28889461684067513,0.0,0.29839726490979157,0.19867853029621427,0.0,0.0,0.0,0.35094843349834026,0.332646155602725,0.6836758708272743,0.29460965715761667,0.0,8,"['ripe', 'rich', 'sweet', 'dusty', 'polished', 'gentle', 'little', 'sweet']",0.12678571428571425,0.6071428571428573
US,"Here's a Cabernet to age for a while. It's very dry and richly flavored in classic varietal flavors of blackberries, black currants and cedar, with finely ground, intense tannins. But it has a youthful immaturity that simply isn't ready to appreciate now. Really needs time for all the parts to mesh together. Give it until 2012, and it should develop bottle complexity for another 5–6 years.",0.6473611829416915,0.6666666666666661,0.05275170975152492,0.6537974296877367,0.11538461538461539,0.0,0.0,0.5775720313736658,0.0,0.5408209959508731,0.0,0.3418971483576098,0.0,0.0,0.0,0.0,0.0,0.0,0.5069808071895201,0.0,9,"['dry', 'classic', 'varietal', 'black', 'ground', 'intense', 'youthful', 'ready', '5–6']",0.163125,0.54125
France,"This is bizarrely perfumed: It tastes like a candy shop smells, with a note of fruit jelly. The tannins are taut, but the wine doesn't hang together.",0.265229661158644,0.11111111111111072,0.3018474071953404,0.2555538981867598,0.06730769230769232,0.0,0.0,0.0,0.0,0.0,0.0,0.0,0.5646297081565478,0.0,0.0,0.0,0.0,0.0,0.6837760579382633,0.46221596170779333,1,['taut'],0.4,0.6
US,"This wine in a box is simple and direct, with pineapple, lime and peach flavors that are sugary sweet. But it's crisp and clean in acidity, and the box is the equivalent of four regular bottles.",0.27703216391229124,0.16666666666666607,0.2896860394497109,0.2697707857365237,0.9807692307692308,0.5617723508513338,0.0,0.0,0.0,0.0,0.0,0.3712756437241812,0.0,0.0,0.0,0.0,0.0,0.6388012802934526,0.0,0.37215473460861215,7,"['simple', 'direct', 'sugary', 'sweet', 'crisp', 'clean', 'regular']",0.17777777777777778,0.43345543345543347
US,"From both Muscat Canelli (65%) and Muscat Giallo (35%), this fragrant and inviting wine is exactly what it proclaims to be, slightly sweet in honeysuckle, citrus and crisp texture. It offers lightness and lingering acidity in a moderate-alcohol package.",0.2256871994234474,0.5555555555555554,0.3978836048691611,0.2378975951793174,0.5288461538461539,0.6050173608788567,0.0,0.0,0.0,0.0,0.0,0.0,0.0,0.0,0.0,0.0,0.0,0.6879759463837662,0.0,0.4008030566656701,5,"['sweet', 'honeysuckle', 'crisp', 'lightness', 'moderate']",0.2375,0.32916666666666666
US,"Aged in American oak, with mostly similar vineyard sources. The American oak, with more spice to the fruit, and less smoothness overall than the C'est Belle Bottling. Cherry and berry flavors abound; it's sturdy, solid and well-made. Just 170 cases produced.",0.4057988371578959,0.44444444444444375,0.1696993930523544,0.4083687927114872,0.8365384615384616,0.0,0.0,0.0,0.36778186255578943,0.0,0.0,0.25293084627633156,0.3097046114241924,0.8395507978910646,0.0,0.0,0.0,0.0,0.0,0.0,7,"['american', 'similar', 'american', 'more', 'smoothness', 'sturdy', 'solid']",0.02916666666666667,0.18333333333333335
France,"The complexities of Burgundy! This is the vineyard next to the more familiar Les Charmes, just up the slope—hence dessus, meaning above. This vineyard gives a mineral character, hinting at Chablis, but with some Meursault richness as well. Hold this wine, with its delicious vanilla flavors, and it will be ready in a year.",0.5619800395839595,0.7222222222222214,0.08413458502720333,0.5729929560884157,0.14423076923076925,0.0,0.0,0.0,0.0,0.0,0.0,0.7062701484232128,0.0,0.0,0.0,0.0,0.0,0.0,0.0,0.7079424252340392,3,"['familiar', 'delicious', 'ready']",0.3458333333333334,0.43333333333333335
US,"Porty and dull. Almost undrinkable, except for some decent berry and currant flavors.",0.2989628796719753,0.0,0.2520086129708268,0.28288549199668633,0.8557692307692308,0.0,0.0,0.0,0.0,0.0,0.0,1.0,0.0,0.0,0.0,0.0,0.0,0.0,0.0,0.0,4,"['dull', 'undrinkable', 'decent', 'currant']",-0.06250000000000001,0.5833333333333333
Italy,"Smells like ripe peaches with hints of anise and almond. Tastes similar, with a plump mouthfeel that carries the flavors across the palate to a short but pleasant finish. Nice as an apéritif, or with mildly flavored fish or poultry.",0.30919115719657264,0.3888888888888884,0.26273631423838134,0.3116589838628734,0.1826923076923077,0.0,0.0,0.0,0.0,0.0,0.498153867430675,0.3316802460385219,0.0,0.0,0.5774421799003059,0.0,0.5553300528727668,0.0,0.0,0.0,6,"['ripe', 'similar', 'plump', 'short', 'pleasant', 'nice']",0.3333333333333333,0.6333333333333333
Italy,"This wine is mostly Cabernet Sauvignon with smaller percentages of Alicante and Petit Verdot that render a soapy, herbal nose with accents of root beer, exotic spice, lavender potpourri and green pepper corn. It is very well balanced.",0.5097998714310973,0.6666666666666661,0.10796747811350012,0.5197053586478035,0.6923076923076923,0.0,0.0,0.0,0.0,0.0,0.0,0.0,0.0,0.0,0.0,0.0,0.0,0.0,0.0,1.0,6,"['smaller', 'soapy', 'herbal', 'exotic', 'green', 'balanced']",0.2,0.5199999999999999
US,"Very dry and fairly tannic, it's severe on first sip and hard to appreciate, although there are some good black cherry, cola, leather, oak and black pepper flavors. It's complex in its own way, and gets better as it breathes in the glass. Give it a good, long decanting, and drink it now through 2018. The blend is Mourvèdre, Grenache, Syrah and Counoise, in that order.",0.5097998714310973,0.5555555555555554,0.10530004969021631,0.5147758433023901,0.701923076923077,0.0,0.0,0.7595577218793635,0.3268952591990581,0.3556134484663199,0.0,0.22481232211497754,0.0,0.37310863262832134,0.0,0.0,0.0,0.0,0.0,0.0,12,"['dry', 'tannic', 'severe', 'first', 'hard', 'good', 'black', 'black', 'complex', 'own', 'better', 'good']",0.1990277777777778,0.5768055555555557
Spain,"Waxy on the nose, with buttercup, creamy yellow-fruit scents and white flowers. The palate is wet, racy and a touch like soda, with sweet, candied flavors of peach and melon. Plods along with good enough acidity to support the wine's core sweetness and candied qualities.",0.21083699175912196,0.33333333333333304,0.4058303187135275,0.21323933459667743,0.14423076923076925,0.4407616090305591,0.0,0.0,0.0,0.0,0.0,0.29129958046837573,0.35668572934131193,0.0,0.5071410394762171,0.0,0.0,0.5011978245747353,0.0,0.29198930738732914,9,"['creamy', 'yellow', 'white', 'wet', 'sweet', 'candied', 'good', 'enough', 'candied']",0.19,0.43000000000000005
Spain,"Starts out rustic and leathery, with hints of smoke, leafiness and earth along with baked berry and spice. This four-grape wine has good density and mouthfeel that frames leather, earth and slightly baked berry fruit flavors. Finishes chocolaty and sweet, with just enough acidity to maintain balance.",0.21083699175912196,0.4999999999999991,0.42050117504158857,0.22092550180293036,0.6923076923076923,0.5114056049348508,0.0,0.0,0.0,0.0,0.0,0.33798823471571754,0.41385428641716177,0.0,0.0,0.0,0.0,0.5815283623100276,0.0,0.33878850907038066,5,"['leathery', 'baked', 'good', 'sweet', 'enough']",0.22083333333333333,0.4791666666666667
US,"A wonderfully dry, minerally Sauvignon Blanc. It's set off by crisp acidity, and has rewarding flavors of lemons, grapefruits and limes, enriched with pineapples, figs and honeysuckle.",0.15949202727027811,0.44444444444444375,0.523197169338016,0.16837753464831673,0.7980769230769231,0.6287307234405035,0.0,0.0,0.0,0.6572927582423327,0.0,0.41552846757372386,0.0,0.0,0.0,0.0,0.0,0.0,0.0,0.0,3,"['dry', 'crisp', 'rewarding']",0.22777777777777777,0.6722222222222222
US,"Firm, a bit astringent and dry, with ripe flavors of blackberries, currants, black cherries and cedar. A solid Cabernet with some raw edges that might age out in a few years.",0.4247216884289221,0.3888888888888884,0.1532084680820903,0.4242483989749579,0.11538461538461539,0.0,0.0,0.5581895008793292,0.0,0.5226717801360692,0.0,0.33042354585610506,0.0,0.0,0.0,0.0,0.5532259680287579,0.0,0.0,0.0,7,"['astringent', 'dry', 'ripe', 'black', 'solid', 'raw', 'few']",-0.14401709401709403,0.3491452991452992
US,"Dripping in earth, kir and fresh raspberry, this is a stellar wine from the heart of the appellation, estate-grown from a four-acre spot planted to a trio of clones. Spirited and refreshing, it dances in acidity and a floral back note that's compelling, wrapped in cinnamon and mocha.",0.44775072778616076,0.7777777777777777,0.1494396390755082,0.46404901588643077,0.6346153846153847,0.8336632799340609,0.0,0.0,0.0,0.0,0.0,0.0,0.0,0.0,0.0,0.0,0.0,0.0,0.0,0.5522730626144858,8,"['dripping', 'fresh', 'stellar', 'spirited', 'refreshing', 'floral', 'back', 'compelling']",0.30833333333333335,0.5583333333333333
US,"Has all the hallmarks of Viognier, namely lots of tropical fruit, wildflower, vanilla and spicy aromas and flavors, and finishes thoroughly dry. Could use more brightness and zest, though, as it's a bit flat.",0.31898405454055623,0.16666666666666607,0.23894932798183305,0.3106482394166481,0.9615384615384616,0.0,0.5743955422124193,0.0,0.0,0.5789871572789421,0.0,0.3660250979370834,0.448184404539804,0.0,0.0,0.0,0.0,0.0,0.0,0.0,5,"['tropical', 'spicy', 'dry', 'more', 'flat']",0.1361111111111111,0.4083333333333334
Italy,"Smokey tones of charcoal and dark granite or slate rise from the nose of this Lazio-based Petit Verdot. Dusty mineral notes are followed by dark, ripe fruit and the wine is long-lasting and penetrating on the close.",0.31898405454055623,0.44444444444444375,0.25423146999023,0.3237642240186729,0.5961538461538461,0.0,0.0,0.0,0.0,0.0,0.0,0.0,0.531506549492281,0.0,0.0,0.0,0.7267655213220612,0.0,0.0,0.4351007525439159,4,"['dark', 'dusty', 'dark', 'ripe']",-0.23333333333333336,0.4666666666666666
US,"Kind of tough in the mouth at this time, with aggressive tannins that effectively bury the blackberry flavors. There's also a streak of hung meat or smoky leather that adds dimension. Best to let it soften for a few years.",0.3374017500503924,0.3888888888888884,0.23072048228500394,0.3391492782108958,1.0,0.0,0.0,0.0,0.0,0.0,0.0,0.5591190290575617,0.0,0.0,0.0,0.0,0.0,0.0,0.8290873966873031,0.0,6,"['tough', 'aggressive', 'hung', 'smoky', 'best', 'few']",0.32222222222222224,0.5866666666666667
Italy,"This is a difficult wine to understand, with a very specific philosophy behind it. Light, elegant and ethereal, the 60-40 blend of Nero d'Avola and Frappato is aged in terracotta amphorae in a studied attempt to present as pure a product as nature allows. It offers loads of bright fruit, wild berries, earth, spice and impressive complexity.",0.43652419118256935,0.6111111111111107,0.15214676137413852,0.44583262234106225,0.6923076923076923,0.0,0.0,0.0,0.0,0.0,0.0,0.0,0.7737919117738018,0.0,0.0,0.0,0.0,0.0,0.0,0.6334398766050691,10,"['difficult', 'specific', 'light', 'elegant', 'ethereal', 'studied', 'pure', 'bright', 'wild', 'impressive']",0.16785714285714284,0.5552083333333334
Italy,"Here's an oak-aged Chardonnay from northern Italy that offers the bright intensity of peach, melon and yellow flower backed by the elegance of toast and roasted nut. The wine is creamy and soft in the mouth with some bitter almond notes on the close.",0.3703290190294001,0.44444444444444375,0.2004383301206728,0.3738005004254199,0.14423076923076925,0.0,0.0,0.0,0.0,0.0,0.0,0.0,0.0,0.8559918686806711,0.0,0.0,0.0,0.0,0.0,0.516989284949478,8,"['aged', 'northern', 'bright', 'yellow', 'roasted', 'creamy', 'soft', 'bitter']",0.16,0.32999999999999996
US,"Defines a style entirely separate from Napa's. Has those rustic Dry Creek tannins and even a briary edge to the blackberries and cherries, and is totally dry. Well-made and elegant.",0.1779097227801143,0.44444444444444375,0.4818178309768181,0.18631708791684543,0.11538461538461539,0.0,0.0,0.0,0.0,0.9054714426863463,0.0,0.0,0.0,0.0,0.0,0.0,0.0,0.0,0.42440719418914974,0.0,5,"['separate', 'rustic', 'briary', 'dry', 'elegant']",0.09166666666666667,0.70625
US,"Oaky and ripe, with powerful tropical pineapple, kumquat, mineral and floral aromas and flavors. New oak adds smoke, vanilla and char. The bottom line is of a flavorful, acidic and elegant Chard with a lingering, spicy finish.",0.35445387266905204,0.5555555555555554,0.2210473902005681,0.36336876892675485,0.14423076923076925,0.0,0.4673278827376812,0.0,0.0,0.0,0.447265497734136,0.297797809135036,0.0,0.49423862678335206,0.0,0.0,0.49860091177436777,0.0,0.0,0.0,9,"['ripe', 'powerful', 'tropical', 'floral', 'new', 'bottom', 'flavorful', 'acidic', 'elegant']",0.3121212121212121,0.8181818181818182
Spain,"Smooth and ripe smelling, with clean berry aromas. Cherry, plum and pepper are the lead flavors, and the feel is tangy, zippy and clampy, but exceedingly fresh. Not a lot of richness, depth or body here, but it's pure, clean wine with common appeal.",0.19496184539877393,0.3888888888888884,0.44111023512148384,0.20036594717311207,0.8557692307692308,0.0,0.5122516344762934,0.0,0.4746480142649004,0.0,0.0,0.3264248081651675,0.0,0.0,0.0,0.0,0.5465309078319117,0.0,0.0,0.3271977031238341,11,"['smooth', 'ripe', 'clean', 'tangy', 'zippy', 'clampy', 'fresh', 'richness', 'pure', 'clean', 'common']",0.22460317460317458,0.5666666666666668
US,"Just a single barrel was made, pure Sangiovese from the Candy Mountain Vineyard. Tight, tart and dark, it captures black cherry fruit with black licorice and a whiff of smoke. At this point in time the tannins and acids seem to be fighting it out for control.",0.4878691556714132,0.44444444444444375,0.11436930632938133,0.48835938755004693,0.7692307692307693,0.0,0.0,0.8140064025442577,0.35032865348403414,0.0,0.0,0.0,0.2950074773781838,0.0,0.0,0.0,0.0,0.0,0.3572590089220701,0.0,6,"['single', 'pure', 'tight', 'dark', 'black', 'black']",-0.08650793650793649,0.37777777777777777
US,"Something like a cross between a silky Pinot Noir and a soft Merlot, this is a gentle, fruity wine, with berry, tobacco, cola and spice flavors. A nice scour of tannins suggests this will pair with rich, oily meats and cheeses.",0.2256871994234474,0.33333333333333304,0.3795450344590848,0.2277063189235855,0.7692307692307693,0.0,0.0,0.0,0.0,0.0,0.0,0.3695149916189838,0.0,0.0,0.0,0.6527162611354675,0.0,0.0,0.5479338146560808,0.37038991370526575,6,"['silky', 'soft', 'gentle', 'nice', 'rich', 'oily']",0.255,0.58
US,"Simple cherry fruit, with a delicately earthy base, defines this everyday Merlot. It keeps its herbal component in check, balanced appropriately against rather light fruit.",0.2527888823873867,0.3888888888888884,0.33981146523725275,0.25670209639446684,0.4903846153846154,0.0,0.0,0.0,0.510546591841139,0.0,0.0,0.0,0.8598500901665344,0.0,0.0,0.0,0.0,0.0,0.0,0.0,5,"['simple', 'earthy', 'everyday', 'herbal', 'light']",-0.06666666666666667,0.6761904761904761
US,"Date and tar notes come nuanced with a funky, sweat-like aroma. The palate feels lax on attack, and it tastes a bit thin on flavor. Firm, upper-lip-grabbing tannins mark the finish.",0.3374017500503924,0.16666666666666607,0.21943520818649545,0.32859546028259845,0.4903846153846154,0.0,0.0,0.0,0.0,0.0,0.548950562318479,0.0,0.0,0.0,0.6363238952607236,0.0,0.0,0.0,0.5419826385138596,0.0,6,"['funky', 'like', 'lax', 'thin', 'firm', 'upper']",-0.30000000000000004,0.625
France,"It's certainly tannic and tough at the moment, the wine also has so much fruit. That will allow it to round out, bringing out the black currant fruitiness and resulting in a full, rich and perfumed wine. Wait until 2018.",0.31898405454055623,0.44444444444444375,0.25423146999023,0.3237642240186729,0.06730769230769232,0.0,0.0,0.49831919722918616,0.0,0.0,0.0,0.0,0.3611959042194659,0.0,0.0,0.5210618915445739,0.0,0.0,0.0,0.5913628341618474,6,"['tannic', 'tough', 'much', 'black', 'full', 'rich']",0.05481859410430839,0.5340136054421769
US,"Crisp and refreshing with notes of grated ginger, white flowers and cantaloupe. This dry Riesling balances peachy fruit flavors with a steely backbone of slate and lime, tart acidity and a pleasantly long finish. Lovely all around.",0.2256871994234474,0.4999999999999991,0.393298962266642,0.23539285194812387,0.7307692307692308,0.4897095350676165,0.0,0.0,0.0,0.5119561030527938,0.4860920955144379,0.3236492906683023,0.3962967715477168,0.0,0.0,0.0,0.0,0.0,0.0,0.0,10,"['crisp', 'refreshing', 'grated', 'white', 'dry', 'peachy', 'steely', 'tart', 'long', 'lovely']",0.18888888888888888,0.5277777777777778
US,"This is light and generic, the sort of low-priced Merlot that California cranks out by the boatload. Washington can do better. There's a spiffy new label, but where's the beef?",0.09329685511710872,0.11111111111111072,0.653604781143003,0.08809206042605977,0.4903846153846154,0.0,0.0,0.0,0.0,0.0,0.0,0.0,0.0,0.0,0.0,0.0,0.0,0.0,0.0,0.0,4,"['light', 'generic', 'spiffy', 'new']",0.2590909090909091,0.41363636363636364
US,"Intense blueberry and blackberry notes penetrate through this fruity, forward Pinot Noir. Hints of savory herbs add elegance to an otherwise one-dimensional palate that finishes with big, coarse tannins.",0.2989628796719753,0.22222222222222143,0.26534575508724595,0.29382446167378284,0.6346153846153847,0.0,0.0,0.0,0.0,0.0,0.0,0.0,0.0,0.0,0.7612851897591578,0.0,0.0,0.0,0.6484171958341043,0.0,5,"['intense', 'savory', 'dimensional', 'big', 'coarse']",0.06666666666666667,0.5333333333333333
US,"Easy to like for its crisp, mouthwatering acidity and flavors of lemons and limes, figs and vanilla. A nice, everyday wine to drink with roast chicken or as a cocktail sipper.",0.265229661158644,0.2777777777777777,0.31342966219117807,0.26360940174191194,0.625,0.7301702128185195,0.0,0.0,0.0,0.0,0.0,0.48256987974148274,0.0,0.0,0.0,0.0,0.0,0.0,0.0,0.4837124884462348,3,"['crisp', 'nice', 'everyday']",0.09666666666666665,0.76
France,"With its tobacco and fresh raspberry aromas, this is a light, perfumed, smoky wine of fragrant Cabernet Franc with a touch of blueberry tannins and an intense burst of finishing acidity.",0.19496184539877393,0.2777777777777777,0.4306310520300116,0.19515309470350428,0.06730769230769232,0.5364463207717313,0.556368541133999,0.0,0.0,0.0,0.0,0.0,0.0,0.0,0.0,0.0,0.0,0.0,0.5257247345152224,0.35537711643519937,4,"['fresh', 'smoky', 'fragrant', 'intense']",0.3,0.7333333333333334
US,"The Chelan region is Washington's newest AVA, but already showing great potential for Syrah, as this aromatic and explosively flavorful bottle proves. Ripe berries, plums and cherries are swept into a mix of smoke and rock and iron filings; as you taste through the wine there are citrusy acids and hints of resin and tar; it just keeps adding in the nuances.",0.34608573750449545,0.5555555555555554,0.22978004277679492,0.3552137569922842,0.8365384615384616,0.0,0.0,0.0,0.0,0.0,0.0,0.0,0.0,0.0,0.0,0.0,0.8579917748598131,0.0,0.0,0.5136634250877784,5,"['newest', 'great', 'aromatic', 'flavorful', 'ripe']",0.3666666666666667,0.5833333333333334
France,"Well structured, balanced, giving tannins as well as acidity to balance fruit that moves in the direction of sweet plums, with hints of coffee and vanilla spice. The wine has a texture that promises aging, but also has a delicious juicy character.",0.5097998714310973,0.6111111111111107,0.10663376390185822,0.5172541411668099,0.6346153846153847,0.4796172888766682,0.0,0.0,0.0,0.0,0.0,0.0,0.38812963511941484,0.0,0.0,0.0,0.0,0.5453813056498578,0.47003150567023944,0.31772985015212013,4,"['balanced', 'sweet', 'delicious', 'juicy']",0.675,0.825
US,"Huge flavors of jammy blackberries and cherries dominate this Syrah, with a coating of sweet, caramelized oak. It's yummy, but not especially complex. Drink now.",0.3374017500503924,0.33333333333333304,0.2278991637603768,0.33655700620392026,0.8365384615384616,0.0,0.0,0.0,0.0,0.0,0.0,0.3859094039502636,0.0,0.6404725891877643,0.0,0.0,0.0,0.6639795135709188,0.0,0.0,5,"['huge', 'jammy', 'sweet', 'yummy', 'complex']",0.27499999999999997,0.5833333333333334
US,"Thick and soft, this wine has simple, sweetish medicinal flavors of cherry and black raspberry Lifesavers. The oak just adds vanilla.",0.3625283276957145,0.11111111111111072,0.19268132562537615,0.35036321699070894,0.4903846153846154,0.0,0.0,0.5416447621746908,0.46622159139349617,0.0,0.0,0.3206297908330575,0.0,0.5321316096563584,0.0,0.0,0.0,0.0,0.0,0.3213889645929386,6,"['thick', 'soft', 'simple', 'sweetish', 'medicinal', 'black']",-0.09166666666666667,0.4038690476190476
US,"Ripeness is both this wine's blessing and its challenge. It's super-fruit in jammy blackberries, blueberries, currants and cherries, brightened by that famous Edna Valley acidity. But it's all on the surface, without much complexity. So drink now.",0.31898405454055623,0.33333333333333304,0.24811861318687123,0.31860948343793183,0.8365384615384616,0.6910957751658516,0.0,0.0,0.0,0.0,0.0,0.0,0.559268310940031,0.0,0.0,0.0,0.0,0.0,0.0,0.4578270262077103,3,"['jammy', 'famous', 'much']",0.35,0.6
Italy,"Lush concentration and deep aromas of dark fruit and black cherry make an excellent first impression. This Dolcetto shows a dark, deep color and a chewy, almost inky texture.",0.27703216391229124,0.44444444444444375,0.3080246098597872,0.28288549199668633,0.20192307692307693,0.0,0.5251367524711843,0.5653050887624991,0.48658725517351464,0.0,0.0,0.0,0.4097491805067414,0.0,0.0,0.0,0.0,0.0,0.0,0.0,9,"['lush', 'deep', 'dark', 'black', 'excellent', 'first', 'dark', 'deep', 'inky']",0.11041666666666665,0.4583333333333333
US,"A very nice Chardonnay that has the dusty, herbal tug that Napa Chards often display. Otherwise it's very rich, with potent pineapple pie and peach tart flavors, enriched with creamy lees and buttery new oak. Drink now–2012.",0.5652908644281741,0.6666666666666661,0.08167425508398812,0.5737954393933702,0.14423076923076925,0.0,0.0,0.0,0.0,0.0,0.0,0.381395079829083,0.0,0.6329804140069336,0.0,0.6737014090572904,0.0,0.0,0.0,0.0,7,"['nice', 'herbal', 'rich', 'potent', 'creamy', 'buttery', 'new']",0.3007727272727273,0.7059090909090909
Italy,"Lightweight and thin in the mouth, this zesty white wine does a good job of keeping your palate refreshed and quenches your thirst (think hot summer day). It's an easy and informal wine that stays focused on simplicity.",0.19496184539877393,0.2777777777777777,0.4306310520300116,0.19515309470350428,0.6153846153846154,0.0,0.0,0.0,0.0,0.0,0.0,0.0,0.0,0.0,0.6556879203211693,0.0,0.0,0.0,0.0,0.7550320199467702,9,"['lightweight', 'thin', 'zesty', 'white', 'good', 'hot', 'easy', 'informal', 'focused']",0.19666666666666666,0.6266666666666667
France,"Old vines have produced a superconcentrated and ripe wine. It has notes of toast, spice and yellow fruit as well as bright acidity. With its structure, depth of flavor and density, it should age well over 3–4 years.",0.4057988371578959,0.6666666666666661,0.17808273952553216,0.41833743469107976,0.7980769230769231,0.548971989273395,0.0,0.0,0.0,0.0,0.0,0.0,0.444254831568953,0.0,0.0,0.0,0.6074602365172616,0.0,0.0,0.36367493819514873,6,"['old', 'superconcentrated', 'ripe', 'yellow', 'bright', '3–4']",0.26666666666666666,0.3333333333333333
US,"The nose of this blend of 58% Syrah, 17% Cabernet Franc, 9% Merlot, 8% Malbec and 8% Petite Sirah is a touch funky, with sour blackberry, charcoal and dried meat aromas. Charred blueberry, sour black plum and savory meat flavors show on the palate.",0.3851792266937255,0.33333333333333304,0.18240540255076443,0.38311767877213576,0.6923076923076923,0.0,0.5132814583158437,0.5525429690227307,0.0,0.0,0.0,0.3270810482367346,0.0,0.0,0.5694351585712506,0.0,0.0,0.0,0.0,0.0,5,"['sour', 'charred', 'sour', 'black', 'savory']",-0.16666666666666666,0.30833333333333335
US,"A rush of zippy, fresh fruit and spice aromas recommends this white from New York, offering the kind of clean fruit flavors and minerality that makes this region unique. The wine lacks real complexity and tends toward the austere but the beguiling spice saves the day.",0.2527888823873867,0.22222222222222143,0.32758575163053527,0.24883521773945927,0.14423076923076925,0.0,0.48510797542327777,0.0,0.0,0.0,0.0,0.3091279112829548,0.7570317424997965,0.0,0.0,0.0,0.0,0.0,0.0,0.3098598513752435,6,"['zippy', 'fresh', 'white', 'clean', 'unique', 'real']",0.2825757575757576,0.5506493506493506
US,"Soft and sweetly fruity, with pie-filling flavors of blackberries, plums and cherries, spiced with anise and cinnamon. Easy to like. Drink now.",0.47847608181083434,0.3888888888888884,0.11822040611549733,0.4766407904030361,0.06730769230769232,0.0,0.0,0.0,0.0,0.0,0.0,1.0,0.0,0.0,0.0,0.0,0.0,0.0,0.0,0.0,2,"['soft', 'sweetly']",0.29444444444444445,0.6111111111111112
US,"If you know the Rhône-style wines of Saxum, which is probably Paso Robles' most expensive wine, this is nearly identical. Mostly Syrah, with 8% Grenache, the wine is decadently rich in milk chocolate, blackberry jam and sweet, smoky oak flavors. It's very high in alcohol, but unless you're an extremist in this regard, you can't help but be knocked out by the wine's sensuous pleasures.",0.6355586801880441,0.6666666666666661,0.05630360128358179,0.6422921530412606,0.701923076923077,0.0,0.0,0.0,0.0,0.0,0.0,0.23015811393347857,0.0,0.38198074896497164,0.0,0.4065543942843729,0.0,0.39600038498581613,0.0,0.6921092179633902,7,"['expensive', 'identical', 'rich', 'sweet', 'smoky', 'high', 'sensuous']",0.219,0.6002857142857143
US,"A bit on the soft, overripe side, with currant, licorice, cherry, cocoa and oak flavors. But it's dry, and the tannins are fancy. Drink it fresh out of the bottle with a grilled steak.",0.27703216391229124,0.33333333333333304,0.30068918169575665,0.27773124492486323,0.11538461538461539,0.0,0.0,0.0,0.4472555488420462,0.4865475518339207,0.0,0.30758646901257625,0.0,0.5104843266089375,0.0,0.0,0.0,0.0,0.45610335473597796,0.0,5,"['soft', 'currant', 'dry', 'fancy', 'fresh']",0.11111111111111112,0.48333333333333334
US,"This beautiful wine further confirms the high level of quality in the Pinot Noirs from Dan Goldfield and Steve Dutton. It has a profusion of ripe black cherry and currant flavors, backed by firm acidity and fine-grained tannins, giving it grip. Its balance of concentrated fruit flavors and solid structure indicates a long life in the cellar. Best after 2020.",0.5220203549659925,0.833333333333333,0.10541502505328888,0.5388141295589015,0.6346153846153847,0.34930477938390475,0.0,0.3899880533681253,0.3356828378358774,0.0,0.0,0.46171142679114435,0.28267441502219365,0.0,0.0,0.0,0.38652020148059674,0.0,0.34232346331002866,0.2314023238632807,9,"['beautiful', 'high', 'ripe', 'black', 'currant', 'firm', 'concentrated', 'solid', 'long']",0.19916666666666666,0.45916666666666667
US,"Very rich, with bounteous flavors of crushed ripe blackberries, blueberries, dill, black pepper and dark chocolate, with firm, furry tannins. A bit bitter now, and might age for a couple years.",0.47847608181083434,0.2777777777777777,0.11516397771381795,0.4714248715917111,0.8365384615384616,0.0,0.0,0.488149781155864,0.0,0.0,0.0,0.2889631233556141,0.0,0.0,0.0,0.5104283554405414,0.48380905552245573,0.0,0.42848780175727774,0.0,8,"['rich', 'bounteous', 'ripe', 'black', 'dark', 'firm', 'furry', 'bitter']",-0.038194444444444434,0.4680555555555556
US,"Aromas of vanilla and wood spice lead to elegant, somewhat dried out and dilute fruit flavors, followed by a short finish.",0.34608573750449545,0.2777777777777777,0.21619591654710876,0.34239691039005593,0.11538461538461539,0.0,0.58411900432939,0.0,0.0,0.0,0.559042776726421,0.37222123093620674,0.45577134378061773,0.0,0.0,0.0,0.0,0.0,0.0,0.0,2,"['elegant', 'short']",0.09999999999999999,0.6333333333333334
US,"A collaboration between Sonoma County-based winemaker Jesse Katz and Ken Forrester of South Africa, this 100% varietal red is robust and rich. Dark cherry, red currant and integrated oak flavors support its bold body.",0.6473611829416915,0.7222222222222214,0.053485252567927966,0.6562223666620912,0.11538461538461539,0.0,0.0,0.0,0.48499034878910197,0.0,0.0,0.33353743575778677,0.0,0.5535537172304023,0.0,0.589165021594077,0.0,0.0,0.0,0.0,7,"['varietal', 'robust', 'rich', 'dark', 'red', 'integrated', 'bold']",0.11166666666666666,0.3633333333333333
US,"An extraordinarily rich Pinot, fat and opulent in cherry compote, mocha and root beer flavors. Generously oaked, it offers spicy oak notes and a velvety texture. It's a big, fruit-forward wine, but manages to maintain delicacy and harmony throughout. Best now through 2008.",0.47847608181083434,0.6666666666666661,0.1258614771196958,0.48917346414347085,0.6346153846153847,0.0,0.0,0.0,0.42891480465731285,0.0,0.0,0.29497317722122635,0.36118391480038314,0.4895507407229926,0.0,0.5210445955860296,0.0,0.0,0.0,0.29567160232836714,6,"['rich', 'fat', 'opulent', 'oaked', 'spicy', 'big']",0.36875,0.2875
France,"Relatively tight and closed up at this stage, this wine is all about freshness, poised but rich fruit and a structure that suggests long-term development. The wood is quite prominent, overshadowing what will be delicious yellow-fruit flavors. Come back to this wine in 5 years time—it will be magnificent.",0.6692918987013753,0.7777777777777777,0.04795033858961402,0.680000013531511,0.14423076923076925,0.0,0.0,0.0,0.0,0.0,0.0,0.265968496109784,0.6513374778239972,0.0,0.0,0.46981033597577737,0.0,0.0,0.0,0.5331964903009968,7,"['tight', 'rich', 'long', 'prominent', 'delicious', 'yellow', 'magnificent']",0.3709183673469388,0.5908163265306123
US,"This is a Pinot Noir-based blend, and it's quite a good dry, red wine of some sophistication and elegance. Soft and approachable, its cherry fruit flavors are complexed with herbs, such as sage and thyme, and a rich earthiness.",0.3283771284011352,0.5555555555555554,0.249341184547543,0.3379565661318178,0.6923076923076923,0.0,0.0,0.0,0.4337007567644774,0.47180195299667055,0.0,0.2982645709519857,0.3652141065758662,0.0,0.0,0.5268585578300329,0.0,0.0,0.0,0.29897078928304166,7,"['good', 'dry', 'red', 'soft', 'approachable', 'such', 'rich']",0.18472222222222223,0.46666666666666673
US,"An easy drinking dinner wine, dry and balanced, with smooth tannins and plum, blackberry and coffee flavors. Has a rich, blueberry-muffin taste on the finish.",0.2256871994234474,0.2777777777777777,0.3749603918565657,0.22508447771223516,0.4903846153846154,0.0,0.0,0.0,0.0,0.4550867913931931,0.432095819837208,0.2876975513108239,0.0,0.0,0.0,0.508192831924557,0.0,0.0,0.4266111533561243,0.2883787494963379,5,"['easy', 'dry', 'balanced', 'smooth', 'rich']",0.28541666666666665,0.6708333333333334
Italy,"Catches your eye with its brassy hue, and also makes its mark with an overtly sweet nose of peach blossom and melon. In the mouth, however, it struggles a bit, offering cider and melon flavors on a soft, rather punchless palate.",0.1779097227801143,0.16666666666666607,0.4536046457305468,0.1732065099812743,0.33653846153846156,0.0,0.0,0.0,0.0,0.0,0.0,0.3782005702932318,0.0,0.0,0.6584322230763738,0.0,0.0,0.6507160181250945,0.0,0.0,2,"['sweet', 'soft']",0.22499999999999998,0.5
Spain,"This is cool on the nose, with tree bark and tobacco aromas that come together well. Tannic and stout, it's not punishing, with a roasted black-fruit flavor and a backing of espresso bitterness. This shows a syrupy side and also raw power. Drink now–2018.",0.4584549069422533,0.5555555555555554,0.13530861945215936,0.46472965985260783,0.8557692307692308,0.0,0.6010960704442072,0.6470746255298478,0.0,0.0,0.0,0.0,0.469018062649979,0.0,0.0,0.0,0.0,0.0,0.0,0.0,6,"['cool', 'tannic', 'stout', 'roasted', 'black', 'raw']",0.0596153846153846,0.5557692307692308
Italy,"A beautifully executed wine, this has fine aromas of cola, red currant, licorice, blue flower and moist earth. The texture is long, smooth, silky and elegant texture. There's a touch of menthol on the finish.",0.5139458999393303,0.6666666666666661,0.10577637619437413,0.5237466356764726,0.5384615384615385,0.0,0.6559701652330481,0.0,0.0,0.0,0.6278093674466003,0.0,0.0,0.0,0.0,0.0,0.0,0.0,0.0,0.4189970649902304,9,"['fine', 'red', 'licorice', 'blue', 'moist', 'long', 'smooth', 'silky', 'elegant']",0.30238095238095236,0.5
US,"Still dependable despite changes in ownership, this winery again delivers an elegant, well-made wine. With this vintage, it veers more toward herbaceous notes than fruity ones. The dominant flavors are of green olives and sweet bell pepper. Don't think, however, that it's lean. Oak provides fatness, and the right foods, like grilled red meat, will coax out the berry sweetness.",0.2989628796719753,0.3888888888888884,0.27534861167456026,0.30169226942212957,0.11538461538461539,0.0,0.0,0.0,0.0,0.0,0.0,0.35991994387030796,0.0,0.5973393132981036,0.0,0.0,0.0,0.6192631400251636,0.0,0.36077214720529527,9,"['dependable', 'elegant', 'herbaceous', 'dominant', 'green', 'sweet', 'lean', 'right', 'red']",0.23928571428571424,0.4976190476190476
US,"Very, very sweet in residual sugar, with powerful flavors of apricots, honey, oranges and vanilla. A bit soft, but the luscious sweetness is what makes it work.",0.3283771284011352,0.44444444444444375,0.24347284201631858,0.33291752373343897,0.14423076923076925,0.0,0.0,0.0,0.0,0.0,0.0,0.5024986150125038,0.0,0.0,0.0,0.0,0.0,0.8645780137792747,0.0,0.0,5,"['sweet', 'residual', 'powerful', 'soft', 'luscious']",0.285,0.7316666666666668
Spain,"Mild peachy aromas are friendly but nothing serious or intense. This varietal Macabeo feels citrusy, while lightly bitter flavors of almond skins, citrus pith and green melon finish with simplicity and a note of nectarine.",0.09329685511710872,0.2777777777777777,0.6780562083564381,0.096141928567266,0.4134615384615385,0.0,0.6562420425475878,0.0,0.0,0.0,0.6280695730686101,0.41818057460669295,0.0,0.0,0.0,0.0,0.0,0.0,0.0,0.0,8,"['mild', 'peachy', 'friendly', 'serious', 'intense', 'varietal', 'bitter', 'green']",0.04583333333333333,0.5777777777777777
France,"Ame means the spirit, the soul, and Alain Rotier believes this wine expresses the true nature of his Gaillac estate. On that basis, it's a place of great perfumes, coming through in the wine from wood as well as chunky black fruits. It is a relatively soft wine, the concentration in the dense fruit rather than the tannins.",0.43652419118256935,0.6111111111111107,0.15214676137413852,0.44583262234106225,0.21153846153846156,0.0,0.0,0.4277830476174261,0.0,0.0,0.0,0.0,0.31006930006525807,0.0,0.0,0.0,0.0,0.0,0.37549912911687444,0.7614847978526273,6,"['true', 'great', 'chunky', 'black', 'soft', 'dense']",0.2708333333333333,0.5458333333333333
US,"This is bone dry, with plenty of acidity and tough tannins. It's not offering much relief, despite an evident core of blackberries, currants and cherries. Those tannins really lock the palate down, like a sandpaper straitjacket on the tongue. But you have to consider its origin in Yountville, a cool area noted for ageable wines. It hould begin to resolve its difficulties by 2016.",0.4878691556714132,0.6111111111111107,0.11877056322779964,0.4958778102427328,0.11538461538461539,0.37117286575489034,0.0,0.0,0.0,0.3880345394634268,0.0,0.0,0.0,0.0,0.427072115873074,0.0,0.0,0.0,0.727508974346299,0.0,6,"['dry', 'tough', 'much', 'evident', 'cool', 'ageable']",0.055555555555555546,0.4317460317460317
Italy,"Packaged in a modern screwcap bottle, this friendly blend of Ribolla Gialla with smaller percentages of Friulano and Riesling delivers a bright golden color and lively fruit aromas of stone and passion fruits. The wine is crisp and lively in the mouth and perfectly captures the spirit of winemaking in Northeast Italy.",0.39912885255556074,0.4999999999999991,0.17728139023030193,0.40440216949053975,0.9807692307692308,0.0,0.7041524678047691,0.0,0.0,0.0,0.0,0.0,0.5494300204224156,0.0,0.0,0.0,0.0,0.0,0.0,0.4497732259073204,8,"['modern', 'friendly', 'smaller', 'bright', 'golden', 'lively', 'crisp', 'lively']",0.34419191919191916,0.5574074074074074
US,"A bit raw and rustic in texture, with a briary, green peppercorn mouthfeel that's scoury and tart in acids. Couple that with berry-cherry fruit, and you can a Zin that tastes sweet-and-sour. But it's very Zinny, and will wash down barbecue with ease.",0.35445387266905204,0.22222222222222143,0.20532861556335982,0.34789804124791934,1.0,0.0,0.0,0.0,0.5671190924560885,0.0,0.0,0.0,0.47756405642138083,0.0,0.0,0.0,0.0,0.671050301382943,0.0,0.0,7,"['raw', 'rustic', 'briary', 'green', 'sweet', 'sour', 'zinny']",-0.0965811965811966,0.33760683760683763
US,"Will appeal broadly to many Pinot lovers for its soft, lush array of flavor. Raspberries, cherries, red currants, licorice and bacon all lead to a long, spicy finish. Trades complexity for immediate appeal, so drink up.",0.4878691556714132,0.44444444444444375,0.11436930632938133,0.48835938755004693,0.6346153846153847,0.0,0.0,0.0,0.0,0.0,1.0,0.0,0.0,0.0,0.0,0.0,0.0,0.0,0.0,0.0,7,"['many', 'soft', 'lush', 'red', 'long', 'spicy', 'immediate']",0.12999999999999998,0.30999999999999994
US,"Too heavy and soft, like a melted mocha-raspberry sundae. Lacks structure, which makes it taste too sweet.",0.11754013664201335,0.11111111111111072,0.5867708800929471,0.11169709386268689,0.11538461538461539,0.0,0.0,0.0,0.0,0.0,0.0,0.0,0.0,0.0,0.0,0.0,0.0,1.0,0.0,0.0,4,"['heavy', 'soft', 'melted', 'sweet']",0.08333333333333333,0.5
US,"Birch Creek Vineyard provides the fruit for this stainless-steel-fermented and aged wine. It offers notes of custard, lees and herbs. The clover flavors show a richer feel but the concentration doesn't all seem to be there, trailing toward the finish.",0.41228090965766484,0.3888888888888884,0.16253861793984842,0.4121233361700447,0.8461538461538463,0.0,0.0,0.0,0.0,0.0,0.6258074586366811,0.41667441612754813,0.5102026503963832,0.0,0.0,0.0,0.0,0.0,0.0,0.4176610003196031,3,"['stainless', 'aged', 'richer']",0.0,0.2
Italy,"Almost stewy but not totally over the top. The nose offers more earth and oak than brightness, while the palate is herb-infused, with berry and tomato. Fairly classic in style, but not as fresh as desirable.",0.27703216391229124,0.22222222222222143,0.29335375353172616,0.272455781704775,0.7692307692307693,0.0,0.0,0.0,0.0,0.0,0.0,0.0,0.0,0.6900011628890499,0.7238082585959896,0.0,0.0,0.0,0.0,0.0,4,"['more', 'classic', 'fresh', 'desirable']",0.2611111111111111,0.40277777777777785
US,"Very dry and a little earthy, with a dusty hay or dried straw quality to the tangerine, sweet lime, lychee, peaches and cream flavors. An interesting, crisp Chard with plenty of nuanced complexity.",0.3703290190294001,0.6111111111111107,0.20777375828470332,0.3813178032625595,0.14423076923076925,0.0,0.0,0.0,0.0,0.6222404794822446,0.0,0.393369057637282,0.0,0.0,0.0,0.0,0.0,0.6768142804250388,0.0,0.0,8,"['dry', 'earthy', 'dusty', 'tangerine', 'sweet', 'interesting', 'crisp', 'nuanced']",0.03226190476190475,0.5780952380952381
US,"Smells and tastes ungenerous, probably due to unripe grapes that give an earthy, vegetal taste to the wine. Not going anywhere, so drink up.",0.31898405454055623,0.16666666666666607,0.23894932798183305,0.3106482394166481,0.6923076923076923,0.0,0.0,0.0,0.0,0.0,0.0,0.0,0.0,0.0,0.0,0.0,0.0,0.0,0.0,1.0,4,"['ungenerous', 'due', 'earthy', 'vegetal']",-0.125,0.375
US,"Nice, rugged mountain Zin, with the briary, brambly tannins and peppery taste of wild berries freshly picked off the vine. Alcohol adds heat and structure, and time in the barrel has softened the tannins. This might just be the perfect backyard barbecue red wine.",0.2256871994234474,0.33333333333333304,0.3795450344590848,0.2277063189235855,1.0,0.0,0.0,0.0,0.0,0.0,0.0,0.0,0.0,0.0,0.0,0.0,0.0,0.0,0.9473521654838369,0.3201934954884071,7,"['nice', 'rugged', 'briary', 'wild', 'perfect', 'barbecue', 'red']",0.31666666666666665,0.5666666666666667
France,"Moody, complex and brooding, this is a superb wine and an exceptional value. Purple violets, black forest cake, cocoa nibs and espresso granules all abound on the nose, backed by dark juicy black raspberries. Full and firmly structured in the mouth with notes of pepper, tea, smoked meat and black fruit on the palate.",0.35445387266905204,0.7222222222222214,0.22890677751917224,0.37072159793353276,0.8365384615384616,0.0,0.0,0.9070306761308011,0.0,0.0,0.0,0.0,0.21914719657701762,0.0,0.3115867216656132,0.0,0.0,0.0,0.0,0.17939780843647835,11,"['complex', 'brooding', 'superb', 'exceptional', 'purple', 'black', 'dark', 'juicy', 'black', 'full', 'black']",0.09629629629629631,0.5611111111111111
Spain,"A real surprise! Who in their right mind could expect so much quality from a Cab Franc-Tempranillo blend from Penedès? But try it and we guarantee you're going to like it. The nose is meaty, ripe and round, while the palate features pure core fruit backed by chocolaty warmth. With kick as well as subtlety, this is a bargain hunter's dream. Imported by Grapes of Spain.",0.15949202727027811,0.6111111111111107,0.5415357397480922,0.17589064099691076,0.6923076923076923,0.0,0.0,0.0,0.0,0.0,0.0,0.0,0.4521576160941661,0.0,0.6428843785159108,0.0,0.6182662582320435,0.0,0.0,0.0,6,"['real', 'right', 'much', 'ripe', 'round', 'pure']",0.15000000000000002,0.3871428571428572
US,"Another good job at a relatively inexpensive white variety from Clos du Bois. With Lake and Sonoma county grapes, the wine shows good Sauvignon Blanc character. Dry and crisp, it's savory in lemongrass, grapefruit and peach flavors that are lightly oaked.",0.19496184539877393,0.33333333333333304,0.4358706435757478,0.19777466234422736,0.7980769230769231,0.0,0.0,0.0,0.0,0.7451071960204126,0.0,0.47104315003934244,0.0,0.0,0.0,0.0,0.0,0.0,0.0,0.4721584662373553,6,"['good', 'inexpensive', 'white', 'good', 'crisp', 'oaked']",0.2833333333333333,0.4166666666666667
US,"A touch of oak influence lends smokiness to the lime, Meyer lemon and tropical fruit flavors. With its crisp acidity that creates a sweet-and-sour taste, this wine is for drinking now as a cocktail sipper or with ham or Chinese food.",0.21083699175912196,0.2777777777777777,0.4009400332708405,0.21061762105872495,0.7980769230769231,0.446025528382911,0.0,0.0,0.0,0.0,0.0,0.2947785075517306,0.3609455488784924,0.4892276581912325,0.0,0.0,0.0,0.5071835204113994,0.0,0.29547647172819946,6,"['smokiness', 'tropical', 'crisp', 'sweet', 'sour', 'chinese']",0.125,0.20833333333333334
US,"A very tasty wine, loaded with fleshy, fruity flavor. The dominant note is fresh cut pear, dappled with cinnamon spice. Round and balanced, it's a delicious bottle with just a slight hint of residual sweetness.",0.2256871994234474,0.44444444444444375,0.38871431966412295,0.23285982590919407,0.625,0.0,0.0,0.0,0.0,0.0,0.0,0.0,0.0,0.0,0.0,0.0,0.0,0.0,0.0,1.0,10,"['tasty', 'fleshy', 'dominant', 'fresh', 'cinnamon', 'round', 'balanced', 'delicious', 'slight', 'residual']",0.22666666666666666,0.47333333333333333
US,"Nice aromas of pie crust, red fruit and some barnyard lead to a tart, simple wine with watered-down flavors of red berry.",0.27703216391229124,0.05555555555555536,0.28235061128568034,0.2643024166121579,0.09615384615384616,0.0,0.6424413545202993,0.0,0.0,0.0,0.0,0.4093862894572456,0.5012786046674161,0.0,0.0,0.0,0.0,0.0,0.0,0.4103556171288993,5,"['nice', 'red', 'tart', 'simple', 'red']",0.15,0.3392857142857143
US,"This is a bold, densely structured wine with vanilla-cream, orange-soda and pineapple-custard flavors. There's good acidity, but it appeals to the modern style with it's ripe, straightforward feel.",0.3283771284011352,0.2777777777777777,0.23467032821948192,0.32514015357693915,0.14423076923076925,0.5679541603102015,0.0,0.0,0.0,0.0,0.0,0.3753612048642821,0.0,0.0,0.0,0.0,0.628464794733231,0.0,0.0,0.3762499693688839,6,"['bold', 'orange', 'good', 'modern', 'ripe', 'straightforward']",0.4020833333333333,0.48541666666666666
US,"Another lovely Gewurz from Navarro. Made with neutral oak fermentation, it's rich and crisp and spicy, with a mélange of exotic fruit and wildflower flavors.",0.265229661158644,0.4999999999999991,0.328872668852295,0.2739189449624311,0.3076923076923077,0.0,0.0,0.0,0.0,0.0,0.0,0.34556905465172433,0.423136724392294,0.5735219326359894,0.0,0.6104178353580053,0.0,0.0,0.0,0.0,6,"['lovely', 'neutral', 'rich', 'crisp', 'spicy', 'exotic']",0.40625,0.7291666666666667
US,"With off-dry flavors of ripe lemons, limes and vanilla, accented with brisk acidity, this simple wine will pair well with sweet Chinese and Vietnamese foods, and the price is right.",0.15949202727027811,0.22222222222222143,0.49874574212458084,0.15795186442067854,0.7980769230769231,0.4269435951346714,0.0,0.0,0.0,0.4463388264602939,0.0,0.2821672477780774,0.0,0.0,0.0,0.0,0.47243076577241766,0.4854851164743294,0.0,0.28283535154302825,8,"['dry', 'ripe', 'brisk', 'simple', 'sweet', 'chinese', 'vietnamese', 'right']",0.15892857142857142,0.3857142857142857
US,"A pretty good Pinot Noir, dry and elegantly constructed, with crisp acidity and a backbone of tannins. The flavors of raspberry and cherry fruit are delicious, but the texture is scoury and a little warm, even though the alcohol is relatively low.",0.3703290190294001,0.33333333333333304,0.19554804467798578,0.36864526624124294,0.6346153846153847,0.44417929859891425,0.0,0.0,0.4268575074312409,0.4643575149828871,0.0,0.29355833331126224,0.3594514899506177,0.0,0.0,0.0,0.0,0.0,0.4353017903024032,0.0,7,"['good', 'dry', 'crisp', 'delicious', 'little', 'warm', 'low']",0.3384259259259259,0.6685185185185185
US,"Polished and sophisticated, with lush green apple, pineapple, buttered toast and cinnamon flavors. Likeable for its balance and sheer drinkability.",0.27703216391229124,0.44444444444444375,0.3080246098597872,0.28288549199668633,0.14423076923076925,0.0,0.0,0.0,0.0,0.0,0.0,1.0,0.0,0.0,0.0,0.0,0.0,0.0,0.0,0.0,6,"['polished', 'sophisticated', 'lush', 'green', 'likeable', 'sheer']",0.09999999999999999,0.5875
Italy,"From young vintner Giovanni Abrigo in the Treiso area, this is a lovely expression of Barbaresco with immediate aromas of cherry, cassis, spice, smoke, leather and tobacco. The wine is approachable now, but it's also built to last: natural concentration, bright fruit flavors and acidity will hold ten years or more.",0.4057988371578959,0.7222222222222214,0.1801785761438266,0.4207618849463599,0.5384615384615385,0.4698558481395364,0.4873050716362507,0.0,0.4515327409932661,0.0,0.0,0.3105279784795648,0.3802302025522185,0.0,0.0,0.0,0.0,0.0,0.0,0.311263233592192,8,"['young', 'lovely', 'immediate', 'approachable', 'last', 'natural', 'bright', 'more']",0.2714285714285714,0.41666666666666663
Spain,"Rooty and earthy smelling, this has aromas of leather, cassis, tobacco, dried cheese and cola. It feels rich and nicely textured, with firm but friendly tannins that set up tobacco, coffee, mocha and roasted berry flavors. It's chocolaty in an uncanny way on the finish. Drink now through 2018.",0.5652908644281741,0.7222222222222214,0.08272217339313534,0.5762202640305936,0.8557692307692308,0.0,0.4723527260579546,0.0,0.0,0.0,0.4520746245414479,0.30099981652063895,0.0,0.0,0.0,0.5316901324653039,0.0,0.0,0.4463363636596252,0.0,7,"['rooty', 'earthy', 'rich', 'firm', 'friendly', 'roasted', 'uncanny']",0.19,0.65
Italy,"Without a doubt one of the most successful vineyard crus in Barbaresco, Rabajà delivers unique intensity and sophistication. You'll notice aromas of black fruit, spice, tar and licorice and there's good balance between the wine's acidity and its tannic structure. Pair this wine with roasted pork stuffed with prunes.",0.4968937773206705,0.6111111111111107,0.11363576351297827,0.5046742473523966,0.5384615384615385,0.41766552712005106,0.4331765379086758,0.4663107277484508,0.0,0.0,0.0,0.0,0.3379952566404441,0.0,0.0,0.0,0.0,0.0,0.0,0.5533779053560541,6,"['successful', 'unique', 'black', 'good', 'tannic', 'roasted']",0.43166666666666664,0.6966666666666668
France,"Michel Laroche has been branching out of Chablis in recent years and his southern French effort has some chlorine notes along with aromas of mint and sweet wood. The power is up there, but there isn't suppleness to match. The palate pulsates while the finish is dark and sharp, with a burnt flavor.",0.03546981812849592,0.11111111111111072,0.8445587841431627,0.0318017264733208,0.4903846153846154,0.0,0.4795268069360192,0.0,0.0,0.0,0.4589407221428051,0.0,0.0,0.0,0.5319877017235884,0.0,0.0,0.5257533073634826,0.0,0.0,7,"['recent', 'southern', 'french', 'sweet', 'suppleness', 'dark', 'sharp']",0.012499999999999997,0.3416666666666666
US,"Like almost all of Reverie's Cabernets on release, this one needs time in the cellar. Tasted in fall 2011, it's tight and grapey, with blackberry jam flavors girded by a firm, stony minerality and sweet, but hard, tannins. Give it 6–8 years.",0.5811660107885219,0.6666666666666661,0.07524702278788518,0.5892702010890682,0.11538461538461539,0.0,0.0,0.0,0.0,0.0,0.0,0.4029392176871744,0.0,0.0,0.0,0.0,0.0,0.6932802958931208,0.5974967934441111,0.0,4,"['tight', 'grapey', 'stony', 'sweet']",-0.08005952380952382,0.4693452380952381
US,"This pure Mourvèdre begins well, offering a full palate of varietal flavors that are built upon a mix of citrus and ripe tree fruits, along with accents of leaf and forest. It turns soft and seems a bit overripe, running into a rather short finish.",0.4057988371578959,0.3888888888888884,0.16760355643406,0.40580584473284786,0.5192307692307693,0.0,0.0,0.0,0.0,0.0,0.498153867430675,0.3316802460385219,0.0,0.0,0.5774421799003059,0.0,0.5553300528727668,0.0,0.0,0.0,6,"['pure', 'full', 'varietal', 'ripe', 'soft', 'short']",0.16607142857142856,0.425
US,"Here's a bone-dry, crisply acidic and ultraclean Sauvignon Blanc. Its lemongrass, lime and grapefruit flavors are savory and bright, and accented with a cold streak of stony minerals.",0.27703216391229124,0.3888888888888884,0.30435689577777186,0.28032317133396,0.7980769230769231,0.0,0.0,0.0,0.0,0.8452587927583428,0.0,0.5343571588972198,0.0,0.0,0.0,0.0,0.0,0.0,0.0,0.0,6,"['dry', 'acidic', 'savory', 'bright', 'cold', 'stony']",0.1166666666666667,0.7388888888888889
Italy,"Here's a simple and fruity Nero d'Avola that offers fleeting blackberry and tart red-cherry flavors alongside fresh acidity. Pair this with pizza or with other everyday, informal meals.",0.1779097227801143,0.2777777777777777,0.4648899198290553,0.17854303529486226,0.5576923076923077,0.6509010193803977,0.0,0.0,0.6255176402717871,0.0,0.0,0.430180827883315,0.0,0.0,0.0,0.0,0.0,0.0,0.0,0.0,7,"['simple', 'fleeting', 'tart', 'red', 'fresh', 'other', 'informal']",0.015000000000000003,0.36642857142857144
Italy,"A sub-brand of Riunite, Albinea Canali's Ottocentonero shows simple, easy lines with raw fruit, cherry and almond paste. It's a dry Lambrusco without some of the bitterness you sometimes encounter with these wines.",0.1779097227801143,0.22222222222222143,0.4592472827798011,0.17589064099691076,0.40384615384615385,0.0,0.0,0.0,0.5879777408155259,0.63963237810531,0.0,0.0,0.49512886927022953,0.0,0.0,0.0,0.0,0.0,0.0,0.0,4,"['simple', 'easy', 'raw', 'dry']",0.03397435897435898,0.563003663003663
US,"When this bottling is from a ripe vintage, it can be quite good. But the cool 2007 harvest has yielded a somewhat green wine. It has grapefruit and gooseberry flavors that veer into feline territory.",0.27703216391229124,0.22222222222222143,0.29335375353172616,0.272455781704775,0.7980769230769231,0.0,0.0,0.0,0.0,0.0,0.0,0.4560555967750018,0.0,0.0,0.0,0.0,0.7635708839909892,0.0,0.0,0.4571354260735175,5,"['ripe', 'good', 'cool', 'green', 'feline']",0.28333333333333327,0.5166666666666667
US,"The aromas of lemon, soil and flowers are quite subdued. The flavors are restrained with impressive balance and the variety's often burly tannins well tamed.",0.3851792266937255,0.4999999999999991,0.18928236645454305,0.3908069565442631,0.5961538461538461,0.0,0.659531624049932,0.0,0.0,0.0,0.0,0.42027681196071176,0.0,0.0,0.0,0.0,0.0,0.0,0.6232057751707694,0.0,3,"['subdued', 'impressive', 'burly']",1.0,1.0
US,"Coming from such a cool climate, this Cab isn't as opulent or ripe as, say, Napa. There's a wintergreen mint note alongside the sweet red cherry and black raspberry flavors, and a lightly elegant weight. It's a different kind of Cab, but a dry, good one, and very friendly with food.",0.4057988371578959,0.3888888888888884,0.16760355643406,0.40580584473284786,0.11538461538461539,0.0,0.0,0.4477638365956238,0.385413435233665,0.4192725251645044,0.0,0.26505642682456004,0.0,0.0,0.0,0.0,0.4437822308707955,0.45604495653725835,0.0,0.0,12,"['cool', 'opulent', 'ripe', 'wintergreen', 'sweet', 'red', 'black', 'elegant', 'different', 'dry', 'good', 'friendly']",0.25037878787878787,0.5984848484848485
US,"Lots of ripe, jammy cherry, blackberry and chocolate fruit in this easy-drinking Cab. Shows some rusticity, though, in the raisiny finish and astringency of the tannins.",0.19496184539877393,0.16666666666666607,0.4201518689385395,0.18981622058730796,0.11538461538461539,0.0,0.0,0.0,0.4410055517927794,0.0,0.4555116045570802,0.0,0.3713653851899128,0.0,0.0,0.0,0.5077934750311759,0.0,0.44972971749739943,0.0,1,['ripe'],0.0,0.0
Spain,"With aromas of milk-chocolate-covered cherries and forced oak, this smells overtly sweet and candied. This feels choppy and juicy, with red fruit flavors and buttery oak in the background. It turns sweeter and more buttery on the finish, but doesn't offer much complexity.",0.21083699175912196,0.16666666666666607,0.39115946238546645,0.20528044461004846,0.375,0.0,0.3408603216156834,0.0,0.0,0.0,0.32622718873984213,0.21720821878542199,0.2659635548112861,0.7209770420432201,0.0,0.0,0.0,0.3737193392450671,0.0,0.0,7,"['sweet', 'choppy', 'juicy', 'red', 'sweeter', 'more', 'much']",0.09166666666666666,0.2916666666666667
Italy,"Sangiovese with 25% Merlot for added softness and dimension, this wine boasts pretty notes of cherry, blue flowers, toasted almonds and exotic spice. It has nice elegance overall but is a bit compact in the mouth.",0.21083699175912196,0.3888888888888884,0.4107206041562145,0.2158307619714921,0.7692307692307693,0.0,0.0,0.0,0.8233309313294269,0.0,0.0,0.0,0.0,0.0,0.0,0.0,0.0,0.0,0.0,0.567561606802485,6,"['sangiovese', 'pretty', 'blue', 'exotic', 'nice', 'compact']",0.27,0.62
Italy,"This luminous Pinot Grigio opens with simple aromas of stone fruit, melon and citrus and delivers fine levels of acidity and enough structure to carry forward with fish pasta or risotto. The wine performs nicely in the mouth thanks to its creamy texture.",0.27703216391229124,0.33333333333333304,0.30068918169575665,0.27773124492486323,0.6153846153846154,0.5617093201369451,0.582569742553878,0.0,0.0,0.0,0.0,0.0,0.45456249915125363,0.0,0.0,0.0,0.0,0.0,0.0,0.3721129789423713,5,"['luminous', 'simple', 'fine', 'enough', 'creamy']",0.24333333333333332,0.5114285714285715
US,"The most tannic and closed of Vine Cliff's magnificent array of '07 Cabernets. It's hard, with a bite of acidity, but it doesn't take much for the richness to explode. Blackberries, black currants, dark chocolate, butterscotch, sweet cinnamon spice, the list goes on and on. So rich and decadent, you can enjoy it now, but it will gather momentum over the next 6–8 years.",0.7406580380588,0.833333333333333,0.03172348234797075,0.7519445951086994,0.11538461538461539,0.4516425222253014,0.0,0.5042449987989815,0.0,0.0,0.0,0.0,0.0,0.0,0.0,0.527258139636247,0.0,0.5135707034980747,0.0,0.0,12,"['tannic', 'closed', 'magnificent', 'hard', 'much', 'black', 'dark', 'sweet', 'cinnamon', 'rich', 'decadent', 'next']",0.1924242424242424,0.46136363636363636
Spain,"Mild salinic aromas bring lime and lychee. Feels standard and smooth enough, with sweet white fruit flavors that suggest peach. As a semi-dry, it always feels and tastes sugary.",0.09329685511710872,0.22222222222222143,0.6699057326186265,0.09349060602286241,0.8173076923076924,0.0,0.48604217389280413,0.0,0.0,0.48992750796071094,0.0,0.3097232154961177,0.3792447995824093,0.0,0.0,0.0,0.0,0.5328967572742475,0.0,0.0,11,"['mild', 'salinic', 'standard', 'smooth', 'sweet', 'white', 'peach', 'semi', '-', 'dry', 'sugary']",0.18055555555555558,0.35833333333333334
Spain,"Fresh berry aromas carry some spice notes, while the palate is rugged and a little hot. Juicy berry flavors are forward but not overly evolved or complex, and the the finish is tight and aggressive. Spunky and clean, with honest flavors.",0.19496184539877393,0.33333333333333304,0.4358706435757478,0.19777466234422736,0.9134615384615385,0.0,0.4578191408978373,0.0,0.0,0.0,0.4381649661610811,0.5834770069389966,0.0,0.0,0.5079051870478731,0.0,0.0,0.0,0.0,0.0,10,"['fresh', 'little', 'hot', 'juicy', 'complex', 'tight', 'aggressive', 'spunky', 'clean', 'honest']",0.12151360544217686,0.5908163265306123
France,"With 14 months' new wood aging, this wine is still all wood and toast. The wine does have weight, with the promise of blackberry fruits under the firm tannins. It is finely structured and should mature well.",0.2527888823873867,0.4999999999999991,0.3479619409750645,0.2617974791505606,0.06730769230769232,0.0,0.0,0.0,0.0,0.0,0.0,0.0,0.0,0.0,0.0,0.0,0.0,0.0,0.5946724005002497,0.8039681188226748,2,"['new', 'firm']",0.11325757575757575,0.36363636363636365
US,"Erath's fresh and lightly fruity Pinot Gris is a bit more substantial than this new Pinot Blanc. Soft and fruity, this is a simple wine which does not challenge the palate in any way. All stainless steel fermented, it is the quintessential quaffer.",0.19496184539877393,0.22222222222222143,0.42539146048427556,0.19250052807862295,0.6057692307692308,0.0,0.0,0.0,0.0,0.0,0.0,0.0,0.0,0.0,0.8666231869831079,0.0,0.0,0.0,0.0,0.4989631767808535,7,"['fresh', 'substantial', 'new', 'soft', 'simple', 'stainless', 'quintessential']",0.2337662337662338,0.43738404452690166
US,"Winemaker Denis Malbec has created a brilliantly delicious, crisp, dry yet richly textured version of the variety that opens with golden honey, dried apricot and lychee on the nose and mouth. Very minerally, the wine has a steely finish with smoky, oaky edges.",0.41228090965766484,0.6111111111111107,0.1706890936776601,0.4222040767915749,0.7980769230769231,0.0,0.0,0.0,0.0,0.6589421559524606,0.6256524172673112,0.0,0.0,0.0,0.0,0.0,0.0,0.0,0.0,0.41755752642754856,7,"['delicious', 'crisp', 'dry', 'golden', 'steely', 'smoky', 'oaky']",0.2654761904761905,0.5952380952380952
US,"A hearty Cabernet rich in cranberry and cassis with streaks of earthy cedar and a pleasant herbal undertone. The tannins are young still, pleading to wait until 2017–2019 in the bottle, or for some air before enjoying.",0.4057988371578959,0.4999999999999991,0.17179522967064884,0.41090278955318493,0.11538461538461539,0.0,0.0,0.0,0.0,0.0,0.0,0.0,0.0,0.0,0.0,0.7659058470094253,0.0,0.0,0.6429527459438793,0.0,6,"['hearty', 'rich', 'earthy', 'pleasant', 'herbal', 'young']",0.42708333333333337,0.6791666666666667
US,"Curiously perfumed with notes of roasted hazelnuts and fresh apples, this is a savory, dry Chardonnay. Full bodied in style with notes of nut oil and nut skins throughout, it ends with a hint of wood sap astringency on the finish.",0.21083699175912196,0.16666666666666607,0.39115946238546645,0.20528044461004846,0.14423076923076925,0.0,0.0,0.0,0.0,0.725187697079281,0.6885512355699095,0.0,0.0,0.0,0.0,0.0,0.0,0.0,0.0,0.0,6,"['roasted', 'fresh', 'savory', 'dry', 'full', 'bodied']",0.12083333333333332,0.6625000000000001
Italy,"Thanks to its dense clay soils, the Brunate cru delivers wines with high color saturation and aromatic caliber. This Barolo offers layers of black fruit, plum, spice, tobacco, cola and dark chocolate. The wine is firm and finely textured with power, dimension and personality on the long finish.",0.6179469342125316,0.7777777777777777,0.0636214805764065,0.6299479261408105,0.5384615384615385,0.0,0.0,0.6122326171147189,0.0,0.0,0.5443142279222473,0.0,0.4437635855912981,0.0,0.0,0.0,0.0,0.0,0.0,0.36327279546564517,7,"['dense', 'high', 'aromatic', 'black', 'dark', 'firm', 'long']",0.03875,0.35916666666666663
Spain,"A wine searching for an identity. The nose deals menthol, licorice, grilled meat and molasses but little-to-no bright fruit. That heaviness transfers to the mouth, where marinated, baked flavors mix with green tomato. Fails to impress.",0.41228090965766484,0.16666666666666607,0.15438814220203673,0.4015681916626628,0.9134615384615385,0.0,0.0,0.0,0.0,0.0,0.0,0.5342133248610771,0.6541247642565923,0.0,0.0,0.0,0.0,0.0,0.0,0.5354782127473825,5,"['little', 'bright', 'marinated', 'baked', 'green']",0.0,0.4666666666666666
US,"A pale pink color introduces this wine, as do fairly weak aromas of bubble gum and freshly squeezed lime. This is one of three rosés made by Proulx, and they are all rather subtle in expression, this one delivering a bit of lime and decent amount of tannic grip to the palate. It would be a great match for anything rich in texture but light in flavor, as it could be easily overwhelmed.",0.31898405454055623,0.33333333333333304,0.24811861318687123,0.31860948343793183,0.7403846153846154,0.0,0.5059943492566947,0.0,0.0,0.0,0.0,0.0,0.0,0.0,0.5613508297193225,0.5695578489155979,0.0,0.0,0.0,0.32320089918247324,9,"['pale', 'pink', 'weak', 'subtle', 'decent', 'tannic', 'great', 'rich', 'overwhelmed']",0.14566666666666667,0.5805
France,"For any serious fan of Rivesaltes, this is a must-have example. Aromas of dried apricot, toasted hazelnut, fig, ginger, sweet spice and candied orange rind fill the bouquet, while the mouth is silky and balanced—sweet and heady without being cloying. All of the aromas transition onto the palate alongside accents of walnut skins and shiitake mushroom. Soft salinity makes the long finish even more mouthwatering. Drink now, or continue to age. There are 869 bottles produced.",0.9356198834575739,0.833333333333333,0.005176218516241223,0.9420088571851408,0.6923076923076923,0.0,0.6042564015184045,0.0,0.0,0.0,0.2891578377486522,0.0,0.0,0.0,0.3351814430871143,0.0,0.0,0.6625068650984625,0.0,0.0,12,"['serious', 'dried', 'sweet', 'silky', 'balanced', 'sweet', 'heady', 'aromas', 'walnut', 'soft', 'long', 'more']",0.06111111111111111,0.5277777777777778
France,"Epineuil is a region between Burgundy and Chablis, producing light, fruity Pinot Noir. This perfumed and dusty wine does show some firm tannins. It is bright with red currant and raspberry fruits, with a fresh aftertaste.",0.30919115719657264,0.3888888888888884,0.26273631423838134,0.3116589838628734,0.6346153846153847,0.0,0.0,0.0,0.0,0.0,0.0,0.0,0.0,0.0,0.0,0.0,0.0,0.0,0.828473666354732,0.5600280208674814,6,"['perfumed', 'dusty', 'firm', 'bright', 'red', 'fresh']",0.13333333333333333,0.49999999999999994
France,"This 12-year old shows signs of maturity, but retains freshness and liveliness as well. With its yeasty edge, toasty flavors and wonderful white fruits all in balance, it is finely balanced. The acidity is kept in check by the richness of the mature fruit. A very complete Champagne.",0.6355586801880441,0.7777777777777777,0.057847901949693484,0.6471160668125238,0.14423076923076925,0.6914378021623993,0.0,0.0,0.0,0.0,0.0,0.45697160905844236,0.5595450958192457,0.0,0.0,0.0,0.0,0.0,0.0,0.0,8,"['old', 'yeasty', 'toasty', 'wonderful', 'white', 'balanced', 'mature', 'complete']",0.29111111111111115,0.3866666666666667
US,"You sure can taste the sunny, fruity extract in this wine. It's massive in black cherry liqueur, cassis and mocha-choca flavors. It's also very soft, with a long, almost sweet finish.",0.3625283276957145,0.2777777777777777,0.20026969958816634,0.35842047107227915,1.0,0.0,0.0,0.4838690780339383,0.41649107928478285,0.0,0.43019077432808805,0.28642913605904946,0.0,0.0,0.0,0.0,0.0,0.49281794246593996,0.0,0.28710733094417373,6,"['sunny', 'massive', 'black', 'soft', 'long', 'sweet']",0.12722222222222224,0.6378703703703703
US,"and sweet, with candied cherry, raspberry and carob flavors. Tasty enough, but seriously lacks the acidity to make this fruity wine come alive. From Cartlidge & Browne.",0.4057988371578959,0.16666666666666607,0.15922020996088224,0.39525079878280955,0.6346153846153847,0.49433447402964686,0.0,0.0,0.47505676668683977,0.0,0.0,0.326705915273822,0.0,0.0,0.0,0.0,0.0,0.5621164772968626,0.0,0.3274794758261007,3,"['sweet', 'candied', 'alive']",0.029166666666666667,0.5541666666666666
France,"Just like the '07, this is a blend of 60% Grenache Bl;anc, 20% Marsanne and 20% Roussanne, featuring ripe melon and peach fruit wrapped around an underlying minerality. It's full and broad, yet manages to be refreshing despite its weightiness.",0.15949202727027811,0.3888888888888884,0.5170843125346571,0.16581618920018504,0.9807692307692308,0.0,0.0,0.0,0.0,0.0,0.0,0.0,0.5903124275626489,0.0,0.0,0.0,0.8071748496237309,0.0,0.0,0.0,4,"['ripe', 'underlying', 'full', 'broad']",0.30416666666666664,0.6208333333333333
France,"An intensely mineral expression of Sauvignon Blanc, crisp, full of citrus flavors, deliciously fresh, but also complex. The wine is concentrated into a steel spring of ripeness, ready to burst from the glass.",0.2989628796719753,0.6666666666666661,0.2920200393200842,0.31422149541532285,0.7980769230769231,0.0,0.0,0.0,0.0,0.0,0.0,0.7062701484232128,0.0,0.0,0.0,0.0,0.0,0.0,0.0,0.7079424252340392,5,"['crisp', 'full', 'fresh', 'complex', 'ready']",0.16666666666666666,0.5611111111111111
France,"This is grandiose, with ripe apricot and peach flavors—even a note of mango—that are allied to the wood notes. As a contrast, there is fine acidity and elegance, with a lemon zest edge that gives structure to this full, superripe, powerful effort.",0.6987061474305353,0.7222222222222214,0.03984135618283119,0.7062750534645634,0.14423076923076925,0.6129983901747991,0.0,0.0,0.0,0.0,0.0,0.40513096019968525,0.0,0.0,0.0,0.0,0.678308100151241,0.0,0.0,0.0,6,"['grandiose', 'ripe', 'fine', 'zest', 'full', 'powerful']",0.35555555555555557,0.6833333333333332
Italy,"This hearty red wine from central Italy would pair well with grilled meat or veal wrapped in sage leaves and sliced prosciutto ham. Loads of red berries are followed by notes of exotic spice, leather, tobacco and firm tannins. Drink in 3–5 more years.",0.2989628796719753,0.6111111111111107,0.28868575379097944,0.3117710082023244,0.6923076923076923,0.0,0.0,0.0,0.0,0.0,0.0,0.0,0.0,0.0,0.0,0.0,0.0,0.0,0.828473666354732,0.5600280208674814,7,"['hearty', 'red', 'central', 'red', 'exotic', 'firm', 'more']",0.13333333333333333,0.35833333333333334
US,"From Dijon clones, this sculpted, tight, compact Chardonnay feels as if it is shut in a cocoon. Give it time (and decanting) to unwrap, and it shows elegant tropical and stone fruits, caramel, vanilla cream and butter flavors, backed with moderate acids.",0.35445387266905204,0.44444444444444375,0.215807798654832,0.35832948395479236,0.14423076923076925,0.0,0.0,0.0,0.0,0.0,0.0,1.0,0.0,0.0,0.0,0.0,0.0,0.0,0.0,0.0,6,"['tight', 'compact', 'decanting', 'elegant', 'tropical', 'moderate']",0.10714285714285714,0.6619047619047619
US,"This debut blend somehow reaches 15% alcohol, not easy to do with Yakima Valley Sangiovese. It's a solid effort, which opens well—supple and polished, with pretty flavors of mixed plum and berry. It's silky, smooth and there's plenty of tangy fruit. The finish gets a little too hot, but that's a minor quibble in a wine that gives you this much flavor at this price. The finish keeps getting more and more interesting, piling on smoked ham and spicy clove as it goes.",0.27703216391229124,0.5555555555555554,0.3153600380238177,0.28792396848084834,0.6923076923076923,0.0,0.0,0.0,0.0,0.0,0.8486929453323245,0.2825378897195424,0.3459573580543169,0.0,0.0,0.0,0.0,0.0,0.0,0.28320687107492415,16,"['easy', 'solid', 'supple', 'pretty', 'mixed', 'silky', 'smooth', 'tangy', 'little', 'hot', 'minor', 'quibble', 'much', 'more', 'interesting', 'spicy']",0.17881944444444445,0.49444444444444446
US,"Texture is the name of the game here. We're talking pure velvet, the way the wine glides over the palate with hardly a wrinkle. Beyond the mouthfeel are flavors so complex, they're hard to describe. The blend consists of Cabernet Sauvignon, with contributions from Cab Franc, Malbec and Petit Verdot, and each grape brings its own distinction, as does 100% new oak. It's approachable now for the softness, and should glide through the next 6–8 years with ease. Expensive, yes, and only 344 cases were produced, but it's worth the search.",0.6231179014167868,0.833333333333333,0.06269529015165518,0.6373622230080562,0.11538461538461539,0.0,0.0,0.0,0.0,0.0,0.0,0.35828475297618506,0.0,0.5946254770063347,0.6237595734283871,0.0,0.0,0.0,0.0,0.3591330845748125,9,"['pure', 'complex', 'hard', 'own', 'new', 'approachable', 'next', 'expensive', 'worth']",-0.04842581660763481,0.5125344352617079
Italy,"This is a terrific value wine (a rosé made from the indigenous grapes of Sicily) that opens with a bright pink color and fragrant tones of raspberry, white almond and rose petal.",0.1779097227801143,0.33333333333333304,0.4705325568783095,0.18116443461280474,0.7403846153846154,0.0,0.0,0.0,0.0,0.0,0.0,0.0,0.0,0.0,0.0,0.0,0.0,0.0,0.0,1.0,7,"['terrific', 'indigenous', 'bright', 'pink', 'fragrant', 'white', 'petal']",0.24000000000000005,0.61
US,"Less immediately accessible than the 2005, the 2006 is tight and tart and almost seems encased in some sort of a shell. The fruit is concentrated raspberry and plum, and the acids taste natural while the tannins are polished and proportionate. The wine stays focused and strong through a very long finish that dapples in toasted coconut and chocolate malt. If you are a Rollat collector (and you should be) this would be the wine to cellar for five or six years, waiting for the Edouard to come into full flower.",0.4636258741465087,0.6666666666666661,0.13523452421817925,0.4746990051452098,0.11538461538461539,0.0,0.0,0.0,0.0,0.0,0.47559189624942605,0.0,0.3877362639654488,0.0,0.0,0.0,0.0,0.0,0.4695551265972294,0.6348156590020844,11,"['accessible', 'tight', 'tart', 'concentrated', 'natural', 'polished', 'proportionate', 'focused', 'strong', 'long', 'full']",0.121156462585034,0.4186734693877551
US,"Light strawberry, raspberry and Bing cherry fruit, medium weight, straight-ahead, nicely ripened. The tannins are soft and the balance works just fine.",0.3851792266937255,0.3888888888888884,0.18469772385202396,0.385710166824591,0.11538461538461539,0.0,0.0,0.0,0.6031248945856651,0.0,0.0,0.0,0.5078841023313809,0.0,0.0,0.0,0.0,0.0,0.6150561764018615,0.0,4,"['light', 'medium', 'soft', 'fine']",0.3791666666666667,0.6375
Spain,"The year 2007 is not going to go down in the books as a good one for Ribera del Duero. Many of the young wines, like this one, are showing narrow, sour fruit and too much funk and pickle. Here, there's a touch of jamminess and red fruit but mostly it's another thin, pushy wine with anemic flavors and a rough mouthfeel. Stick with the 2006 if you can find it.",0.27703216391229124,0.16666666666666607,0.2896860394497109,0.2697707857365237,0.8653846153846154,0.0,0.0,0.0,0.0,0.0,0.0,0.3535095265184335,0.8657190861215,0.0,0.0,0.0,0.0,0.0,0.0,0.3543465515363006,12,"['good', 'many', 'young', 'narrow', 'sour', 'much', 'jamminess', 'red', 'thin', 'pushy', 'anemic', 'rough']",0.09040404040404042,0.38535353535353545
US,"Some years ago, Willamette Valley Vineyards purchased the Tualatin Estate vineyards and winery founded by Bill Fuller in 1973. To mark the return of Mr. Fuller to winemaking, the new cuvée celebrates his 40th vintage. A tawny gold, it's scented with honeycomb and pineapple. Potent and focused, it carries those flavors into a finish rich with bee pollen and preserved lemon intensity.",0.4057988371578959,0.6111111111111107,0.17598690290723773,0.41588649545873446,0.14423076923076925,0.0,0.0,0.0,0.0,0.0,0.5948006630221884,0.39602950645069546,0.0,0.0,0.0,0.6995518574693257,0.0,0.0,0.0,0.0,5,"['new', '40th', 'scented', 'potent', 'rich']",0.3371212121212121,0.5681818181818182
Italy,"Fattoria Scopone's 2004 Riserva opens with charred aromas of campfire, liquid smoke and barbecue sauce. The fresh fruit notes tend to be on the ripe side: think mature cherry and strawberry. In the mouth, however, this well-crafted wine is smooth, silky and long lasting.",0.5097998714310973,0.5555555555555554,0.10530004969021631,0.5147758433023901,0.7788461538461539,0.0,0.49914563069983364,0.0,0.46250410246693263,0.0,0.0,0.0,0.3894690519570904,0.0,0.0,0.0,0.5325478657878975,0.0,0.0,0.3188263206934509,9,"['charred', 'liquid', 'fresh', 'ripe', 'mature', 'smooth', 'silky', 'long', 'lasting']",0.15,0.3
Italy,"Lean, sharp and herbal, this is a true apéritif wine that whets the appetite. A slight sour-cream note on the palate is offset by a tangy citrus-laden finish that blends in some cinnamon-spiced pear flavors.",0.265229661158644,0.22222222222222143,0.3095689105258989,0.26095624540815643,0.1826923076923077,0.0,0.0,0.0,0.0,0.0,0.556208864211233,0.37033435850231955,0.0,0.0,0.6447374597060697,0.0,0.0,0.0,0.0,0.3712112206511139,8,"['lean', 'sharp', 'herbal', 'true', 'slight', 'sour', 'tangy', 'laden']",0.01944444444444444,0.5222222222222223
US,"For eight bucks you get a rich, creamy taste of pineapples, green apples and cinnamon spice. Not quite sweet, not quite dry, but balanced with crisp acidity. A bargain.",0.06619517215316933,0.2777777777777777,0.7646550130706874,0.06975641334656935,0.14423076923076925,0.45888777419618865,0.0,0.0,0.0,0.4797341685078955,0.0,0.0,0.0,0.0,0.0,0.5357164177818556,0.0,0.52180940771347,0.0,0.0,7,"['rich', 'creamy', 'green', 'cinnamon', 'sweet', 'dry', 'crisp']",0.14166666666666666,0.5433333333333333
US,"There is no lack of oak barrel scents and accents here—chocolate and toast, layered around light strawberry fruit.",0.19496184539877393,0.2777777777777777,0.4306310520300116,0.19515309470350428,0.4903846153846154,0.0,0.0,0.0,0.0,0.0,0.0,0.0,0.5936914468137049,0.8046927773878984,0.0,0.0,0.0,0.0,0.0,0.0,1,['light'],0.4,0.7
France,"Fresh, crisp and fruity, this is a good light rosé that could be a fine alternative to a red wine for a turkey or ham dinner. The finish is clean, round and flavored with red berry fruits.",0.09329685511710872,0.22222222222222143,0.6699057326186265,0.09349060602286241,0.16346153846153846,0.0,0.0,0.0,0.0,0.0,0.831770443705932,0.0,0.0,0.0,0.0,0.0,0.0,0.0,0.0,0.5551197429179014,9,"['fresh', 'crisp', 'good', 'light', 'fine', 'red', 'clean', 'round', 'red']",0.24814814814814812,0.4240740740740741
Italy,"Morellino di Scansano is known in Italy as an informal, fruit-forward wine that washes down beautifully with heaping plates of pasta and home cooked meals. This expression follows squarely in that tradition and offers perky aromas of cherry cola, spice, blackberry and dried Mediterranean herbs.",0.3283771284011352,0.3888888888888884,0.24053867075070634,0.3303549103615069,0.7692307692307693,0.0,0.5897279024885707,0.0,0.5464368662463662,0.0,0.0,0.0,0.4601478065085738,0.0,0.0,0.0,0.0,0.0,0.0,0.3766852112820865,3,"['informal', 'forward', 'perky']",0.14861111111111108,0.4722222222222222
US,"Cola-like in flavor, with earthier notes of tobacco and leather. Drinks pretty lean, and the tannins are strong. Finshes with a bitterness of acids and tannins.",0.27703216391229124,0.22222222222222143,0.29335375353172616,0.272455781704775,0.6346153846153847,0.0,0.0,0.0,0.0,0.0,0.0,0.0,0.0,0.0,0.0,0.0,0.0,0.0,1.0,0.0,4,"['like', 'earthier', 'lean', 'strong']",0.3416666666666667,0.8666666666666667
US,"The winery identifies this as “the best barrels from our best lots.” Supple and streaked with chocolate and caramel, this explosion of cherry, cassis, cola and Dr. Pepper contains sneaky notes of tobacco and pepper threaded through the lingering finish. Richness and depth prevail throughout.",0.5097998714310973,0.7222222222222214,0.10930119232514204,0.5221300811693945,0.6346153846153847,0.0,0.0,0.0,0.6955744267181811,0.0,0.7184540464745631,0.0,0.0,0.0,0.0,0.0,0.0,0.0,0.0,0.0,3,"['best', 'best', 'sneaky']",1.0,0.3
US,"I have seldom tasted a Dry Creek Valley Cabernet (the appellation, not the winery) that didn't have a woolly edge to it. This wine is an excellent example. It's briary, with pushy tannins and the succulent flavor of wild blackberries. Oak adds a sheen of vanilla and smoke.",0.28825870051588276,0.5555555555555554,0.2996412633866094,0.29886307288789493,0.11538461538461539,0.0,0.0,0.0,0.0,0.5438370100655545,0.0,0.0,0.0,0.5705922654875388,0.0,0.0,0.0,0.0,0.509808103618106,0.34461786160044927,6,"['woolly', 'excellent', 'briary', 'pushy', 'succulent', 'wild']",0.3444444444444445,0.6666666666666666
Italy,"This riserva opens with a textured, granular mouthfeel that is packed tight with leather, tobacco, dried berry and cola flavors. The close is fresh and menthol-driven.",0.5220203549659925,0.7222222222222214,0.10288556706569214,0.534041873067459,0.7788461538461539,0.0,0.0,0.0,0.0,0.0,0.0,1.0,0.0,0.0,0.0,0.0,0.0,0.0,0.0,0.0,2,"['granular', 'fresh']",-0.02619047619047619,0.4619047619047619
US,"From Bacio Divino, this Sangiovese-based blend is curiously soft. While it has forward cherry, cocoa and spice flavors, it simply lacks structural integrity.The alcohol is evident on the warm, dry finish.",0.3851792266937255,0.22222222222222143,0.17782075994824537,0.37784105216734076,0.6923076923076923,0.0,0.0,0.0,0.518249704978155,0.5637786403066493,0.5352965596831246,0.3564105514928703,0.0,0.0,0.0,0.0,0.0,0.0,0.0,0.0,6,"['soft', 'forward', 'structural', 'evident', 'warm', 'dry']",0.17666666666666667,0.4314285714285714
US,"Massive, opulent, oozing in pineapple créme brulée, honey, buttered toast and cinnamon spice flavors. Totally decadent, and fortunately set off with brisk, citrusy acidity. Calling all lobsters, and don't forget the drawn butter. Sheer hedonism in a glass, at a fantastic price.",0.3374017500503924,0.833333333333333,0.25329103048202095,0.3588748539197284,0.14423076923076925,0.8342638511082905,0.0,0.0,0.0,0.0,0.0,0.5513654203284463,0.0,0.0,0.0,0.0,0.0,0.0,0.0,0.0,6,"['massive', 'opulent', 'decadent', 'brisk', 'sheer', 'fantastic']",0.16,0.8200000000000001
US,"Light berry fruit, alcohol around 13%, a pale color, and plenty of acidity characterize this Pinot Noir. Still tightly wound, it may add some flesh with further bottle age. The aromas hint at tomato leaf, and the wine fades gently.",0.3703290190294001,0.3888888888888884,0.19799318739932928,0.3712376918768605,0.6346153846153847,0.5617093201369451,0.582569742553878,0.0,0.0,0.0,0.0,0.0,0.45456249915125363,0.0,0.0,0.0,0.0,0.0,0.0,0.3721129789423713,4,"['pale', 'wound', 'further', 'aromas']",0.042285714285714295,0.49314285714285705
US,"Another successful 2011 from this winery, in fact the best of their six new Pinots. Shows the brilliant acidity and light, delicate texture of the coast, with the concentrated fruit, cola and spice flavors this esteemed vineyard is noted for. Highly complex and dry, it's delicious to drink now, and should age well for a good six years.",0.5055777647747736,0.7777777777777777,0.11295655720149395,0.5204134396778775,0.6346153846153847,0.560367641899448,0.0,0.0,0.0,0.5858240725986956,0.0,0.37034727083511654,0.4534767478723808,0.0,0.0,0.0,0.0,0.0,0.0,0.0,11,"['successful', 'best', 'new', 'brilliant', 'delicate', 'concentrated', 'esteemed', 'complex', 'dry', 'delicious', 'good']",0.421969696969697,0.6904545454545454
US,"Tastes as heavy and sugary sweet as cherry pie filling without the crust, lacking structural integrity and dryness. Does not help the reputation of the vineyard.",0.5298210462996781,0.16666666666666607,0.08673919357819967,0.5161310351106394,0.6346153846153847,0.0,0.0,0.0,0.6454826674939352,0.0,0.0,0.0,0.0,0.0,0.0,0.0,0.0,0.7637749183921358,0.0,0.0,4,"['heavy', 'sugary', 'sweet', 'structural']",0.07499999999999998,0.575
US,"The '04 Reserve Cab Franc was a very good wine. This one is much different, rustic and simple, with stewed cherry flavors and a bitter finish. Okay for everyday fare.",0.11754013664201335,0.22222222222222143,0.6014417364210083,0.11709636135637469,0.09615384615384616,0.0,0.0,0.0,0.5759096622475021,0.0,0.5948531333989908,0.39606444221778553,0.0,0.0,0.0,0.0,0.0,0.0,0.0,0.39700222697874754,6,"['good', 'different', 'rustic', 'simple', 'bitter', 'everyday']",0.18500000000000003,0.5561904761904762
US,"Quite tart when it hits the lips, this is nonetheless a dense, flavorful Pinot Gris, tasting of grapefruit, sour orange, apple and green banana. It shows lots of juice and powers through the mid-palate into a fruit-driven finish.",0.265229661158644,0.5555555555555554,0.33273342051757415,0.27642396421426296,0.625,0.0,0.0,0.0,0.0,0.0,0.5765505118068922,0.0,0.47004489184595005,0.0,0.6683167714375718,0.0,0.0,0.0,0.0,0.0,4,"['dense', 'flavorful', 'sour', 'green']",-0.17500000000000002,0.19999999999999998
Italy,"Violet, plum, leather and baking spice aromas merge on this easygoing red. The no-fuss palate offers black cherry, star anise and a hint of clove alongside polished but rather fleeting tannins. Drink soon.",0.28825870051588276,0.3888888888888884,0.2891620802951373,0.2912620713244538,0.6923076923076923,0.0,0.44103588998486254,0.4747712510352651,0.4086601102110412,0.0,0.0,0.0,0.0,0.0,0.4892858253114707,0.0,0.0,0.0,0.41674440417028064,0.0,4,"['easygoing', 'black', 'polished', 'fleeting']",-0.022222222222222216,0.14444444444444446
US,"Bone dry, but sharp and harsh in texture, with some minty flavors next to the black cherries. Okay for an everyday sipper with casual foods.",0.11754013664201335,0.22222222222222143,0.6014417364210083,0.11709636135637469,0.11538461538461539,0.0,0.0,0.6700703185234235,0.0,0.627433596739566,0.0,0.39665205144606197,0.0,0.0,0.0,0.0,0.0,0.0,0.0,0.0,6,"['sharp', 'harsh', 'minty', 'black', 'everyday', 'casual']",-0.09479166666666669,0.55625
France,"This is a well-structured juicy, fruity wine. Aromas of redcurrants, and flavors of fresh black fruits, are balanced by firm, dry tannins and some acidity.",0.0,0.16666666666666607,1.0,0.0,0.11538461538461539,0.39996307014399723,0.4148166577475339,0.44654647846419854,0.0,0.4181326277988019,0.0,0.26433580454533656,0.0,0.0,0.0,0.0,0.0,0.0,0.3919692814089045,0.26496168776749907,5,"['juicy', 'fresh', 'black', 'firm', 'dry']",-0.03333333333333333,0.4833333333333334
US,"Plum and black cherry fruit flavors are at the core of this warmly generous wine, a round mouthful of fruit and sweet baking spices.",0.15949202727027811,0.44444444444444375,0.523197169338016,0.16837753464831673,0.11538461538461539,0.0,0.0,0.4232498065407264,0.3643129448351699,0.0,0.0,0.25054520308924766,0.6135669564176198,0.0,0.0,0.0,0.0,0.4310775543997004,0.0,0.2511384335041609,4,"['black', 'generous', 'round', 'sweet']",0.14583333333333331,0.5208333333333333
US,"This is quite flavorful, with apples, pears and peaches equally in the mix. The fruit is front and center, and the wine has unusual polish for its price. It keeps coming on through a surprisingly long finish, with nicely structured skin and rind flavors wrapping up the finish.",0.11754013664201335,0.44444444444444375,0.6307834490771304,0.12752001272558267,0.9807692307692308,0.0,0.0,0.0,0.0,0.0,0.8486929453323245,0.2825378897195424,0.3459573580543169,0.0,0.0,0.0,0.0,0.0,0.0,0.28320687107492415,5,"['flavorful', 'front', 'unusual', 'long', 'structured']",0.13,0.55
Italy,"Malpelo is a ramato-style Pinot Grigio (which means it sports a copperish color) with a cool glass closure that has done a good job of locking in the wine's fresh fragrances of citrus, rose, peach and white spice. Pair this wine with tuna steak or raw salmon tartar.",0.34608573750449545,0.44444444444444375,0.22434639228492043,0.35017454689120364,0.6153846153846154,0.0,0.0,0.0,0.0,0.0,0.0,0.0,0.0,0.0,0.0,0.0,0.0,0.0,0.0,1.0,6,"['copperish', 'cool', 'good', 'fresh', 'white', 'raw']",0.28653846153846146,0.5269230769230769
Italy,"Here's a winery founded at the start of the 1900s that has morphed over the decades to enthusiastically embrace modern use of oak. In fact, the wood here is almost too much of a good thing with carpentry and cedar notes that mask much of the cherry fruit. In the mouth, it has a chewy texture, smoke favors and a spice-driven finish.",0.5298210462996781,0.44444444444444375,0.09285205038155844,0.5292508562343743,0.19230769230769232,0.0,0.0,0.0,0.49515224652717005,0.0,0.5114393535381498,0.0,0.4169616550442345,0.5651522083778393,0.0,0.0,0.0,0.0,0.0,0.0,5,"['modern', 'much', 'good', 'much', 'chewy']",0.36666666666666664,0.3666666666666667
US,A berry scented wine that's loaded with fresh mint aromas and accented by toasty oak.  The tannins are ripe and soft; the acidity bright.,0.23963682528528263,0.2777777777777777,0.3520371788439703,0.23867462655922478,0.09615384615384616,0.41160707727475376,0.4268930930019936,0.0,0.0,0.0,0.0,0.0,0.0,0.45147542841357396,0.0,0.0,0.45546027374628056,0.0,0.4033805677212123,0.27267543939119593,6,"['scented', 'fresh', 'toasty', 'ripe', 'soft', 'bright']",0.3666666666666667,0.5499999999999999
Spain,"Black as night, with chunky, sweet, candied aromas as well as notes of bacon, shoe polish and cough medicine. This is a classic modern-styled wine with intense roasted berry, herb and exotic spice flavors. Licorine, prune, coffee and oak emerge on the broad finish. Very ripe yet it does a good job of straddling the line between big and overripe.",0.2256871994234474,0.4999999999999991,0.393298962266642,0.23539285194812387,0.6923076923076923,0.0,0.3689114534364947,0.3971299303448843,0.0,0.0,0.3530740855317535,0.2350833893210621,0.0,0.39015495733527333,0.0,0.0,0.393598571456717,0.40447460697308857,0.0,0.2356400099023648,12,"['black', 'chunky', 'sweet', 'classic', 'modern', 'intense', 'roasted', 'exotic', 'broad', 'ripe', 'good', 'big']",0.22361111111111112,0.5069444444444444
US,"Made from four Rhône varieties dominated by Mourvèdre and Syrah, but this blend is solidly warm-climate California. Bursts with jammy cherry, blackberry and spice flavors that finish a little sweet and simple.",0.3374017500503924,0.22222222222222143,0.2222565267111226,0.331280827115503,0.701923076923077,0.0,0.0,0.0,0.503796883567413,0.0,0.5203683397448018,0.34647106093426466,0.0,0.0,0.0,0.0,0.0,0.5961235568521732,0.0,0.0,4,"['warm', 'little', 'sweet', 'simple']",0.040624999999999994,0.4017857142857143
France,"This contains a fairly high proportion (10–15%) of Viognier, but still seems more tightly packed than Faury's 100% Syrah Saint-Joseph. It's riper, with more cherry-berry fruit and less meatiness, but still has great floral aromas and hints of pepper on the finish. Drink now–2015.",0.47363172694928746,0.6111111111111107,0.12729214573324785,0.48200052548118255,0.8365384615384616,0.0,0.5436566740164628,0.0,0.5037476571989667,0.0,0.520317494167039,0.0,0.4241997453177492,0.0,0.0,0.0,0.0,0.0,0.0,0.0,5,"['high', 'packed', 'more', 'great', 'floral']",0.26912698412698416,0.44039682539682534
Italy,"Here's an elegant expression of Cabernet Sauvignon with smooth aromas of wild berries and cherry that are seamlessly integrated with light shadings of spice and toast. The wine is crisp and generous on the palate and delivers a smooth, but determined texture.",0.3703290190294001,0.5555555555555554,0.20532861556335982,0.37883992017057655,0.11538461538461539,0.0,0.5347259280197072,0.0,0.49547250380175417,0.0,0.0,0.0,0.0,0.0,0.5932256828702636,0.0,0.0,0.0,0.0,0.3415530252581476,8,"['elegant', 'smooth', 'wild', 'light', 'crisp', 'generous', 'smooth', 'determined']",0.3071428571428571,0.5166666666666667
US,"Apparently made from Bordeaux varieties, this wine is crisp and overtly sweet. It has simple, jammy flavors of pineapples, lemons and limes.",0.39912885255556074,0.22222222222222143,0.16649399587143351,0.39143598951187974,0.9807692307692308,0.0,0.0,0.0,0.0,0.0,0.0,0.44878435354831014,0.0,0.0,0.0,0.0,0.0,0.7721595113179741,0.0,0.44984696630233356,4,"['crisp', 'sweet', 'simple', 'jammy']",0.16249999999999998,0.44345238095238093
Spain,"Serious, stately Rioja with key aromas of prune, blackberry and leather. Snappy enough on the palate, with plenty of pop as well as pure berry flavors, smooth tannins, zest and dry vanilla. Some might call it a bit acidic and traditional, but with food it'll do great. Drink now through 2016. Only 250 cases made.",0.5960162184528474,0.6111111111111107,0.0687062660082913,0.6012946445474738,0.8557692307692308,0.0,0.46902535964485764,0.0,0.0,0.47277466434807935,0.0,0.298879501288847,0.0,0.0,0.5203373815988538,0.0,0.0,0.0,0.44319226277175894,0.0,11,"['serious', 'stately', 'key', 'snappy', 'pure', 'smooth', 'zest', 'dry', 'acidic', 'traditional', 'great']",0.11269841269841269,0.6962962962962963
US,"Ouch. Tough, extremely dry, and acidic-tannic, this wine isn't showing much charm now. There's a suggestion of blackberry, bitter cherry and blueberry fruit, as well as lots of smoky oak. Nowhere near ready, and hard to predict. Try after 2008.",0.3374017500503924,0.22222222222222143,0.2222565267111226,0.331280827115503,0.5865384615384616,0.0,0.0,0.0,0.4627220255175127,0.5033727793384816,0.0,0.0,0.38965256229452594,0.528137308111637,0.0,0.0,0.0,0.0,0.0,0.3189765455326256,9,"['tough', 'dry', 'acidic', 'tannic', 'much', 'bitter', 'smoky', 'ready', 'hard']",-0.0496031746031746,0.5107142857142857
France,"Talcum powder, orange peel and a bit of fresh-cut grass make for a pleasant bouquet. Quite forward and fully charged on the palate; there's melon, apple and lemon as well as some softer peach flavors. Good and lively. Imported by Vineyard Brands.",0.3374017500503924,0.4999999999999991,0.2363631193342582,0.3442456503987712,0.7980769230769231,0.0,0.0,0.0,0.0,0.0,0.0,0.49807719998508,0.0,0.0,0.867132690454594,0.0,0.0,0.0,0.0,0.0,6,"['fresh', 'pleasant', 'softer', 'peach', 'good', 'lively']",0.5232323232323232,0.688888888888889
US,"Merlot and Cabernet Franc make up the majority of this blend. The aromas of dried herbs, pencil lead, cherry and spice are subdued while the palate brings a somewhat elegant style, with the tannins seeming a bit bunched up.",0.34608573750449545,0.44444444444444375,0.22434639228492043,0.35017454689120364,0.06730769230769232,0.0,0.5011149460218143,0.0,0.4643288533200854,0.0,0.0,0.0,0.0,0.0,0.5559376130332884,0.0,0.0,0.0,0.47351441082913026,0.0,1,['elegant'],0.15,0.8
France,"Starts off with melon and a touch of almond character, then adds brighter pineapple notes that turn tart and metallic on the finish, a poignant counter to the wine's breadth on the palate.",0.1394708524016972,0.22222222222222143,0.5454257395320479,0.13845292298862533,0.7115384615384616,0.0,0.0,0.0,0.0,0.0,0.5987832378289636,0.0,0.0,0.0,0.6940881537727652,0.0,0.0,0.0,0.0,0.39962516047838786,4,"['brighter', 'tart', 'metallic', 'poignant']",0.0,0.5
US,"Relatively low in alcohol (12.2% is the listing), this is thin on fruit but does offer soft flavors of yeasty bread dough, along with some stemmy tannins.",0.31898405454055623,0.11111111111111072,0.2358928995801537,0.30793044259913227,0.6346153846153847,0.0,0.0,0.0,0.0,0.0,0.0,0.4613567439463185,0.5649145338157825,0.0,0.0,0.0,0.0,0.0,0.6841209865944389,0.0,4,"['low', 'thin', 'soft', 'stemmy']",-0.10000000000000002,0.5
US,"The '04 was so much better, maybe because of vintage or sourcing differences. This is sharp in green, minty tastes, and the cherry and cola flavors finish simple and thin. Earns an extra point for a rich spiciness.",0.3703290190294001,0.16666666666666607,0.18821261651395527,0.3606832372322275,0.6346153846153847,0.0,0.0,0.0,0.49903036457442457,0.0,0.5154450350248916,0.3431930317397013,0.0,0.0,0.0,0.606220796464636,0.0,0.0,0.0,0.0,8,"['better', 'sharp', 'green', 'minty', 'simple', 'thin', 'extra', 'rich']",0.021428571428571425,0.5153061224489796
Italy,"This blend of Cabernet, Merlot and Syrah has a lot of heat and power locked within, recognized by slightly cooked or jammy fruit notes. But you'll also get very pleasant, warm tones of soft leather and sweet pipe tobacco.",0.35445387266905204,0.3888888888888884,0.21318800288196396,0.35576674511558415,0.6923076923076923,0.0,0.0,0.0,0.0,0.0,0.0,0.0,0.5798243046720495,0.0,0.0,0.0,0.0,0.8147415392083396,0.0,0.0,5,"['jammy', 'pleasant', 'warm', 'soft', 'sweet']",0.3673333333333334,0.5533333333333333
US,"Made from 100% Cabernet, this wine is very extracted and jammy, in the modern style of extreme ripeness and fruit-forwardness. Sweet oak, 70% of it new, adds layers of cream, vanilla and buttered toast. Appeals now for its juicy, New World style.",0.6099658443146826,0.5555555555555554,0.0629350100262967,0.6124142033308273,0.11538461538461539,0.0,0.0,0.0,0.0,0.0,0.0,0.0,0.42711206939687846,0.5789101379570911,0.0,0.0,0.0,0.6001575684753228,0.0,0.3496415669622335,5,"['modern', 'extreme', 'sweet', 'new', 'juicy']",0.14962121212121213,0.5265151515151515
US,"Shows very ripe black currant flavors that veer into raisins and prunes, while the smoky oak adds a caramelized layer that makes the wine taste Port-like. But it's dry, with crisp acids.",0.31898405454055623,0.22222222222222143,0.24200575638351246,0.3133335032213169,0.8365384615384616,0.0,0.0,0.47000964735404654,0.0,0.44010283009026574,0.0,0.2782249648562903,0.0,0.46175465483382977,0.0,0.0,0.46583022742398317,0.0,0.0,0.2788837342492214,7,"['ripe', 'black', 'smoky', 'caramelized', 'like', 'dry', 'crisp']",0.054166666666666675,0.43750000000000006
US,"Light red fruits, perhaps just a little stewed and herbal, with a soft mouthfeel and mocha-streaked finish.",0.27703216391229124,0.2777777777777777,0.2970214676137414,0.2751090206186977,0.09615384615384616,0.0,0.0,0.0,0.0,0.0,1.0,0.0,0.0,0.0,0.0,0.0,0.0,0.0,0.0,0.0,5,"['light', 'red', 'stewed', 'herbal', 'soft']",0.078125,0.38749999999999996
US,"Flavors of creamy vanilla pudding, buttered toast and pineapple jam mark this slightly sweet Chardonnay. A crisp streak of acidity provides much needed balance to the richness.",0.1779097227801143,0.33333333333333304,0.4705325568783095,0.18116443461280474,0.14423076923076925,0.6052468033797274,0.0,0.0,0.0,0.0,0.0,0.400007932388041,0.0,0.0,0.0,0.0,0.0,0.6882368495113192,0.0,0.0,3,"['creamy', 'sweet', 'crisp']",0.26666666666666666,0.4222222222222222
France,"A rich Riesling, just off dry, balancing intense acidity with white currant, hedgerow fruits and a concentrated texture. The wine is full-bodied, very ripe and superbly structured. Very fruity now, this is a wine to show how well Riesling can age—give it 6–8 years.",0.43069860516750114,0.7777777777777777,0.1620683981857439,0.4474288379188065,0.7307692307692308,0.39418764673413986,0.0,0.0,0.0,0.41209483794449125,0.0,0.0,0.0,0.0,0.0,0.46018396199849537,0.4361849525951907,0.0,0.0,0.5222713393922772,6,"['rich', 'dry', 'intense', 'white', 'concentrated', 'ripe']",0.22604166666666667,0.56875
Italy,"Our unanimous favorite of the tasting, La Prima comes from the oldest vines on the property, and is a blend of 90% Sangiovese, 5% Canaiolo and 5% Colorino aged in barriques. Dark color, with black plums and hints of violets on the nose, the oak is understated, allowing the blackberry, plum and floral notes to shine through. Finishes rich, chewy and long.",0.4057988371578959,0.5555555555555554,0.1738910662889433,0.41340848202466085,0.7692307692307693,0.0,0.0,0.5717981812136919,0.0,0.0,0.0,0.0,0.0,0.5617554305264129,0.0,0.5978943687933503,0.0,0.0,0.0,0.0,7,"['unanimous', 'oldest', 'dark', 'black', 'floral', 'rich', 'long']",0.06805555555555556,0.5638888888888889
Italy,"Made with southern Italy's most noble white grape, this structured wine conveys subtle aromas of white and yellow spring flowers accented by whiffs of beeswax and slate. The juicy palate delivers white peach, cantaloupe, pink grapefruit and mineral alongside fresh acidity.",0.41858536859646944,0.5555555555555554,0.1636951043621055,0.42587054814700864,0.34615384615384615,0.5104168076781576,0.5293723596605832,0.0,0.0,0.0,0.0,0.0,0.0,0.0,0.587286426740688,0.0,0.0,0.0,0.0,0.3381334651187004,10,"['southern', 'noble', 'white', 'structured', 'subtle', 'white', 'yellow', 'juicy', 'pink', 'fresh']",0.09666666666666668,0.26999999999999996
US,"Made by Carabella, this popular budget Pinot sports solid, country flavors. Plenty of bright, vivid and tart fruit—berries and cherries—give it a full-bodied, forward expression. But it's not all front-loaded; there is surprising depth, and overall a fine balance.",0.27703216391229124,0.44444444444444375,0.3080246098597872,0.28288549199668633,0.6346153846153847,0.0,0.0,0.0,0.0,0.0,0.0,0.6325426926623351,0.7745254947123966,0.0,0.0,0.0,0.0,0.0,0.0,0.0,8,"['popular', 'solid', 'bright', 'vivid', 'tart', 'forward', 'surprising', 'fine']",0.3052083333333333,0.51875
US,"This is a young, tight wine. It stuns with strong acidity and a bitter lime zest, almost gooseberry tartness. But it's nobly structured, and badly in need of a year or two in the cellar, or extended decanting. Oxygen and warming up bring out exciting notes of tropical fruits, buttercream and oak.",0.41228090965766484,0.6666666666666661,0.17272671261211303,0.42465503727679654,0.14423076923076925,0.6152288002108517,0.0,0.0,0.0,0.0,0.0,0.0,0.0,0.6748199957751311,0.0,0.0,0.0,0.0,0.0,0.40756778171632724,6,"['young', 'tight', 'strong', 'bitter', 'exciting', 'tropical']",0.06496598639455783,0.6122448979591837
Italy,"A blend of Cabernet Sauvignon, Cabernet Franc, Merlot and Petit Verdot, this robust wine opens with aromas of leafy underbrush, mature plum, toast and roasted coffee bean. The palate offers prune, dried cherry, black pepper, graphite and espresso alongside dusty tannins, with the heat of alcohol on the midpalate.",0.5811660107885219,0.3888888888888884,0.07035673734519816,0.5767364767346175,0.6923076923076923,0.0,0.4245127834832956,0.4569842724177038,0.39334994004735935,0.0,0.0,0.0,0.0,0.0,0.4709550681442796,0.0,0.0,0.0,0.40113136148961814,0.27115503075836056,5,"['robust', 'mature', 'roasted', 'black', 'dusty']",-0.11333333333333333,0.3466666666666667
France,"Full of juicy red-fruit flavors, this is hugely rich. It is solid, chunky and concentrated, with jammy red-plum flavors marrying with firm tannins and intense acids. Expect this wine to age for six-plus years.",0.43652419118256935,0.5555555555555554,0.15031290433313088,0.44335451114142166,0.6346153846153847,0.0,0.0,0.0,0.0,0.0,0.0,0.5816534349433591,0.3561067258199752,0.0,0.0,0.5137202332027475,0.0,0.0,0.43125122477433164,0.2915153247654784,9,"['full', 'juicy', 'red', 'rich', 'solid', 'jammy', 'red', 'firm', 'intense']",0.14499999999999996,0.56
US,"The '05, as befits a cool vintage, is lean, with the alcohol showing through bare-bones citrus flavors. Even those who like their whites dry and flinty may find this Marsanne, Roussanne and Viognier blend a little thin.",0.43652419118256935,0.33333333333333304,0.14297747616910036,0.4331588917511491,0.7115384615384616,0.0,0.0,0.0,0.0,0.8452587927583428,0.0,0.5343571588972198,0.0,0.0,0.0,0.0,0.0,0.0,0.0,0.0,6,"['cool', 'lean', 'bare', 'dry', 'little', 'thin']",-0.07604166666666667,0.65
France,"A solid wine, with plum skin and dry tannin textures. It does have the ripe fruit of 2009, attractive red fruits and juicy acidity. But it needs aging over at least three years to show its fruitiness.",0.4878691556714132,0.6111111111111107,0.11877056322779964,0.4958778102427328,0.6346153846153847,0.4761312333844626,0.0,0.0,0.0,0.4977609650822357,0.0,0.0,0.3853085494797274,0.0,0.0,0.0,0.526858924127986,0.0,0.0,0.3154204590712551,6,"['solid', 'dry', 'ripe', 'attractive', 'red', 'juicy']",0.08666666666666668,0.42000000000000004
Spain,"The wine's tan-gold color tells you that it's fading, the aromas of canned pineapple are not particularly fresh, and the finish is fleshy and fat. Imported by Alconde Vineyards, LLC.",0.2256871994234474,0.16666666666666607,0.36579110665152753,0.21974703669453688,0.9423076923076924,0.0,0.6559701652330481,0.0,0.0,0.0,0.6278093674466003,0.0,0.0,0.0,0.0,0.0,0.0,0.0,0.0,0.4189970649902304,4,"['tan', 'fresh', 'fleshy', 'fat']",-0.15,0.5
Spain,"This basic RdD delivers a smooth, ripe nose with doses of forest, bacon, road tar and violets, and there's some plum and blackberry at the foundation. Juicy and raw on the tongue, with racy, slick blackberry fruit. Finishes broad and medicinal, likely a sign of the hot vintage.",0.19496184539877393,0.33333333333333304,0.4358706435757478,0.19777466234422736,0.8557692307692308,0.0,0.0,0.0,0.0,0.0,0.0,0.0,0.5903124275626489,0.0,0.0,0.0,0.8071748496237309,0.0,0.0,0.0,10,"['basic', 'smooth', 'ripe', 'juicy', 'raw', 'slick', 'broad', 'medicinal', 'likely', 'hot']",0.033104395604395605,0.5177197802197803
US,"From the Lonesome Spring Ranch vineyard, this is very fresh, with juicy citrus and orange peel flavors.",0.21083699175912196,0.3888888888888884,0.4107206041562145,0.2158307619714921,0.9615384615384616,0.0,0.0,0.0,0.0,0.0,0.0,1.0,0.0,0.0,0.0,0.0,0.0,0.0,0.0,0.0,2,"['fresh', 'juicy']",0.39,0.65
US,"A rich, soft, oaky Cabernet, forward and appealing in blackberry and cherry jam, cassis, mocha and olive flavors. Shows the class and distinction of the vineyard sources in Napa and Sonoma.",0.5652908644281741,0.5555555555555554,0.07957841846569369,0.5688657130102099,0.11538461538461539,0.0,0.0,0.0,0.5823517078524335,0.0,0.0,0.40049476413546536,0.0,0.0,0.0,0.7074393488218138,0.0,0.0,0.0,0.0,2,"['rich', 'soft']",0.325,0.5333333333333333
US,"The '07 release of this wine, a blend of four considerable vineyards, was great. This 2008 is less so, although it's still a fine wine. Packed with cherry, cola and spice flavors, it's a little raw in the mouth. Decant for a few hours before drinking.",0.4878691556714132,0.44444444444444375,0.11436930632938133,0.48835938755004693,0.6346153846153847,0.0,0.0,0.0,0.5444309474316703,0.0,0.0,0.3744159087019386,0.0,0.0,0.0,0.0,0.0,0.0,0.0,0.7506048699479344,7,"['considerable', 'great', 'fine', 'little', 'raw', 'decant', 'few']",0.07596153846153848,0.40402930402930404
US,"This is Goldeneye's basic appellation Pinot. It's fairly rich in cherries, raspberries, cola, red currant, licorice and sandalwood, with an elegantly crisp mouthfeel. But it lacks excitement, especially at this price. Drink now.",0.5220203549659925,0.3888888888888884,0.09529719310290195,0.5190839490119723,0.6346153846153847,0.0,0.0,0.0,0.0,0.0,0.0,0.0,0.0,0.0,0.0,1.0,0.0,0.0,0.0,0.0,4,"['basic', 'rich', 'red', 'crisp']",0.125,0.45833333333333337
US,"An easy to like Syrah, soft and gentle, with raspberry, cherry, spice, tobacco, herb and smoke flavors. Defines the warm-climate, lighter style of Paso Robles Syrah.",0.27703216391229124,0.3888888888888884,0.30435689577777186,0.28032317133396,0.8365384615384616,0.0,0.0,0.0,0.8239573906711474,0.0,0.0,0.5666517611005847,0.0,0.0,0.0,0.0,0.0,0.0,0.0,0.0,5,"['easy', 'soft', 'gentle', 'warm', 'lighter']",0.24444444444444446,0.6611111111111111
US,"This offers appealing notes of cranberry, cherry and orange peel along with a kiss of vanilla. It's tart and fresh in style with puckering fruit flavors—perfect for the dinner table.",0.1779097227801143,0.3888888888888884,0.4761751939275638,0.18375555498510177,0.04807692307692308,0.0,0.0,0.0,0.676964094041012,0.0,0.0,0.4655615696070653,0.5700631897292069,0.0,0.0,0.0,0.0,0.0,0.0,0.0,3,"['tart', 'fresh', 'perfect']",0.3,0.3333333333333333
France,"For a Petit Chablis, this is serious and complex, with delicious ripe green and yellow fruits; there is a touch of caramel with toast just at the edge.",0.35445387266905204,0.3888888888888884,0.21318800288196396,0.35576674511558415,0.14423076923076925,0.0,0.0,0.0,0.0,0.0,0.0,0.0,0.0,0.0,0.0,0.0,1.0,0.0,0.0,0.0,6,"['serious', 'complex', 'delicious', 'ripe', 'green', 'yellow']",0.03333333333333334,0.4733333333333333
US,"Dull and watery. Not much going on beyond the alcohol, although you'll find very modest citrus flavors.",0.21083699175912196,0.11111111111111072,0.38626917694277946,0.20256347072247038,0.14423076923076925,0.0,0.0,0.0,0.0,0.0,0.0,1.0,0.0,0.0,0.0,0.0,0.0,0.0,0.0,0.0,3,"['dull', 'watery', 'modest']",-0.08722222222222224,0.5666666666666667
Italy,"Fresh crispness is what you notice first in this luminous and bright Soave. Made from Garganega grapes, the wine boasts aromas of lemon zest, white mineral and pear.",0.11754013664201335,0.33333333333333304,0.6161125927490693,0.12236872472390337,0.27884615384615385,0.0,0.8427516207120702,0.0,0.0,0.0,0.0,0.0,0.0,0.0,0.0,0.0,0.0,0.0,0.0,0.5383026154378027,5,"['fresh', 'luminous', 'bright', 'zest', 'white']",0.3125,0.4083333333333333
US,"Great price for a brut this classically structured. Made from Pinot Noir and Chardonnay, it's dry and crisp, with a fine mousse that gives it a creamy smooth mouthfeel. The pineapple, raspberry and vanilla flavors are delicious.",0.265229661158644,0.5555555555555554,0.33273342051757415,0.27642396421426296,0.13461538461538464,0.0,0.0,0.0,0.0,0.8452587927583428,0.0,0.5343571588972198,0.0,0.0,0.0,0.0,0.0,0.0,0.0,0.0,7,"['great', 'dry', 'crisp', 'fine', 'creamy', 'smooth', 'delicious']",0.4,0.5380952380952381
Italy,"Reflecting the heat of the vintage, aromas recall stewed prune, fig and toasted oak. The hearty but one-dimensional palate delivers dried berry, roasted coffee bean, vanilla and anisette alongside raspy, mouth-puckering tannins. Searing alcohol dominates the finish.",0.6473611829416915,0.33333333333333304,0.04835045285310659,0.6386701134612471,0.7692307692307693,0.0,0.44030583969795545,0.0,0.0,0.0,0.4214035109441454,0.0,0.0,0.46566053859696566,0.48847590651515577,0.0,0.0,0.0,0.41605456377692424,0.0,2,"['dimensional', 'roasted']",-0.2,0.6
Italy,"Really charming, with a nose of green plums, red berries and earth that jumps out of the glass and curls up in your lap. The palate is lacking a bit in intensity but makes up for it with iresistable cassis flavor followed by fresh-roasted coffee. The bracing acidity would be well matched by a cheese-laden dish such as lasagna. Drink now to one year.",0.09329685511710872,0.33333333333333304,0.6862066840942498,0.0987622810289448,0.20192307692307693,0.6559832649262265,0.0,0.0,0.0,0.0,0.0,0.0,0.0,0.0,0.7547754342430125,0.0,0.0,0.0,0.0,0.0,9,"['charming', 'green', 'red', 'iresistable', 'fresh', 'roasted', 'cheese', 'laden', 'such']",0.12499999999999999,0.45
France,"Moderately intense menthol, black licorice and African violets aromas on the nose. The mouth, full of ripe plum and dark cherries accented by notes of cocoa and fresh mint leaves, has a lovely balance and silky texture. Ends on a somewhat simple yet clean finish.",0.1394708524016972,0.44444444444444375,0.5721000237648861,0.1488776754563863,0.701923076923077,0.0,0.48718898990818654,0.5244546565978015,0.0,0.0,0.46627396761641215,0.0,0.0,0.0,0.0,0.0,0.5197911007398761,0.0,0.0,0.0,11,"['intense', 'black', 'african', 'full', 'ripe', 'dark', 'fresh', 'lovely', 'silky', 'simple', 'clean']",0.15555555555555556,0.5211640211640212
US,"Made in a softly appealing style, this Pinot is like cherry pie sprinkled with brown sugar and cinnamon. It shows Pinot Noir's silky texture.",0.28825870051588276,0.2777777777777777,0.2821759582341558,0.28604777631975487,0.6346153846153847,0.0,0.0,0.0,1.0,0.0,0.0,0.0,0.0,0.0,0.0,0.0,0.0,0.0,0.0,0.0,2,"['brown', 'silky']",0.5,0.5
US,"Without showing the richness of prior vintages, this year's bottling is earthy and crisp and very dry. It has a steely minerality and modest fruit that suggests green apples and pineapples.",0.43652419118256935,0.2777777777777777,0.14114361912809273,0.4305359009193923,0.14423076923076925,0.0,0.0,0.0,0.0,0.7907658302538284,0.0,0.0,0.6121187807141465,0.0,0.0,0.0,0.0,0.0,0.0,0.0,7,"['prior', 'earthy', 'crisp', 'dry', 'steely', 'modest', 'green']",0.01266666666666666,0.4793333333333333
US,"A bit vegetal, and a bit sweet on the finish in pineapple candy. Not particularly successful.",0.27703216391229124,0.11111111111111072,0.28601832536769556,0.26705326328437184,0.14423076923076925,0.0,0.0,0.0,0.0,0.0,0.6576167784579491,0.0,0.0,0.0,0.0,0.0,0.0,0.7533526217453476,0.0,0.0,3,"['vegetal', 'sweet', 'successful']",-0.012500000000000011,0.8
US,"Starts out very light in mouthfeel, almost delicately simple, with such a dry, wispy texture that it feels almost inconsequential. Then you notice the flavors of cola, tart cherryskin, ripe rhubarb, coffee, Asian spices and caramelized oak. They mingle together in a complex swirl that makes you want another sip.",0.3703290190294001,0.4999999999999991,0.20288347284201633,0.37633436096920847,0.6346153846153847,0.0,0.0,0.0,0.0,0.525530179385494,0.0,0.3322305736149434,0.0,0.5513847900890304,0.0,0.0,0.5562514627117958,0.0,0.0,0.0,7,"['simple', 'dry', 'inconsequential', 'tart', 'ripe', 'asian', 'complex']",0.025555555555555564,0.46119047619047615
US,"Pungent and grapey, with notes of violets and dusty chocolate. The astringent fruit shows varietal cassis flavor, somewhat overtaken by the extremely charred, coffee ground flavors of the finish.",0.3851792266937255,0.33333333333333304,0.18240540255076443,0.38311767877213576,0.11538461538461539,0.0,0.0,0.0,0.0,0.0,0.6887579120685541,0.4585880160162929,0.5615243272817362,0.0,0.0,0.0,0.0,0.0,0.0,0.0,5,"['dusty', 'astringent', 'varietal', 'overtaken', 'charred']",-0.2625,0.8
US,"This Pinot opens with aromas of strawberry, cherry and flowers, leading into juicy berry flavors and a touch of balsamic, pepper and strawberry. Good structure and a lingering finish give it added appeal.",0.2256871994234474,0.33333333333333304,0.3795450344590848,0.2277063189235855,0.6346153846153847,0.0,0.5607171783600661,0.0,0.5195557756392872,0.0,0.5366455910957649,0.3573087620661738,0.0,0.0,0.0,0.0,0.0,0.0,0.0,0.0,3,"['juicy', 'balsamic', 'good']",0.7,0.6000000000000001
US,"Greenwood Ridge often does a good job at Sauvignon Blanc, but not this year. The wine is irritating in unripe feline flavors and it's also off-dry, with 1.9% residual sugar.",0.2527888823873867,0.0,0.31128480015491183,0.2378975951793174,0.7980769230769231,0.0,0.0,0.0,0.0,0.7451071960204126,0.0,0.47104315003934244,0.0,0.0,0.0,0.0,0.0,0.0,0.0,0.4721584662373553,3,"['good', 'dry', 'residual']",0.14999999999999997,0.7000000000000001
US,"Size marks this wine. It's huge in flavor, swamping the palate with black and red cherries, pomegranates, sweet rhubarb pie, coffee and vanilla. At the same time, it's fairly light in color, and certainly light and silky in body, with crisp acids. Shows enough complexity to serve with your finest entrées.",0.4057988371578959,0.5555555555555554,0.1738910662889433,0.41340848202466085,0.6346153846153847,0.0,0.0,0.5382663054994706,0.0,0.0,0.0,0.0,0.0,0.0,0.554722032872421,0.0,0.0,0.5482212135828743,0.0,0.31938433209467226,10,"['huge', 'black', 'red', 'sweet', 'rhubarb', 'same', 'light', 'crisp', 'enough', 'finest']",0.18148148148148147,0.49166666666666675
Italy,"This is a pleasant red wine from Piedmont in northern Italy made with Nebbiolo and Vespolina grapes for a clean delivery of berry, spice and cola aromas. The wine is tonic and fresh in the mouth with clean acidity and playful bite of exotic spice on the close.",0.43652419118256935,0.44444444444444375,0.14664519025111564,0.4383146196333072,0.6923076923076923,0.5109030678967821,0.5298766783183352,0.0,0.0,0.0,0.0,0.0,0.0,0.0,0.0,0.0,0.0,0.0,0.0,0.6769111913596817,8,"['pleasant', 'red', 'northern', 'clean', 'fresh', 'clean', 'playful', 'exotic']",0.37777777777777777,0.6444444444444445
US,"Hard to keep from falling in love with this wine. It's so luscious in bright, spicy wild cherry, raspberry and root beer flavors. With a satiny texture and brilliant acidity, it's stunningly drinkable now, but should hold and develop over the next six years.",0.41228090965766484,0.7777777777777777,0.1768019504810189,0.42947805641229575,0.6346153846153847,0.5977022492290707,0.0,0.0,0.5743934782569605,0.0,0.0,0.3950217325605627,0.0,0.0,0.0,0.0,0.0,0.0,0.0,0.39595704843736745,9,"['hard', 'luscious', 'bright', 'spicy', 'wild', 'satiny', 'brilliant', 'drinkable', 'next']",0.3440476190476191,0.6202380952380953
US,"Massively rich and ripe with blackberry jam, chocolate, anise and spice flavors, this Zin doesn't leave much to the imagination. You can taste the California sunshine and heat in every potent sip. The alcohol is very high, yet the wine wears it well. Drink now.",0.41228090965766484,0.33333333333333304,0.1605009990053955,0.4095307440828482,1.0,0.0,0.0,0.0,0.0,0.0,0.0,0.35515035995404187,0.0,0.0,0.0,0.6273423821709114,0.5946259101247594,0.0,0.0,0.3559912700684417,5,"['rich', 'ripe', 'much', 'potent', 'high']",0.32075,0.538
Italy,"Cometa boasts a brilliant, saturated golden color and carries through with clean execution in terms of aromas and flavors. Notes of tropical fruit and ripe citrus come into sharp focus thanks to Fiano's natural minerality. In the mouth, it offers plenty of weight, but balances that with great length on the finish, hinting at anise, honey, limes and oranges.",0.43069860516750114,0.6111111111111107,0.15642576113648968,0.440154690286114,0.23076923076923078,0.0,0.49573086986590065,0.0,0.0,0.0,0.47444914468586324,0.31589719428219226,0.38680461179603476,0.0,0.0,0.0,0.5289045931988187,0.0,0.0,0.0,8,"['brilliant', 'golden', 'clean', 'tropical', 'ripe', 'sharp', 'natural', 'great']",0.3302083333333333,0.5375000000000001
US,"From down in Paso comes this soft, chocolaty Merlot. Acidity is deficient, but this kind of flavor goes a long way to saving the wine, which has the taste of perfectly ripe, crushed blackberries.",0.21083699175912196,0.22222222222222143,0.39604974782815344,0.20796490506572374,0.4903846153846154,0.6127600221535755,0.0,0.0,0.0,0.0,0.0,0.0,0.0,0.0,0.0,0.0,0.6780443360660419,0.0,0.0,0.4059323017192771,5,"['soft', 'deficient', 'long', 'ripe', 'crushed']",0.14206349206349206,0.5341269841269841
US,"This tastes and feels a little gritty, with dry tannins. There's something old-fashioned about it, in an era of lush, sweet Cabernetss that appeal in their youth. A rich core of blackberry and black currant suggests that time in the cellar will be rewarded. Hold until 2017 or so.",0.4968937773206705,0.44444444444444375,0.10940378572603758,0.4971557600424792,0.11538461538461539,0.0,0.0,0.4574862060191694,0.0,0.4283762580826978,0.0,0.0,0.0,0.0,0.0,0.4783653312763392,0.0,0.46594713527261755,0.4015719484443247,0.0,9,"['little', 'gritty', 'dry', 'old', 'fashioned', 'lush', 'sweet', 'rich', 'black']",0.05773809523809524,0.569047619047619
US,"Opens with a nice nose of roasted nuts, banana, caramel and a hint of smoke. The palate's pear, baked apple and apricot flavors wear interesting coconut accents, but all these are unfortunately overrun by a scotch notes peek out from behind an edgy acidity.",0.5097998714310973,0.2777777777777777,0.09863147863200673,0.5019562338915091,0.14423076923076925,0.6018558160983558,0.0,0.0,0.0,0.0,0.0,0.3977668271007413,0.0,0.0,0.6924963017134396,0.0,0.0,0.0,0.0,0.0,5,"['nice', 'roasted', 'baked', 'interesting', 'edgy']",-0.019999999999999983,0.79
US,"A light style, but still stylish, with finesse and good structure. The pretty plum fruit is lightly dusted with cocoa, softening the tannins and adding spice to the finish. A gentle and beguiling wine, ready for near-term enjoyment.",0.265229661158644,0.44444444444444375,0.3250119171870158,0.27138563663376813,0.6346153846153847,0.0,0.0,0.0,0.0,0.0,0.5693540368407233,0.0,0.46417781475925424,0.0,0.0,0.0,0.0,0.0,0.5621271282284008,0.37998424800008035,8,"['light', 'stylish', 'finesse', 'good', 'pretty', 'gentle', 'ready', 'near']",0.3785714285714286,0.7571428571428571
US,"Aromas of sun-dried tomatoes, coffee, cinnamon, toast, blackberries and currants introduce a wine that drinks light and fruity. Some pretty flavors here, with lots of spice and soft tannins. Nothing to write home about, but nice enough for a dry red table wine.",0.28825870051588276,0.2777777777777777,0.2821759582341558,0.28604777631975487,0.4903846153846154,0.0,0.44960404396903947,0.0,0.0,0.45319809815390705,0.0,0.28650355396702837,0.0,0.0,0.0,0.0,0.0,0.0,0.4248406392116002,0.5743638501115027,5,"['pretty', 'soft', 'nice', 'dry', 'red']",0.18333333333333335,0.5928571428571427
Spain,"Light raspberry along with charred wood carries the modest nose. Additional raspberry flavors blend with sweeter strawberry tastes to create a mildly creamy, easygoing palate. Finishes fairly buttery, with toast and popcorn notes. An attempt at a major-league wine that is semi-successful.",0.35445387266905204,0.3888888888888884,0.21318800288196396,0.35576674511558415,0.8653846153846154,0.0,0.0,0.0,0.0,0.0,0.0,0.4456262365973035,0.0,0.0,0.7758176392923636,0.0,0.0,0.0,0.0,0.4466813716945764,10,"['charred', 'modest', 'additional', 'sweeter', 'creamy', 'easygoing', 'major', 'semi', '-', 'successful']",0.3833333333333333,0.75
US,"One of two Tempranillos from Fenestra (the other from Lodi), the Livermore Valley version is bright, tasting of cherry spice, with good acidity. Nearing the finish the taste turns to toasty dark molasses; a nice wine overall.",0.41228090965766484,0.3888888888888884,0.16253861793984842,0.4121233361700447,0.8557692307692308,0.5465486841018261,0.0,0.0,0.525234763802431,0.0,0.5425113789524896,0.0,0.0,0.0,0.0,0.0,0.0,0.0,0.0,0.36206958241066733,6,"['other', 'bright', 'good', 'toasty', 'dark', 'nice']",0.28750000000000003,0.5291666666666667
France,There is a rosé here struggling to get out. This wine has strawberry fruits combined with tannins in a way that does not work. Bordeaux Clairet lies between rosé and red in color and in taste.,0.19496184539877393,0.16666666666666607,0.4201518689385395,0.18981622058730796,0.06730769230769232,0.0,0.0,0.0,0.0,0.0,0.0,0.0,0.0,0.0,0.0,0.0,0.0,0.0,0.828473666354732,0.5600280208674814,0,[],0.0,0.0
Italy,"A bold blend of Cabernet Sauvignon, Merlot and Syrah, this opens with soft and luscious fruit tones of cherry and blackberry jam. Leather and tobacco add a savory, masculine quality, and there's a tart red-fruit flavor that adds a touch of refreshing acidity.",0.5139458999393303,0.6666666666666661,0.10577637619437413,0.5237466356764726,0.6923076923076923,0.46916519126241385,0.0,0.0,0.45086901786616695,0.0,0.0,0.0,0.7593425788378396,0.0,0.0,0.0,0.0,0.0,0.0,0.0,8,"['bold', 'soft', 'luscious', 'savory', 'masculine', 'tart', 'red', 'refreshing']",0.2583333333333333,0.5791666666666666
US,"Tart acidity marks this dry wine, interfering with the palate pleasure and causing some imbalance. Otherwise, it shows a tension of cool-climate raspberry and cherry ripeness with a touch of wintergreen mint. Give it more richness, and it's a great wine.",0.3851792266937255,0.3888888888888884,0.18469772385202396,0.385710166824591,0.6346153846153847,0.40502856187409314,0.0,0.0,0.3892335435383529,0.4234282351343381,0.0,0.0,0.0,0.0,0.4660265360637241,0.0,0.0,0.0,0.0,0.5366348013558635,6,"['tart', 'dry', 'palate', 'cool', 'richness', 'great']",0.41111111111111115,0.6166666666666667
Italy,"This has bell pepper and red currant aromas along with obvious oak and vanilla sensations, all of which carry over to the palate alongside a forward espresso note. A bit shy on vibrancy, it's also tightly tannic and demonstrates the heat of the vintage.",0.4057988371578959,0.3888888888888884,0.16760355643406,0.40580584473284786,0.6923076923076923,0.0,0.5464190489072626,0.0,0.0,0.0,0.0,0.0,0.0,0.5778842015548655,0.606198047328246,0.0,0.0,0.0,0.0,0.0,6,"['red', 'currant', 'obvious', 'forward', 'shy', 'tannic']",-0.16964285714285715,0.3214285714285714
US,"A mix of fruit that survived the big freeze, from Dwelley, Morrison Lane and Minnick vineyards. It's tight, tart and tannic, and showing some pickle barrel notes from time in new American oak. Herbal and compact, this is a wine that should probably be given another year or so in the bottle to smooth itself out.",0.3283771284011352,0.3888888888888884,0.24053867075070634,0.3303549103615069,0.11538461538461539,0.0,0.0,0.0,0.0,0.0,0.0,0.0,0.5339689810675302,0.7237446062601726,0.0,0.0,0.0,0.0,0.0,0.4371165430031346,8,"['big', 'tight', 'tart', 'tannic', 'new', 'american', 'herbal', 'compact']",0.07155844155844156,0.26805194805194804
US,"The appellation is near the western, cooler part of Paso Robles, and the wine's rich chocolate fudge and creamy cherry and cassis flavors have the requisite acidity and tannins needed to temper them. Almost sweet on the finish, the wine redeems itself with elegance. The high alcohol isn't really a problem, in terms of balance.",0.3374017500503924,0.44444444444444375,0.23354180080963108,0.34171193662094934,0.11538461538461539,0.3386936295708852,0.0,0.0,0.325485494163058,0.0,0.3361917307016909,0.22384279887332448,0.0,0.0,0.0,0.3953989366508523,0.0,0.38513451911479774,0.3319243913016204,0.4487456089128069,7,"['western', 'cooler', 'rich', 'creamy', 'requisite', 'sweet', 'high']",0.1975,0.42333333333333334
Italy,"Aged in large oak casks, this dark and thickly extracted Ripasso does a nice job of integrating mature black fruit aromas with spice and tobacco. The oak element is nicely tucked in the background and the wine shows bright fruit flavors in the mouth as well.",0.2527888823873867,0.4999999999999991,0.3479619409750645,0.2617974791505606,0.19230769230769232,0.0,0.3181081266412833,0.3424405965127924,0.0,0.0,0.0,0.2027097176972839,0.4964213363106895,0.6728523141344999,0.0,0.0,0.0,0.0,0.0,0.2031896852578429,5,"['large', 'nice', 'mature', 'black', 'bright']",0.1664021164021164,0.5596560846560847
US,"This is way too soft and unstructured, especially at this price. It's a sweet, syrupy wine, with blackberry jam and cocoa flavors, and it's also high in alcohol.",0.5139458999393303,0.11111111111111072,0.0926773973300339,0.4979385873933635,0.11538461538461539,0.0,0.0,0.0,0.0,0.0,0.0,0.44878435354831014,0.0,0.0,0.0,0.0,0.0,0.7721595113179741,0.0,0.44984696630233356,4,"['soft', 'unstructured', 'sweet', 'high']",0.1525,0.635
US,"Oak dominates this wine, withstrong notes of buttered toast, vanilla and sweet char. There's nothing wrong with those pleasant aromas and flavors, but the underlying wine, with its cherry and currant fruit, is overpowered by the wood.",0.27703216391229124,0.2777777777777777,0.2970214676137414,0.2751090206186977,0.5865384615384616,0.0,0.38275095425119143,0.0,0.35465378373864687,0.0,0.0,0.24390240734753976,0.2986496167038028,0.4047913959700771,0.0,0.0,0.0,0.4196482390210614,0.0,0.48895981845907155,4,"['sweet', 'wrong', 'pleasant', 'currant']",0.19444444444444442,0.8388888888888889
US,"Made from DuBrul Vineyard fruit, this has lush strawberry and raspberry flavors that dig deep into the core, supported by a base of minerality. The tightly-focused finish includes echoes of toasty barrel-derived flavors.",0.571772936927943,0.5555555555555554,0.07695862269282563,0.5751842612575153,0.11538461538461539,0.0,0.0,0.0,0.0,0.0,0.5393264860087295,0.7181875049855394,0.43969722443076853,0.0,0.0,0.0,0.0,0.0,0.0,0.0,2,"['lush', 'toasty']",-0.23333333333333336,0.5666666666666667
US,"A mellow, well-rounded Petite that could almost be mistaken for blueberry tea, so prominent are those two strains of flavor in this wine.",0.34608573750449545,0.33333333333333304,0.21891274179304598,0.3450195320980023,0.5865384615384616,0.0,0.0,0.0,0.0,0.0,0.0,0.0,0.0,0.0,0.0,0.0,0.0,0.0,0.0,1.0,2,"['mellow', 'prominent']",0.5,1.0
US,"A very fruity, extracted Zin, with jammy raspberry and cherry flavors that finish with a bite of acidity. Clean and easy to drink, it's a nice sipper with summer barbecue.",0.35445387266905204,0.2777777777777777,0.20794841133622785,0.3505517285438937,1.0,0.5467178105277951,0.0,0.0,0.5253972947552638,0.0,0.5426792560570161,0.3613260900640142,0.0,0.0,0.0,0.0,0.0,0.0,0.0,0.0,5,"['very', 'jammy', 'clean', 'easy', 'nice']",0.4,0.7083333333333334
US,"Woody, brambly notes lend an earthy complexity to fresh blackberry and cassis notes on this bright, brisk Merlot. A shower of cranberry acidity jolts the palate and cuts through the fine, but penetrating tannins that fringe the finish. An elegant, refreshing example of a cool-climate Merlot.",0.27703216391229124,0.44444444444444375,0.3080246098597872,0.28288549199668633,0.4903846153846154,0.483957054323939,0.0,0.0,0.0,0.0,0.480382107819968,0.0,0.0,0.0,0.5568417905804357,0.0,0.0,0.0,0.47428453518928354,0.0,9,"['woody', 'earthy', 'fresh', 'bright', 'brisk', 'cranberry', 'elegant', 'refreshing', 'cool']",0.4833333333333334,0.76
US,"From 100% estate-grown grapes, and possessing 6.8 g/L of residual sugar, this wine is lovely in peach, pear and lemon, and quite voluptuous in texture, with a hint of spice. Pretty floral aromas of jasmine provide additional flourish and invitation, with the finish dry.",0.3283771284011352,0.5555555555555554,0.249341184547543,0.3379565661318178,0.7307692307692308,0.0,0.5471733172377098,0.0,0.0,0.5515473227144077,0.5236831679023408,0.0,0.0,0.0,0.0,0.0,0.0,0.0,0.0,0.3495037215330022,6,"['residual', 'lovely', 'voluptuous', 'floral', 'additional', 'dry']",0.22777777777777777,0.7833333333333333
US,"Here's an intense, nervy young Cab that impresses for its powerful oak and cassis flavors. It's a little sharp now, with an acidic jamminess and tea-like tannic structure that suggests moderate aging capability. Stash it until 2008, then open for a couple of years.",0.4057988371578959,0.44444444444444375,0.1696993930523544,0.4083687927114872,0.11538461538461539,0.0,0.0,0.0,0.0,0.0,0.0,0.516093626858873,0.0,0.85653217587879,0.0,0.0,0.0,0.0,0.0,0.0,9,"['intense', 'nervy', 'young', 'powerful', 'sharp', 'acidic', 'like', 'tannic', 'moderate']",0.041071428571428585,0.6928571428571428
France,"Firm, solid, chunky, a great success from a château that is currently in top form, even in more difficult years. The bright fruits charge through the tannins, giving some richness, balancing with the elegance and freshness of the year. Worth aging.",0.4878691556714132,0.7222222222222214,0.12170473449341185,0.5007536538962247,0.06730769230769232,0.0,0.0,0.0,0.0,0.0,0.0,0.0,0.0,0.0,0.0,0.0,0.0,0.0,1.0,0.0,7,"['firm', 'solid', 'great', 'top', 'difficult', 'bright', 'worth']",0.26666666666666666,0.461111111111111
Spain,"Bright and aggressive for Llopart, with lively orange and apricot aromas. Frothy to the point of being bubbly, with ripe, bouncy pink grapefruit and other citrus flavors. Stays racy and citrusy on the finish. All fruit; not complex.",0.2989628796719753,0.44444444444444375,0.27868289720366507,0.30425472312620494,0.8173076923076924,0.0,0.49573086986590065,0.0,0.0,0.0,0.47444914468586324,0.31589719428219226,0.38680461179603476,0.0,0.0,0.0,0.5289045931988187,0.0,0.0,0.0,8,"['bright', 'aggressive', 'lively', 'orange', 'ripe', 'pink', 'other', 'complex']",0.15227272727272728,0.475
Spain,"Starts out sharp and funky, and then quickly you realize that it's showing signs of age. The wine blends sweet and sour notes on both the bouquet and palate, issuing primary grapefruit flavors and some mustard greens on the finish. But the feel is chunky and it's losing its zest day by the day.",0.21083699175912196,0.33333333333333304,0.4058303187135275,0.21323933459667743,0.9423076923076924,0.0,0.0,0.0,0.0,0.0,0.4690780992094971,0.3123210508422678,0.0,0.0,0.5437385873325948,0.0,0.0,0.5373664836706956,0.0,0.3130605515163689,7,"['sharp', 'funky', 'sweet', 'sour', 'primary', 'chunky', 'zest']",0.16166666666666668,0.5
US,"With just 2% Syrah, this is a Bordeaux-style blend, feauturing mostly Cabernet and Merlot. The rich entry features berry, chocolate and espresso, with a round midpalate and polished tannins. A hint of tar runs through the finish.",0.3625283276957145,0.44444444444444375,0.20785807355095653,0.3661983371955251,0.06730769230769232,0.0,0.0,0.0,0.0,0.0,0.5457061172499919,0.0,0.0,0.0,0.0,0.6418112011088406,0.0,0.0,0.5387793757440662,0.0,3,"['rich', 'round', 'polished']",0.225,0.5499999999999999
Italy,"Blue-flower and red-berry aromas lead the way along with a whiff of eucalyptus. The firm palate offers hints of star anise, espresso and a green note of powdered sage that back up unripe red cherry. It closes on a coffee note.",0.3625283276957145,0.3888888888888884,0.20532861556335982,0.36363556230022964,0.6923076923076923,0.0,0.5689405890524742,0.0,0.5271755181504592,0.0,0.0,0.0,0.0,0.0,0.6311834750620605,0.0,0.0,0.0,0.0,0.0,5,"['blue', 'red', 'green', 'powdered', 'red']",-0.06000000000000001,0.13999999999999999
France,"Layered botrytis that gives the wine both its richness and dense texture. It is sweet but with a dry core and crisp acidity, it will age well. It is going to be a beautiful wine, with tropical fruits, apricots and wonderful final acidity. Drink from 2025.",0.4878691556714132,0.7777777777777777,0.12317182012621794,0.5031524014643278,0.07692307692307693,0.7009394458249159,0.0,0.0,0.0,0.3663908924205046,0.0,0.0,0.0,0.0,0.0,0.0,0.0,0.39852532322263934,0.0,0.4643481172442254,9,"['layered', 'dense', 'sweet', 'dry', 'crisp', 'beautiful', 'tropical', 'wonderful', 'final']",0.3972222222222222,0.7777777777777778
US,"Peachy Canyon's least expensive wine is a soft, simple, and rather sweet with candied raspberry and cherry flavors.",0.15949202727027811,0.11111111111111072,0.4865200285178633,0.15255151371957676,1.0,0.0,0.0,0.0,0.5464996995512307,0.0,0.0,0.37583863036825504,0.0,0.0,0.0,0.0,0.0,0.6466521634835218,0.0,0.37672852530092454,5,"['least', 'expensive', 'soft', 'simple', 'sweet']",-0.07000000000000002,0.49142857142857144
US,"Lush, thick and chewy, with rich purple and black fruits, pepper and a finish of vanilla cream. The tannins are substantial but not intrusive; they carry a sensation of rock and graphite. Flavors extend themselves gracefully; the ripe fruit remains front and center, but it finishes with plenty of nuanced rock and spice and hints of herb. An exceptional effort.",0.35445387266905204,0.6666666666666661,0.22628698174630418,0.3682973348258749,0.8365384615384616,0.0,0.0,0.42592252939535885,0.0,0.0,0.3786725604968618,0.25212733704434187,0.3087207436273906,0.0,0.0,0.4453611260657984,0.422135140949102,0.0,0.3738660046254217,0.0,11,"['lush', 'thick', 'rich', 'purple', 'black', 'substantial', 'intrusive', 'ripe', 'front', 'nuanced', 'exceptional']",0.09583333333333333,0.5097222222222222
France,"Perfumed fruits offer a ripe counterpoint to the solid tannins. Dark cherries, a touch of wood and layers of acidity come together well, leaving the chance to age further. Drink until 2020.",0.30919115719657264,0.5555555555555554,0.2723042640175516,0.31926034095955536,0.2692307692307693,0.5603440684462908,0.0,0.0,0.0,0.0,0.0,0.0,0.0,0.0,0.0,0.0,0.6200439129871733,0.0,0.5491448542275648,0.0,3,"['ripe', 'solid', 'dark']",-0.049999999999999996,0.3333333333333333
Spain,"This needs air to show its best, because at first it's tight, mulchy and nutty. Early on, it feels clampy and scratchy, but it becomes better as it airs. The black fruit flavors are touched up by notes of oak, dried cheese and leather—characteristics that extend onto the finish.",0.5373659306511478,0.4999999999999991,0.09056465880352743,0.5391395384791915,0.8557692307692308,0.0,0.0,0.5247623335927847,0.0,0.0,0.466547512281123,0.31063613830840736,0.38036264032426786,0.5155456948214601,0.0,0.0,0.0,0.0,0.0,0.0,7,"['best', 'tight', 'nutty', 'clampy', 'scratchy', 'better', 'black']",0.18639455782312925,0.39319727891156464
US,"A very nice buy at this price. Dry and jammy, the wine features ripe flavors of blackberries, cherries, anise, cocoa and mint, with smoky, oaky notes and mouthwateringly crisp coastal acidity.",0.11754013664201335,0.2777777777777777,0.6087771645850387,0.11974803212566432,0.8365384615384616,0.48835695736109336,0.0,0.0,0.0,0.5105420803268281,0.0,0.322755371346863,0.0,0.0,0.0,0.0,0.5403871939187062,0.0,0.0,0.32351957796706066,6,"['nice', 'ripe', 'smoky', 'oaky', 'crisp', 'coastal']",0.3211111111111111,0.6722222222222222
France,"Obviously not in the first flush of youth, this dry rosé goes more for mature almond marzipan along with cranberry juice flavors to give some tightness to the texture. Definitely to be drunk now. Screwcap.",0.19496184539877393,0.22222222222222143,0.42539146048427556,0.19250052807862295,0.09615384615384616,0.0,0.0,0.0,0.0,0.8452587927583428,0.0,0.5343571588972198,0.0,0.0,0.0,0.0,0.0,0.0,0.0,0.0,6,"['first', 'dry', 'more', 'mature', 'cranberry', 'drunk']",0.04722222222222222,0.5055555555555555
US,"The winery's most popular wine, Cali is 49% Cabernet Sauvignon, 47% Merlot and 4% Sangiovese. Nice aromatics lead into a medium-bodied wine with bright spices, strawberry preserves, some sour plum, and defining acidity, with a lick of chocolate in the finish.",0.23963682528528263,0.3888888888888884,0.36066709433106503,0.24388824262443753,0.6923076923076923,0.5170377668114585,0.0,0.0,0.0,0.0,0.5132184561094673,0.0,0.0,0.0,0.0,0.0,0.0,0.0,0.0,0.6850392426709835,5,"['popular', 'nice', 'bodied', 'bright', 'sour']",0.45000000000000007,0.6599999999999999
Italy,"This cheerful Rosso di Montalcino offers a distinctively oak-driven bouquet of smoke, spice and mesquite followed by a bright ensemble of berry fruit aromas. The wine is soft and slightly sweet on the finish with a burst of cherry and blueberry at the close.",0.3703290190294001,0.4999999999999991,0.20288347284201633,0.37633436096920847,0.7788461538461539,0.0,0.4044921464917022,0.0,0.3747989878340131,0.0,0.3871272995104189,0.0,0.31561364685760096,0.42778453931653226,0.0,0.0,0.0,0.44348528746369187,0.0,0.25836696724066655,4,"['cheerful', 'bright', 'soft', 'sweet']",0.33000000000000007,0.5599999999999999
US,"Immediately appealing for its lush, direct flavors of blackberry pie filling, cherry jam, licorice and cedar flavors, with a vein of dried herbs. Drink now.",0.4636258741465087,0.3888888888888884,0.12708404848036756,0.4621665259435932,0.11538461538461539,0.0,0.0,0.0,0.5880487602575535,0.0,0.0,0.8088254790494389,0.0,0.0,0.0,0.0,0.0,0.0,0.0,0.0,2,"['lush', 'direct']",0.12499999999999999,0.45000000000000007
Spain,"Harmonious on the bouquet, this has aromas of berry, marzipan and nutmeg. It feels a little acidic but that adds freshness to the package. The flavors of earthy, roasted fruits are a touch salty, and the finish tastes briney and baked, with notes of coffee and toast. A blend of 65% Tempranillo, 20% Merlot and 15% Caberent Sauvignon.",0.31898405454055623,0.44444444444444375,0.25423146999023,0.3237642240186729,0.6923076923076923,0.0,0.6562420425475878,0.0,0.0,0.0,0.6280695730686101,0.41818057460669295,0.0,0.0,0.0,0.0,0.0,0.0,0.0,0.0,6,"['harmonious', 'little', 'acidic', 'earthy', 'roasted', 'salty']",-0.1875,0.5
US,"Amazingly delicious and soft. Defines the modern Napa Cabernet style, with the tasteful elegance Hall wines are known for. With 20% Merlot, it displays dazzlingly rich flavors of blackberries, black cherries, red currants and mocha, with a savory note of bacon. Now–2013.",0.5097998714310973,0.7777777777777777,0.11063490653678396,0.5245288753748705,0.11538461538461539,0.0,0.0,0.6396901079228877,0.0,0.0,0.0,0.3786683077628314,0.0,0.0,0.0,0.6688848021308585,0.0,0.0,0.0,0.0,8,"['delicious', 'soft', 'modern', 'tasteful', 'rich', 'black', 'red', 'savory']",0.2513888888888889,0.4722222222222223
Italy,"Here's a simple, no-fuss Prosecco Extra Dry with an interesting herbal component that recalls dried oregano or hay. There's peach and citrus fruit at the back that is carried forward by spicy effervescence. The mouthfeel is thin and tonic.",0.15949202727027811,0.22222222222222143,0.49874574212458084,0.15795186442067854,0.6826923076923077,0.0,0.0,0.0,0.0,0.7907658302538284,0.0,0.0,0.6121187807141465,0.0,0.0,0.0,0.0,0.0,0.0,0.0,6,"['simple', 'interesting', 'herbal', 'spicy', 'thin', 'tonic']",-0.02380952380952381,0.42959183673469387
Spain,"Seems sort of waxy and baked, with mildly acrid aromas of burnt corn leading the way. The palate has an o.k. feel but the flavors are rather bitter and burnt, and the fruit isn't pointed or expressive. May already be past its prime. Imported by Winery Exchange.",0.09329685511710872,0.16666666666666607,0.6617552568808147,0.09080757255694127,0.9423076923076924,0.0,0.5550706250210629,0.0,0.0,0.0,0.0,0.3537105791294558,0.4331057246621212,0.0,0.6157961178145983,0.0,0.0,0.0,0.0,0.0,3,"['acrid', 'bitter', 'expressive']",0.19583333333333336,0.5625
US,"Dark, thick with tannins, a sturdy wine with plenty of fleshy blackberry and coffee flavors. Bone dry, and can probably age for a few years.",0.27703216391229124,0.2777777777777777,0.2970214676137414,0.2751090206186977,0.8365384615384616,0.0,0.0,0.0,0.0,0.6108502147340488,0.0,0.386168340458025,0.0,0.0,0.0,0.0,0.0,0.0,0.5726281658005216,0.387082693644642,5,"['dark', 'thick', 'sturdy', 'fleshy', 'few']",-0.1791666666666667,0.39375000000000004
US,"Sourced from old-vine Wädenswil clones, this effort carries the new Elkton AVA designation. Pretty raspberry and strawberry fruit is set in lightly toasty tannins. This is a lovely everyday Pinot Noir with some density.",0.30919115719657264,0.44444444444444375,0.26592563083143805,0.31422149541532285,0.6346153846153847,0.0,0.0,0.0,0.0,0.0,0.0,0.0,0.6367280915441244,0.0,0.0,0.0,0.0,0.0,0.771088410909266,0.0,6,"['old', 'new', 'pretty', 'toasty', 'lovely', 'everyday']",0.21727272727272728,0.7009090909090909
Spain,"Prieto Picudo is a variety unknown to most wine drinkers. And that's probably a good thing, because the grape yields acidic, tight, astringent wines like this. Yes, there's color and size here, but there's not much balance or charm.",0.27703216391229124,0.0,0.27868289720366507,0.261517418271378,0.6634615384615385,0.0,0.0,0.0,0.0,0.0,0.0,0.0,0.0,0.0,0.0,0.0,0.0,0.0,0.0,1.0,7,"['unknown', 'most', 'good', 'acidic', 'tight', 'astringent', 'much']",0.1642857142857143,0.43714285714285717
US,"Very ripe, almost raisiny, with a cooked fruit flavor, although the wine is fully dry. The tannins are on the harsh side, and the stewed character seems to accentuate the acidity. Drink now.",0.2527888823873867,0.11111111111111072,0.3194352758927235,0.24343306072645543,1.0,0.43147061810028603,0.0,0.0,0.0,0.45107150342478586,0.0,0.0,0.3491670076369491,0.0,0.0,0.0,0.47744010412691396,0.0,0.42284710952172705,0.2858343475380826,5,"['ripe', 'raisiny', 'cooked', 'dry', 'harsh']",-0.022222222222222216,0.5333333333333333
US,"A blend of Viognier (60%), Roussanne (25%) and Marsanne, this wine is moderately aromatic with notes of pear, melon, apricot and flowers. It's medium bodied with abundant stone fruit flavors, quite reserved considering the warmth of the vintage.",0.35445387266905204,0.5555555555555554,0.2210473902005681,0.36336876892675485,0.7115384615384616,0.0,0.0,0.0,0.0,0.0,0.0,0.5342133248610771,0.6541247642565923,0.0,0.0,0.0,0.0,0.0,0.0,0.5354782127473825,3,"['aromatic', 'bodied', 'abundant']",0.3,0.825
Italy,"Here's a fresh and bright rosé from Central Italy with a delicate bouquet of wild flowers and forest berry. The wine is luminous, pristine and would pair with appetizers or light summer pasta or chicken curry salad. In the mouth, the wine tastes fresh, crisp and clean.",0.15949202727027811,0.3888888888888884,0.5170843125346571,0.16581618920018504,0.7403846153846154,0.0,0.0,0.0,0.0,0.0,0.0,0.0,0.0,0.0,0.0,0.0,0.0,0.0,0.0,1.0,10,"['fresh', 'bright', 'delicate', 'wild', 'luminous', 'pristine', 'light', 'fresh', 'crisp', 'clean']",0.15166666666666667,0.6116666666666667
US,"A bit tough and sharp, but not a bad Cabernet. It has deep flavors of blackberries, currants, cola, anise and cedar, and is bone dry. You can bet there's some declassified high-end wine in this blend.",0.27703216391229124,0.2777777777777777,0.2970214676137414,0.2751090206186977,0.11538461538461539,0.0,0.0,0.0,0.0,0.7451071960204126,0.0,0.47104315003934244,0.0,0.0,0.0,0.0,0.0,0.0,0.0,0.4721584662373553,7,"['tough', 'sharp', 'bad', 'deep', 'dry', 'declassified', 'high']",-0.04611111111111112,0.65
Italy,"Bright, brambly berry and forest floor notes open this bouquet of this 80-20 Nergroamaro and Malvasia Nera blend. Touches of cherry and sun-ripened prune also make an appearance, especially on the finish.",0.21083699175912196,0.3888888888888884,0.4107206041562145,0.2158307619714921,0.6923076923076923,0.0,0.0,0.0,0.6955744267181811,0.0,0.7184540464745631,0.0,0.0,0.0,0.0,0.0,0.0,0.0,0.0,0.0,1,['bright'],0.23333333333333336,0.7666666666666666
US,"Kind of overripe in raisins and prunes, which detracts for me, but it's dry, with a chocolate and cassis finish that flatters the palate. The tannins are soft and sweet.",0.3703290190294001,0.33333333333333304,0.19554804467798578,0.36864526624124294,1.0,0.0,0.0,0.0,0.0,0.4395991125219686,0.4173905780551956,0.0,0.0,0.0,0.48382425796499917,0.0,0.0,0.47815429376213003,0.41209256773460984,0.0,3,"['dry', 'soft', 'sweet']",0.24583333333333332,0.625
US,"Future vintages of this wine will bear the new Red Mountain appellation, for that is where Klipsun is located. Waterbrook does the grapes proud: This is a juicy, ripe white wine bursting with scents and flavors of fresh fruits, cut grass, light spice and even some toasted coconut in the extended finish. Best Buy.",0.06619517215316933,0.5555555555555554,0.8105014390958781,0.08256038667805554,0.7980769230769231,0.0,0.0,0.0,0.0,0.0,0.4731051329305344,0.3150023258914572,0.0,0.0,0.0,0.0,0.5274063209421003,0.0,0.0,0.6314963503521395,9,"['future', 'new', 'proud', 'juicy', 'ripe', 'white', 'fresh', 'light', 'best']",0.32954545454545453,0.38494318181818177
Spain,"Nothing special about this blend of Tempranillo and Shiraz. In fact, it's more austere and less pleasing than the brand's basic 2007 Temp-Shiraz blend. That said, this wine shows thin raspberry flavors and a tangy, almost sour back end. Probably best with food; not real good on its own.",0.15949202727027811,0.16666666666666607,0.492632885321222,0.15526793926400773,0.875,0.0,0.0,0.0,0.0,0.0,0.0,0.7062701484232128,0.0,0.0,0.0,0.0,0.0,0.0,0.0,0.7079424252340392,9,"['special', 'austere', 'pleasing', 'basic', 'thin', 'sour', 'back', 'good', 'own']",0.15071428571428572,0.3913095238095238
France,"Robust, full and nicely structured with good acidity and medium tannins, this red offers up loads of jammy raspberry and blueberry with accents of carnation and mocha. Pepper and spice appear on the mouth and follow through the long, evolving finish.",0.27703216391229124,0.3888888888888884,0.30435689577777186,0.28032317133396,0.701923076923077,0.5826465573886348,0.0,0.0,0.0,0.0,0.5783426005503634,0.0,0.0,0.0,0.0,0.0,0.0,0.0,0.5710015985545179,0.0,5,"['robust', 'full', 'good', 'medium', 'long']",0.2833333333333333,0.42500000000000004
Italy,"Gold in color, with a ton of oak. But you know what? It works. The resin and vanilla aromas over time become attractive, while the rich palate deals coconut, toffee and baked white fruits. Yes, it's a barrique bomber from a hot climate, but it's interesting and should go well with roast fowl or foie gras.",0.34608573750449545,0.3888888888888884,0.2216295670389832,0.347611846777774,0.14423076923076925,0.0,0.465429598508135,0.0,0.0,0.0,0.0,0.0,0.0,0.49223103120536243,0.5163482392289106,0.5238973149351557,0.0,0.0,0.0,0.0,7,"['attractive', 'rich', 'white', 'barrique', 'hot', 'interesting', 'foie']",0.385,0.62
France,"Vibrant and lively red fruit aromas blend with fragrant woody spice in the bouquet. The cherry and berry flavors transition to the palate, where somewhat gripping tannins coupled with notes of fudgy brownie and black pepper add depth to the finish.",0.11754013664201335,0.4999999999999991,0.6381188772411609,0.13005196663704366,0.701923076923077,0.0,0.37603741506060184,0.40480096526955395,0.3484330753386419,0.0,0.3598941296386224,0.2396243033945128,0.29341123418972626,0.0,0.4171764274835629,0.0,0.0,0.0,0.3553259316164536,0.0,6,"['vibrant', 'lively', 'red', 'fragrant', 'gripping', 'black']",0.125,0.44166666666666665
US,"A sweet style of sparkling wine, with brisk acidity framing orange, lime, vanilla and honey flavors. Nice with wedding cake, at a good price.",0.1394708524016972,0.33333333333333304,0.558762881648467,0.14372584969470692,0.8173076923076924,0.5617723508513338,0.0,0.0,0.0,0.0,0.0,0.3712756437241812,0.0,0.0,0.0,0.0,0.0,0.6388012802934526,0.0,0.37215473460861215,5,"['sweet', 'brisk', 'orange', 'nice', 'good']",0.5499999999999999,0.75
US,"A terrific mouthfeel highlights this mix of berry and cherry fruits, toast and cinnamon. Tart and focused, it was aged in roughly half new French oak for the first 10 months, then transferred to neutral barrels for another five months. Fine-grained tannins give it an elegant finish.",0.6099658443146826,0.7222222222222214,0.06552398467242512,0.6197689569940812,0.6346153846153847,0.0,0.0,0.0,0.4762147060140304,0.0,0.49187889805082685,0.0,0.0,0.5435374567185062,0.0,0.0,0.0,0.0,0.48563539468643846,0.0,6,"['terrific', 'new', 'french', 'first', 'neutral', 'elegant']",0.08852813852813853,0.4792207792207792
Italy,"Crisp, light and redolent of red apple and forest berry, this wine should pair with fried chicken or easy pasta dishes. There's a sharp bitter berry note on the close.",0.11754013664201335,0.22222222222222143,0.6014417364210083,0.11709636135637469,0.5096153846153847,0.0,0.0,0.0,0.0,0.0,0.0,0.0,0.0,0.0,0.0,0.0,0.0,0.0,0.0,1.0,6,"['crisp', 'red', 'fried', 'easy', 'sharp', 'bitter']",0.03690476190476192,0.5928571428571429
US,"This appellation, on the west side of Salinas Valley just below Santa Lucia Highlands, is great for whites. Reds fare less well, especially when the vines are overcropped, as they seem to have been with this thin, acidic Merlot. It shows candied flavors of cherries and mint.",0.15949202727027811,0.11111111111111072,0.4865200285178633,0.15255151371957676,0.4903846153846154,0.0,0.0,0.0,0.0,0.0,0.0,1.0,0.0,0.0,0.0,0.0,0.0,0.0,0.0,0.0,5,"['west', 'great', 'thin', 'acidic', 'candied']",0.05833333333333335,0.6666666666666667
US,"Pretty good Cab for the price, a little soft, but ripe enough, with upfront blackberry and cherry flavors and that chocolate fudge note that marks so many modern Cabs. It's a pleasantly dry wine with some real complexity.",0.2527888823873867,0.2777777777777777,0.33166098949944106,0.2514882823235025,0.11538461538461539,0.0,0.0,0.0,0.47365156341410286,0.515262491875374,0.0,0.32573952924680655,0.0,0.0,0.0,0.0,0.5453835498493029,0.0,0.0,0.3265108016308158,9,"['good', 'little', 'soft', 'ripe', 'upfront', 'many', 'modern', 'dry', 'real']",0.18842592592592589,0.5166666666666666
US,"The fruit comes from two great Yakima Valley vineyards, Boushey and Elerding, and although the alcohol pins the meter at 15.3% it holds together with pretty cherry fruit, plenty of acid and tannin to provide the backbone. 266 cases produced.",0.2527888823873867,0.44444444444444375,0.34388670310615865,0.25926425446985957,0.7692307692307693,0.0,0.0,0.0,0.510546591841139,0.0,0.0,0.0,0.8598500901665344,0.0,0.0,0.0,0.0,0.0,0.0,0.0,2,"['great', 'pretty']",0.525,0.875
US,"The term Vintner's Select, which is unregulated, can be abused. Here it really means something, as this is the winery's top cuvée—an excellent effort that spent 18 months in oak. There's extra depth in the cherry and cassis fruit, packing a powerful, compact punch all the way through a long, polished finish.",0.5482387418095143,0.7777777777777777,0.09134734716842398,0.5619972326133436,0.6346153846153847,0.0,0.0,0.0,0.49515224652717005,0.0,0.5114393535381498,0.0,0.4169616550442345,0.5651522083778393,0.0,0.0,0.0,0.0,0.0,0.0,7,"['top', 'excellent', 'extra', 'powerful', 'compact', 'long', 'polished']",0.2642857142857143,0.4714285714285715
Italy,Slightly gaseous on the nose and losing freshness with each passing day. Zingy acids are keeping it alive but the flavors are slipping toward cranberry and tomato. Not much else is left.,0.5960162184528474,0.16666666666666607,0.061370837844260784,0.5806551310270931,0.6923076923076923,0.0,0.0,0.0,0.0,0.0,0.0,1.0,0.0,0.0,0.0,0.0,0.0,0.0,0.0,0.0,4,"['gaseous', 'zingy', 'alive', 'much']",-0.05333333333333333,0.17333333333333334
US,"This has some real strength to the fruit, which shows depth, nerve and muscle. There's a nice high note suggesting citrus, even grapefruit; below that some racy berry fruit flavors; then comes the impact of tannin and espresso. It all adds up to some real excitement in the mouth. A powerful wine that zings the palate and leaves you wanting more.",0.43069860516750114,0.6111111111111107,0.15642576113648968,0.440154690286114,0.4807692307692308,0.0,0.0,0.0,0.0,0.0,0.0,0.3010610666585784,0.7372766274824504,0.0,0.5241354005575903,0.0,0.0,0.0,0.0,0.30177390641478186,6,"['real', 'nice', 'high', 'real', 'powerful', 'more']",0.3266666666666667,0.6066666666666666
Spain,"Briny citrus, feline notes and pithy scents send this Merseguera-led blend toward a pulpy, citrusy palate. Grapefruit and pithy, lightly bitter flavors finish citric, with little change from the wine's primary flavors.",0.09329685511710872,0.2777777777777777,0.6780562083564381,0.096141928567266,0.9807692307692308,0.0,0.0,0.0,0.0,0.0,0.4681729241947442,0.6234367364701706,0.0,0.0,0.5426893407686645,0.0,0.0,0.0,0.0,0.31245644190260746,7,"['feline', 'pithy', 'pithy', 'bitter', 'citric', 'little', 'primary']",0.03750000000000001,0.5
US,"A delicious Talley Rincon, showing the class of this vineyard. Maybe not the best vintage, lacking some elegance, but the wine is ultrarich and full-bodied, with massive raspberry and cherry flavors. Drink soon.",0.5220203549659925,0.5555555555555554,0.09909138008429705,0.52668755961415,0.6346153846153847,0.0,0.0,0.0,0.7164531140995243,0.0,0.0,0.4927189481482854,0.0,0.0,0.0,0.0,0.0,0.0,0.0,0.49388558739119076,5,"['delicious', 'best', 'ultrarich', 'bodied', 'massive']",0.475,0.725
US,"This wine features tempting clove, black cherry and pomegranate flavors. It has great balance, an easygoing texture and a clean, fruity finish. It's medium to full bodied, but the oaky flavors and tannins stay well within bounds.",0.19496184539877393,0.4999999999999991,0.451589418212956,0.20546041151507866,0.8365384615384616,0.0,0.0,0.4447500337519865,0.38281929963773426,0.0,0.39541142446963884,0.5265447771427112,0.0,0.0,0.0,0.0,0.0,0.0,0.3903923993218296,0.26389575388181313,9,"['tempting', 'black', 'great', 'easygoing', 'clean', 'medium', 'full', 'bodied', 'oaky']",0.3375,0.6083333333333334
US,"Rich in cherry, blackberry, raspberry and herb flavors, this Rhône blend has sweet-and-sour berry-cherry flavors. It's rich in dry, furry tannins. Needs something big and meaty to soften it, like beef stew.",0.1394708524016972,0.22222222222222143,0.5454257395320479,0.13845292298862533,0.6923076923076923,0.0,0.0,0.0,0.5093454801366845,0.27704608365372974,0.0,0.3502869403149366,0.0,0.0,0.0,0.6187515721762717,0.0,0.30134449933038254,0.25971078817402643,0.0,7,"['rich', 'sweet', 'sour', 'rich', 'dry', 'furry', 'big']",0.17083333333333334,0.55
US,"In 2003 the vineyard was going through some changes, and the vintage, the shift in focus and the winemaker's predilection for early picking seemed to conspire to produce a rather thin, austere wine. It's locked up tight, a bit herbal and lean, not yet revealing itself even with aeration. It's one of those mystery wines that you keep coming back to, waiting for the light to blink on.",0.3703290190294001,0.44444444444444375,0.2004383301206728,0.3738005004254199,0.11538461538461539,0.0,0.0,0.0,0.0,0.0,0.0,0.0,0.0,0.0,0.0,0.0,0.0,0.0,0.0,1.0,5,"['early', 'thin', 'austere', 'herbal', 'lean']",-0.015714285714285726,0.4271428571428572
US,"Fragrant and ripe, this brightly colored cab franc mixes flavors of pomegranate, red currant, spicy cherry and red apple. Forward and nicely fruity, it leaves out the new oak and finishes clean and crisp.",0.2527888823873867,0.44444444444444375,0.34388670310615865,0.25926425446985957,0.09615384615384616,0.0,0.0,0.0,0.4937738808965308,0.0,0.0,0.3395780441602479,0.0,0.5635789823941718,0.0,0.0,0.5685532842858524,0.0,0.0,0.0,10,"['fragrant', 'ripe', 'colored', 'pomegranate', 'red', 'spicy', 'red', 'new', 'clean', 'crisp']",0.2932900432900433,0.4816017316017316
US,"Tons of flavor in this ripe, juicy wine, which comes from Napa, Monterey and Lodi, an interesting combination of cool and warm climates. Bursting with cherries, blackberries, red licorice, cola, cocoa, dates and vanilla spice, the wine also is balanced.",0.15949202727027811,0.33333333333333304,0.5109714557312984,0.16322526066752552,0.11538461538461539,0.0,0.0,0.0,0.0,0.0,0.0,0.0,0.0,0.0,0.0,0.0,0.6410156258225262,0.0,0.0,0.7675278284540274,6,"['ripe', 'juicy', 'interesting', 'cool', 'warm', 'red']",0.3625,0.4375
Italy,"Terre di Giumara is a line of value wines. This Nero d'Avola offers bright aromas of berry, cassis, fennel, moist earth and almond that recall the natural fragrances of Sicily. The wine is simple, fresh and clean on the close.",0.15949202727027811,0.3888888888888884,0.5170843125346571,0.16581618920018504,0.5576923076923077,0.0,0.8427516207120702,0.0,0.0,0.0,0.0,0.0,0.0,0.0,0.0,0.0,0.0,0.0,0.0,0.5383026154378027,5,"['bright', 'natural', 'simple', 'fresh', 'clean']",0.2611111111111111,0.4595238095238095
US,"The great sweetness of this wine makes its success. It's just delicious, offering up a mouthful of chocolate-covered cherry candy flavors with the sharpness of cassis. Crisp acidity and fine, dusty tannins make it elegant.",0.41228090965766484,0.44444444444444375,0.16457623687430137,0.41468630738850565,0.6538461538461539,0.5157378572779925,0.0,0.0,0.4956254758833352,0.0,0.0,0.3408514225800508,0.0,0.0,0.0,0.0,0.0,0.0,0.5054301569388452,0.3416584762707531,6,"['great', 'delicious', 'crisp', 'fine', 'dusty', 'elegant']",0.4095238095238095,0.6095238095238095
France,"This is a curious, soapy wine with considerable bitterness. There is a toasty edge that shows some bottle maturity, and contrasts with the tense, tight acidity.",0.27703216391229124,0.22222222222222143,0.29335375353172616,0.272455781704775,0.8173076923076924,0.8336632799340609,0.0,0.0,0.0,0.0,0.0,0.0,0.0,0.0,0.0,0.0,0.0,0.0,0.0,0.5522730626144858,6,"['curious', 'soapy', 'considerable', 'toasty', 'tense', 'tight']",-0.12797619047619047,0.5589285714285714
US,"Packaged in an unusual plastic-style recyclable bag, with a seal you have to figure out how to open, this is a fine Sauvignon Blanc. At the equivalent of 10 bucks for a regular bottle, it's dry, crisp and fruity, with lime and gooseberry flavors. Delivers lots of bang for the buck.",0.27703216391229124,0.3888888888888884,0.30435689577777186,0.28032317133396,0.7980769230769231,0.0,0.0,0.0,0.0,0.8452587927583428,0.0,0.5343571588972198,0.0,0.0,0.0,0.0,0.0,0.0,0.0,0.0,6,"['unusual', 'recyclable', 'fine', 'regular', 'dry', 'crisp']",0.13333333333333333,0.5155982905982907
US,"A second label for Velocity Cellars. A light wine, with modest characteristics.",0.2527888823873867,0.16666666666666607,0.32351051376162937,0.24615040029913815,0.09615384615384616,0.0,0.0,0.0,0.0,0.0,0.0,0.0,0.0,0.0,0.0,0.0,0.0,0.0,0.0,1.0,3,"['second', 'light', 'modest']",0.16666666666666666,0.5333333333333333
Italy,"A 50-50 blend of Inzolia and Viognier, this feels slender and tight on the palate, with a drying note of talcum powder behind the flavors of citrus, honeysuckle and stone fruit.",0.19496184539877393,0.3888888888888884,0.44111023512148384,0.20036594717311207,0.9807692307692308,0.0,0.0,0.0,0.0,0.0,0.0,0.42523348009578615,0.5206829125686844,0.0,0.7403146574022552,0.0,0.0,0.0,0.0,0.0,2,"['slender', 'tight']",-0.2892857142857143,0.4928571428571428
Italy,"Here's a fresh and easy blend of Trebbiano, Chardonnay and Sauvignon (at an attractive low price) that offers clean, but not very intense, aromas of cut grass, field flowers and lemon. The wine renders a sweet, chewy sensation in the mouth with soft texture and a creamy finish.",0.1394708524016972,0.22222222222222143,0.5454257395320479,0.13845292298862533,0.9807692307692308,0.0,0.5325427847291481,0.0,0.0,0.0,0.5096807241229904,0.0,0.0,0.0,0.0,0.0,0.0,0.5838800382671117,0.0,0.34015855538790224,11,"['fresh', 'easy', 'attractive', 'low', 'clean', 'intense', 'cut', 'sweet', 'chewy', 'soft', 'creamy']",0.2636752136752137,0.5669515669515669
US,"Though varietally labeled, this intriguing white Rhône includes 12% each Marsanne and Grenache Blanc. Rich and satisfying, it brings the buttery density of a ripe Chardonnay, but mixes the fruits for more drama—cantaloupe, apricot, banana, and a bit of papaya. A total yum-fest.",0.2989628796719753,0.6111111111111107,0.28868575379097944,0.3117710082023244,0.9615384615384616,0.0,0.0,0.0,0.0,0.0,0.0,0.0,0.0,0.0,0.0,0.7257784833281256,0.6879284796677093,0.0,0.0,0.0,9,"['intriguing', 'white', 'rich', 'satisfying', 'buttery', 'ripe', 'more', 'total', 'fest']",0.2791666666666667,0.5666666666666667
Italy,"This is a delicate and feminine rosé sparkler that opens with a beautifully pale pink color and subtle aromas of wild berry, tangerine skin, white almond and passion fruit. It shows elegance on the palate, with fine perlage and tangy crispness.",0.41858536859646944,0.5555555555555554,0.1636951043621055,0.42587054814700864,0.8173076923076924,0.0,0.5934331591163762,0.0,0.0,0.0,0.0,0.0,0.46303891222468685,0.0,0.6583555661091782,0.0,0.0,0.0,0.0,0.0,10,"['delicate', 'feminine', 'pale', 'pink', 'subtle', 'wild', 'tangerine', 'white', 'fine', 'tangy']",-0.06095238095238096,0.3971428571428572
US,"This is blended from two finished wines: a 2005 Counoise (64%) and a 2006 Viognier (36%). It's ripe and round and showing strawberry and peach flavors. The two grapes work together well, and create a seamless wine with plenty of fruit power.",0.2527888823873867,0.33333333333333304,0.3357362273683469,0.25411033635148494,0.7403846153846154,0.0,0.0,0.0,0.0,0.0,0.0,0.39817857612488317,0.4875551677926554,0.0,0.0,0.0,0.666667769254347,0.0,0.0,0.3991213666433669,4,"['finished', 'ripe', 'round', 'seamless']",-0.05,0.25
France,"A very perfumed ripe wine. The fruit flavors range from mango through peach to a taut citric finish. With just a hint of wood, this is a bright and fruity wine, delicious to drink now.",0.5811660107885219,0.44444444444444375,0.07133479443373557,0.5792998709914838,0.14423076923076925,0.0,0.0,0.0,0.0,0.0,0.44140867506073955,0.2938982260697967,0.3598676762571025,0.0,0.0,0.0,0.4920718655147073,0.0,0.0,0.5891882119054472,5,"['ripe', 'taut', 'citric', 'bright', 'delicious']",0.6333333333333334,0.6999999999999998
US,"Sharp and a bit green, this has peavine and citrus flavors, the citrus a mix of flesh, rind, and sour candy. It was fermented in 100% stainless.",0.2989628796719753,0.2777777777777777,0.2686800406163507,0.2964778432382851,0.9615384615384616,0.0,0.0,0.0,0.0,0.0,0.0,1.0,0.0,0.0,0.0,0.0,0.0,0.0,0.0,0.0,5,"['sharp', 'green', 'peavine', 'sour', 'stainless']",-0.06875,0.3375
US,"Soft, ripe and decadent, this Pinot, from the Napa side of Carneros, brims with blackberry, cherry, cola, vanilla, licorice and cinnamon spice flavors. It's full-bodied, but has Pinot's elegant silkiness. At its best now and for a couple years.",0.43652419118256935,0.3888888888888884,0.14481133321010797,0.43575156707215146,0.6346153846153847,0.0,0.0,0.0,0.5977442024413253,0.0,0.0,0.41108048648625606,0.0,0.0,0.0,0.0,0.6882693528539586,0.0,0.0,0.0,6,"['soft', 'ripe', 'decadent', 'bodied', 'elegant', 'best']",0.375,0.5625
US,"Lots of delicious raspberry and cherry flavors in this spicy wine, but it's just too sweet. That's probably a combination of residual sugar and extraordinarily high alcohol of 16.5%, which makes it almost Port-like.",0.4057988371578959,0.3888888888888884,0.16760355643406,0.40580584473284786,1.0,0.0,0.0,0.0,0.5464996995512307,0.0,0.0,0.37583863036825504,0.0,0.0,0.0,0.0,0.0,0.6466521634835218,0.0,0.37672852530092454,6,"['delicious', 'spicy', 'sweet', 'residual', 'high', 'like']",0.5033333333333333,0.73
US,"Cabernet Franc has been the signature wine for Barrister since the first release in 2001. Once again it comes out dark and smoky in the house style, but with more spine and muscle than the Barrister Merlot. It's fully ripe and not at all vegetal, though you will find that it has the characteristic Cab Franc streak of pepper and coffee behind ripe black cherry and cassis fruit.",0.34608573750449545,0.5555555555555554,0.22978004277679492,0.3552137569922842,0.09615384615384616,0.0,0.0,0.39080628628815517,0.3363871331245002,0.0,0.0,0.0,0.283267493476838,0.0,0.0,0.0,0.7746623170192093,0.0,0.0,0.23188782847687361,9,"['first', 'dark', 'smoky', 'more', 'ripe', 'vegetal', 'characteristic', 'ripe', 'black']",-0.005555555555555559,0.47222222222222215
US,"Wow—delicious, the best yet. Lots of pineapple from the 75% Celilo fruit, very crisp and lightly butterscotchy. Big but not heavy, with alcohol in the mid-13% range. The wine fills in the midpalate nicely, weaving together rock, metal, butter and tropical fruit flavors in equal proportions. Good length also.",0.4057988371578959,0.6111111111111107,0.17598690290723773,0.41588649545873446,0.14423076923076925,0.0,0.0,0.0,0.0,0.0,0.0,0.3535095265184335,0.8657190861215,0.0,0.0,0.0,0.0,0.0,0.0,0.3543465515363006,8,"['best', 'crisp', 'butterscotchy', 'big', 'heavy', 'tropical', 'equal', 'good']",0.390625,0.49895833333333334
US,"This is a nice Chardonnay to drink with shellfish, particularly grilled shrimp. It's dry and crisp in acidity, with rich pineapple, green apple and pear flavors, accented with sweet, toasty oak.",0.2256871994234474,0.44444444444444375,0.38871431966412295,0.23285982590919407,0.14423076923076925,0.3956333198368642,0.0,0.0,0.0,0.4136061852125341,0.0,0.2614742702779244,0.0,0.4339544493517107,0.0,0.46187167489786746,0.0,0.44988164842135514,0.0,0.0,7,"['nice', 'dry', 'crisp', 'rich', 'green', 'sweet', 'toasty']",0.21071428571428572,0.5785714285714285
Italy,"Aurelio Settimo's lively Dolcetto offers a surprise twist in the form of black fruit, Indian spice and natural rubber. The overall effect is rich in cherry and sweet fruit and the wine tastes plush and creamy on the close.",0.3283771284011352,0.44444444444444375,0.24347284201631858,0.33291752373343897,0.20192307692307693,0.0,0.0,0.3976162771646416,0.34224884361360985,0.0,0.0,0.0,0.5764071364756522,0.0,0.0,0.4157630102157846,0.0,0.4049699484816047,0.0,0.23592858741986408,9,"['lively', 'black', 'indian', 'natural', 'overall', 'rich', 'sweet', 'plush', 'creamy']",0.1278138528138528,0.3904761904761905
US,"This is pure Cabernet Sauvignon, with pretty, ripe berry and plum fruit flavors in abundance. The toasty frame, medium tannins and hints of dried leaf add to the overall composition of this nicely-balanced, limited-production wine.",0.4247216884289221,0.5555555555555554,0.15899959558000912,0.4318512300180737,0.11538461538461539,0.0,0.0,0.0,0.0,0.0,0.0,0.34287329825726104,0.4198358688464687,0.0,0.0,0.0,0.5740705065316143,0.0,0.5084282871303165,0.34368513926032096,6,"['pure', 'pretty', 'ripe', 'medium', 'overall', 'limited']",0.06607142857142857,0.525
US,"As comfortable as an old shoe, the Grand Estates Chardonnay from Columbia Crest delivers broad, open flavors of buttered fruit – almost like biting into a slice of apple pie, crust and all. Hard to argue with it, all 160,000 cases strong.",0.1394708524016972,0.33333333333333304,0.558762881648467,0.14372584969470692,0.14423076923076925,0.0,0.0,0.0,0.0,0.0,0.0,0.6325426926623351,0.7745254947123966,0.0,0.0,0.0,0.0,0.0,0.0,0.0,5,"['comfortable', 'old', 'broad', 'open', 'strong']",0.17202380952380952,0.5839285714285714
Italy,"Juicy and round, this opens with scents of honeysuckle, yellow stone fruit and a hint of aromatic herb. The full-bodied palate offers ripe white peach, pear and a hint of candied lemon drop while a mineral note backs up the finish.",0.28825870051588276,0.4999999999999991,0.2961482023561187,0.29635791341180484,0.23076923076923078,0.0,0.0,0.0,0.0,0.0,0.48501108392948455,0.0,0.3954154541902122,0.0,0.5622075344402034,0.0,0.5406787912168948,0.0,0.0,0.0,9,"['juicy', 'round', 'honeysuckle', 'yellow', 'aromatic', 'bodied', 'ripe', 'white', 'candied']",-0.04000000000000001,0.2
France,"This, the second wine from Clos de la Maréchale, is light, very fresh, dusty in texture, the tannins held in suspension, with red plum and cranberry flavors.",0.47363172694928746,0.3888888888888884,0.12104922814683888,0.4719190484200724,0.6346153846153847,0.0,0.0,0.0,0.0,0.0,0.0,0.487742599478847,0.0,0.0,0.0,0.0,0.0,0.0,0.7232471460272619,0.48889745593226164,6,"['second', 'light', 'fresh', 'dusty', 'red', 'cranberry']",0.078,0.39
US,"Pretty dark and full-bodied for a rosé, and too extracted and heavy in cherry-berry flavors to be considered elegant. It's almost a red wine you could drink at room temperature.",0.11754013664201335,0.11111111111111072,0.5867708800929471,0.11169709386268689,0.7403846153846154,0.0,0.0,0.0,0.7164531140995243,0.0,0.0,0.4927189481482854,0.0,0.0,0.0,0.0,0.0,0.0,0.0,0.49388558739119076,6,"['dark', 'full', 'bodied', 'heavy', 'elegant', 'red']",0.049999999999999996,0.5833333333333334
France,"This tight, taut and crisp wine needs some time to bring out its true fruity character. Behind the texture, ripe green plums and fresh apples are cut with lime juice. The wine is still young and could benefit from a few more months. Drink from late 2015.",0.2527888823873867,0.4999999999999991,0.3479619409750645,0.2617974791505606,0.46153846153846156,0.0,0.0,0.0,0.0,0.0,0.0,0.0,0.0,0.0,0.0,0.0,0.6410156258225262,0.0,0.0,0.7675278284540274,10,"['tight', 'crisp', 'true', 'ripe', 'green', 'fresh', 'young', 'few', 'more', 'late']",0.022142857142857138,0.44523809523809516
Italy,"Aromas of brandied cherry, crushed violet black pepper and a whiff of exotic spice lead the way. The round palate doles out dried plum, raisin, nutmeg, vanilla and a confectionary note alongside velvety tannins. Drink 2016–2021.",0.5298210462996781,0.5555555555555554,0.09529719310290195,0.5342912195937857,0.6923076923076923,0.0,0.44103588998486254,0.4747712510352651,0.4086601102110412,0.0,0.0,0.0,0.0,0.0,0.4892858253114707,0.0,0.0,0.0,0.41674440417028064,0.0,4,"['brandied', 'black', 'exotic', 'confectionary']",-0.03333333333333334,0.5066666666666666
US,"This starts light, with wild berry and bramble flavors, but it's nicely balanced and persists across the palate with pleasant milk chocolate flavors. Well integrated with good acids, this 100% varietal Merlot is pleasurable and easy drinking.",0.2989628796719753,0.44444444444444375,0.27868289720366507,0.30425472312620494,0.4903846153846154,0.0,0.0,0.0,0.0,0.0,0.0,0.7542636902990532,0.0,0.0,0.656571614903092,0.0,0.0,0.0,0.0,0.0,8,"['wild', 'bramble', 'balanced', 'pleasant', 'good', 'varietal', 'pleasurable', 'easy']",0.49444444444444446,0.75
US,"Give this fresh young Pinot a year to mellow. Right now, it's jammy in raspberries and cherries, with a citric sharpness. Needs brief time to knit together and become seamless.",0.4057988371578959,0.3888888888888884,0.16760355643406,0.40580584473284786,0.6346153846153847,0.0,0.0,0.0,0.0,0.0,0.0,0.0,0.0,0.0,0.0,0.0,0.0,0.0,0.0,0.0,6,"['fresh', 'young', 'jammy', 'citric', 'brief', 'seamless']",0.15714285714285714,0.3738095238095238
US,"An exquisite wine that combines delicacy and harmony with enormously fruity-spicy flavors that fill the mouth. The aromas suggest candied ginger, tropical fruits, vanilla and wildflowers. The flavors are effusively fruity and on the dry side, with refreshingly crisp acidity. Try it with Asian-Pacific fusion foods.",0.15949202727027811,0.3888888888888884,0.5170843125346571,0.16581618920018504,0.3076923076923077,0.43215226739473495,0.44820127801840004,0.0,0.0,0.45178411874355145,0.0,0.571219324057852,0.0,0.0,0.0,0.0,0.0,0.0,0.0,0.28628591659784025,5,"['exquisite', 'spicy', 'tropical', 'dry', 'crisp']",0.29583333333333334,0.7291666666666666
US,"Great price for this unoaked white wine. It's smooth and crisp in mouthwatering acidity, with ripe flavors of citrus fruits, lemongrass, minerals and vanilla that finish with a honeyed richness. Easy to find, with production of 21,696 cases.",0.15949202727027811,0.3888888888888884,0.5170843125346571,0.16581618920018504,0.25,0.49474862225501115,0.0,0.0,0.0,0.0,0.4910939594255876,0.32697962605495307,0.0,0.0,0.0,0.0,0.5474598357730518,0.0,0.0,0.32775383468812996,9,"['great', 'unoaked', 'white', 'smooth', 'crisp', 'ripe', 'citrus', 'honeyed', 'easy']",0.3766666666666667,0.5
France,"A pure strawberry jam wine, its ripe fruit scintillating with freshness and acidity. The wine is also round, with tannins giving some weight. The aftertaste is deliciously fruity.",0.23963682528528263,0.4999999999999991,0.36929700981815977,0.2489834362682004,0.2692307692307693,0.42275889330181593,0.0,0.0,0.0,0.0,0.0,0.0,0.3421170562575682,0.0,0.0,0.0,0.4678002199252512,0.0,0.41430950001728184,0.5601262628954262,3,"['pure', 'ripe', 'round']",0.33809523809523806,0.6333333333333333
Italy,"La Giaretta is an up-and-coming winery in full evolution with a modern approach and excellent pricing. There are deep oak aromas here that thankfully do not overwhelm delicate notes of cherry cola, cough drop, Indian spice, herbal infusion and almond. This is a spice-driven wine with a velvety texture and lively fruit on the finish.",0.30919115719657264,0.6111111111111107,0.2754935806106083,0.32173794641193365,0.19230769230769232,0.0,0.4513002643377684,0.0,0.4181709923173701,0.0,0.4319259449577534,0.0,0.35213668173991197,0.4772880693670573,0.0,0.0,0.0,0.0,0.0,0.28826537578833394,8,"['full', 'modern', 'excellent', 'deep', 'delicate', 'indian', 'herbal', 'lively']",0.23106060606060605,0.6083333333333333
Spain,"Warm and smelling of menthol, cough syrup and sweet, jammy berry fruit. The palate is also fairly medicinal in terms of flavor, while the feel is a bit hard and underdeveloped. Turns more tart and herbal the more you get to know it.",0.19496184539877393,0.16666666666666607,0.4201518689385395,0.18981622058730796,0.8557692307692308,0.0,0.0,0.0,0.0,0.0,0.0,0.0,0.44739211179992844,0.0,0.6361087141071577,0.0,0.0,0.6286541196366556,0.0,0.0,8,"['warm', 'sweet', 'jammy', 'medicinal', 'hard', 'underdeveloped', 'tart', 'herbal']",0.39305555555555555,0.6152777777777777
US,"Luscious, long, full-bodied and rich, a wonderful wine that showcases its appellation. Has well-ripened flavors of blackcurrants and cassis that drink long and deep, although there's some hollowness, which costs it a few points. The flavors are wrapped in soft, easy but complex tannins. Fully dry and nicely oaked, this wine is immediately enjoyable.",0.4057988371578959,0.5555555555555554,0.1738910662889433,0.41340848202466085,0.11538461538461539,0.0,0.0,0.0,0.0,0.39744589766708255,0.0,0.5025160637481962,0.0,0.0,0.0,0.4438255736974866,0.0,0.0,0.37257695896060306,0.5037059001901724,14,"['luscious', 'long', 'full', 'bodied', 'rich', 'wonderful', 'deep', 'few', 'soft', 'easy', 'complex', 'dry', 'oaked', 'enjoyable']",0.17243589743589743,0.5717948717948718
Spain,"Aromas of barrel spice and grilled pineapple are solid, while the palate is thick and creamy with orange marmalade and banana flavors. If you like a thick, unctuous Chard with a glob of oak, this is it. Has its strong points but tastes too much like cinnamon stick and wood. Imported by Dreyfus, Ashby & Co.",0.31898405454055623,0.22222222222222143,0.24200575638351246,0.3133335032213169,0.14423076923076925,0.0,0.5160315448749178,0.0,0.0,0.0,0.0,0.3288335003853766,0.0,0.5457468546960865,0.5724861083970816,0.0,0.0,0.0,0.0,0.0,7,"['solid', 'thick', 'creamy', 'orange', 'thick', 'unctuous', 'strong']",0.006666666666666643,0.3966666666666666
US,"Impresses for the sheer volume of the fruit. Flamboyant tropical pineapple, mango, guava, lots of dusty spices, rich oak, but manages to hold onto balance, dryness and even a sense of finesse all the way through the long finish.",0.43069860516750114,0.6666666666666661,0.15830664015290774,0.442605707992451,0.14423076923076925,0.0,0.0,0.0,0.0,0.0,0.48399170092778065,0.0,0.39458438082721425,0.5348219231148365,0.0,0.56922817076809,0.0,0.0,0.0,0.0,6,"['sheer', 'flamboyant', 'tropical', 'dusty', 'rich', 'long']",-0.018750000000000006,0.625
US,"Sweet meets earthy, with aromas that recall grilled beets, cola and sassafras. The bottling comes from the father-son team of Tondré and Joe Alarid, who planted their vineyard in 1997 and combined have nearly a century's worth of farming experience in the Salinas Valley. Homemade cranberry sauce wins the palate, and the wine has more tannins than most Pinot Noirs of similar age. Enjoy now or cellar until 2016 for even more emerging flavors.",0.43652419118256935,0.6111111111111107,0.15214676137413852,0.44583262234106225,0.6346153846153847,0.0,0.4410894660087499,0.0,0.0,0.0,0.0,0.28107776458885214,0.0,0.0,0.48934526262634664,0.0,0.0,0.4836105974534902,0.4167950293204322,0.28174328872124005,8,"['sweet', 'earthy', 'homemade', 'cranberry', 'more', 'most', 'similar', 'cellar']",0.3277777777777777,0.4166666666666667
US,"The nose is volatile and pruney, the color dark, almost Port-like. The wine is very soft and flat. The fruit seems waxy and dead, lightly pruney but also a bit green; it tastes as though half the grapes were underripe and half were raisined.",0.3851792266937255,0.22222222222222143,0.17782075994824537,0.37784105216734076,0.4903846153846154,0.0,0.0,0.0,0.0,0.0,0.0,0.0,0.7737919117738018,0.0,0.0,0.0,0.0,0.0,0.0,0.6334398766050691,8,"['volatile', 'pruney', 'like', 'soft', 'flat', 'waxy', 'dead', 'green']",-0.04729166666666666,0.3391666666666666
US,"On the sharp and lean side, showing sour red cherry candy, wintergreen and green peppercorn flavors, fattened with sweet oak. Dry and elegant, but not very rich. Drink up.",0.5139458999393303,0.33333333333333304,0.09791698887577001,0.5086206556714696,0.6346153846153847,0.0,0.0,0.0,0.3825008727184926,0.4161040901054218,0.0,0.26305340009378014,0.0,0.43657524415865734,0.0,0.4646610710864684,0.0,0.4525986328645027,0.0,0.0,8,"['sharp', 'lean', 'sour', 'red', 'green', 'sweet', 'elegant', 'rich']",0.02051282051282051,0.4971153846153846
US,"A massive wine that could only have been grown under the California sun. Shows enormously ripe flavors of red and black currants, cola, red plums and spices, enriched with significant oak. Not particularly nuanced or elegant now due to the obvious power. Could age out, but the future is uncertain.",0.47847608181083434,0.3888888888888884,0.11822040611549733,0.4766407904030361,0.6346153846153847,0.0,0.0,0.5234267144465046,0.0,0.0,0.0,0.3098455107284691,0.0,0.5142335337597628,0.0,0.0,0.5187722992560916,0.0,0.0,0.3105791499226027,10,"['massive', 'ripe', 'red', 'black', 'red', 'significant', 'nuanced', 'elegant', 'obvious', 'uncertain']",0.041666666666666664,0.5451388888888888
US,"A blend of Cabernet Sauvignon, Cabernet Franc and Merlot, this wine's fruit is sourced entirely from the Conner Lee Vineyard. The superjuicy black-cherry flavor is balanced by generous acidity. Vibrant and full, long and fresh, this could age gracefully for a decade or more.",0.3703290190294001,0.6666666666666661,0.21021890100604684,0.3837686149853847,0.4807692307692308,0.484287136366293,0.0,0.5406917074419424,0.4654012480149263,0.0,0.0,0.0,0.3919087028141106,0.0,0.0,0.0,0.0,0.0,0.0,0.3208234624499314,7,"['black', 'generous', 'vibrant', 'full', 'long', 'fresh', 'more']",0.2111111111111111,0.4847222222222222
US,"Tastes sweet, with cherry and blackberry jelly flavors, but racy and clean in acidity, like a simple, by-the-glass wine at a fast food restaurant.",0.06619517215316933,0.11111111111111072,0.7371471574555729,0.0617078824575521,0.4903846153846154,0.49433447402964686,0.0,0.0,0.47505676668683977,0.0,0.0,0.326705915273822,0.0,0.0,0.0,0.0,0.0,0.5621164772968626,0.0,0.3274794758261007,5,"['sweet', 'jelly', 'clean', 'simple', 'fast']",0.22916666666666669,0.5767857142857143
US,"Rounded aromas of melon and salty peaches rise to the nose on this wine from the Monterey County appellation just south of the Santa Lucia Highlands. The palate is driven by citrus, grass and a rather extreme sense of sea salt, enhanced with mouth-watering acidity and a nectarine flesh finish. It's tasty though varietally uncommon.",0.3283771284011352,0.44444444444444375,0.24347284201631858,0.33291752373343897,0.7980769230769231,0.4553137724037711,0.4722229410504196,0.0,0.0,0.0,0.45195041120400814,0.0,0.0,0.0,0.5238847828252591,0.0,0.0,0.0,0.0,0.3016296118450543,5,"['rounded', 'salty', 'extreme', 'tasty', 'uncommon']",0.4583333333333333,0.9833333333333334
US,"A pear, apple-orange and earth bouquet sets the stage for a palate chockful of pineapple, pear and lemon flavor. Toast notes offset and vibrant acidity uplifts the fruit nicely. The finish is long and tart-sweet with complex leesy, earthy notes. Medium-bodied and restrained, this complex wine shows depth. Give it six months to a year to unfold.",0.41858536859646944,0.4999999999999991,0.1617125562096648,0.42336481244974977,0.14423076923076925,0.4190029633955795,0.0,0.0,0.0,0.0,0.41590782682145305,0.0,0.339077575117395,0.0,0.4821055056664811,0.0,0.0,0.47645568362028506,0.0,0.27757495791025494,10,"['chockful', 'vibrant', 'long', 'tart', 'sweet', 'complex', 'earthy', 'medium', 'bodied', 'complex']",0.023333333333333317,0.5066666666666666
US,"A soft, medicinal and uninteresting wine, marked by harshness and green flavors that barely suggest cherries.",0.15949202727027811,0.0,0.47429431491114576,0.14701794472160756,1.0,0.0,0.0,0.0,0.0,0.0,0.0,0.7062701484232128,0.0,0.0,0.0,0.0,0.0,0.0,0.0,0.7079424252340392,4,"['soft', 'medicinal', 'harshness', 'green']",0.0125,0.3375
US,"This is sort of a second wine from Reverie. It's rustic and sharp, with tart, jellied blackberry and cherry flavors. Not going anywhere.",0.43652419118256935,0.16666666666666607,0.13747590504607748,0.42519607759956957,0.06730769230769232,0.0,0.0,0.0,0.7164531140995243,0.0,0.0,0.4927189481482854,0.0,0.0,0.0,0.0,0.0,0.0,0.0,0.49388558739119076,5,"['second', 'rustic', 'sharp', 'tart', 'jellied']",-0.0625,0.375
US,"A nice, slightly sweet white wine, with tropical fruit, buttered toast, white flower and vanilla flavors. Easy to drink as a cocktail sipper.",0.2989628796719753,0.33333333333333304,0.2720143261454555,0.29910020687941485,0.44230769230769235,0.0,0.0,0.0,0.0,0.0,0.0,0.39331166612311075,0.48159581371178267,0.0,0.0,0.0,0.0,0.6767155349960016,0.0,0.3942429329763872,6,"['nice', 'sweet', 'white', 'tropical', 'white', 'easy']",0.27666666666666667,0.4966666666666667
US,"Soft and semisweet, with the honeyed, lemon-and-lime Gatorade taste, this everyday white is simple and clean.",0.265229661158644,0.16666666666666607,0.30570815886061964,0.25827133400872615,0.7980769230769231,0.0,0.0,0.0,0.0,0.0,0.0,0.0,0.0,0.0,0.0,0.0,0.0,0.0,0.0,0.0,6,"['soft', 'honeyed', 'everyday', 'white', 'simple', 'clean']",0.053333333333333344,0.4014285714285714
Italy,"A sophisticated blend of Merlot, Cabernet and Sangioveto from the newly inaugurated Frassinello winery designed by architect Renzo Piano. It has deeply etched oak tones over blueberry and forest berry. The close is fresh and crisp with very good length.",0.4636258741465087,0.5555555555555554,0.13197433392305458,0.4697697086346708,0.6923076923076923,0.0,0.0,0.0,0.0,0.0,0.0,0.0,0.0,1.0,0.0,0.0,0.0,0.0,0.0,0.0,4,"['sophisticated', 'fresh', 'crisp', 'good']",0.34939393939393937,0.5918686868686869
Italy,"Ripe fruit notes of black cherry and raspberry are followed by chocolate and delicate spice. This 80-20 blend of Sangiovese and Merlot from Maremma, Tuscany is sharp and well-focused in the mouth with lingering tones of ripe fruit and a crisp berry finale.",0.3283771284011352,0.44444444444444375,0.24347284201631858,0.33291752373343897,0.6923076923076923,0.0,0.0,0.358711606104653,0.3087615860586694,0.0,0.0,0.0,0.5200087158648943,0.0,0.0,0.0,0.7110437413021078,0.0,0.0,0.0,8,"['ripe', 'black', 'delicate', 'sangiovese', 'sharp', 'focused', 'ripe', 'crisp']",-0.08541666666666667,0.625
US,"With each bump up in price, the winemaker ups the percentage of new oak; here it's 25%. Half the fruit is estate grown, and this light, clean, well-balanced wine drinks like a village Burgundy, with the right hint of herb around the tart red fruit.",0.2527888823873867,0.44444444444444375,0.34388670310615865,0.25926425446985957,0.6346153846153847,0.0,0.0,0.0,0.0,0.0,0.0,0.0,0.7840268237820371,0.5313372171367587,0.0,0.0,0.0,0.0,0.0,0.3209091791700816,6,"['new', 'light', 'clean', 'right', 'tart', 'red']",0.17034632034632036,0.4261544011544012
Italy,"Ripassá is a wine that has been refermented on the skins to produce extra richness and intensity of aromas. This distinctive wine offers tones of blackberry jam, currant, clove and curry powder. It's a luscious and slightly sweet tasting wine with chewy tannins.",0.2527888823873867,0.44444444444444375,0.34388670310615865,0.25926425446985957,0.6923076923076923,0.0,0.3844187702316036,0.0,0.0,0.0,0.0,0.0,0.0,0.0,0.0,0.0,0.0,0.42147683286626914,0.3632456563966716,0.7366356504810175,5,"['extra', 'distinctive', 'luscious', 'sweet', 'chewy']",0.15,0.25
US,"Very ripe and aromatic, throwing out cascades of inviting scents. New toasty oak dominates, with undercurrents of blackberry jam, blueberry, mocha and anise. In the mouth, huge, lush, powerful, an explosively fruity young wine, yet maintains balance and elegance. Really good. Best now–2015.",0.6355586801880441,0.7777777777777777,0.057847901949693484,0.6471160668125238,0.11538461538461539,0.0,0.0,0.0,0.0,0.0,0.0,0.0,0.0,0.647862951487373,0.0,0.0,0.6535811666902236,0.0,0.0,0.39128666555086694,10,"['ripe', 'aromatic', 'new', 'huge', 'lush', 'powerful', 'explosively', 'young', 'good', 'best']",0.36704545454545456,0.5318181818181819
US,"Rich and toasty, this has aromas barrel-dominated aromas and flavors of vanilla and sweet, buttery oak. The underlying wine is strong in cherry and balsam flavors, which are girded by considerable tannins. Pair this with game meats, stews or barbecue to wrestle the structural elements into submission.",0.43652419118256935,0.44444444444444375,0.14664519025111564,0.4383146196333072,0.6442307692307693,0.0,0.5930954336302483,0.0,0.27477859600192794,0.0,0.0,0.377941328277695,0.0,0.3136242063620134,0.0,0.3338003278854192,0.0,0.32513498860021683,0.28021438698881795,0.1894181009451055,5,"['rich', 'sweet', 'strong', 'considerable', 'structural']",0.17166666666666666,0.5966666666666667
US,"A feminine wine, soft, gentle and delicious in flavor. Feels light and silky in the mouth, with rich notes of cherries, raspberries, cotton candy, buttered cinnamon toast and sandalwood. Almost sweet, but it finishes nice and dry. Drink now–2013.",0.47847608181083434,0.44444444444444375,0.11974862031633704,0.4792039649879165,0.6346153846153847,0.0,0.0,0.0,0.0,0.5108655931796183,0.0,0.0,0.0,0.0,0.0,0.5704807026720751,0.0,0.5556712239767425,0.0,0.3237245811306287,9,"['feminine', 'soft', 'gentle', 'delicious', 'rich', 'cinnamon', 'sweet', 'nice', 'dry']",0.36979166666666674,0.73125
US,"Quilceda's single-vineyard Bordeaux-style blend is 76% Cabernet Sauvignon, 14% Cabernet Franc, 7% Merlot and 3% Petit Verdot, from a vineyard just across the road from Champoux. Dusty and fragrant, it suggests soft leather, toast, caramel and coconut, hiding its fruit at first in a wash of luxurious barrel flavors. That fruit emerges with some hours of decanting, a tart and racy mix of berry and sweet tomato.",0.6099658443146826,0.7222222222222214,0.06552398467242512,0.6197689569940812,0.6923076923076923,0.0,0.0,0.0,0.0,0.0,0.0,0.31690087875814177,0.7760671737803737,0.0,0.0,0.0,0.0,0.5452463432457486,0.0,0.0,5,"['single', 'fragrant', 'soft', 'luxurious', 'sweet']",0.07499999999999998,0.4833333333333333
US,"The Cabernet Sauvignon is from vines planted in 1972—fruit that once went into Leonetti Cab. The other half is evenly split between Merlot and Cab Franc, crafting a flavor mix of herb and earth, with moderate density. It's nicely spiced, with brambly red fruits, and some butterscotch coming into the finish.",0.4636258741465087,0.4999999999999991,0.13034423877549225,0.46726383844766217,0.6923076923076923,0.0,0.0,0.0,0.0,0.0,0.7750618275770703,0.0,0.6318854037188165,0.0,0.0,0.0,0.0,0.0,0.0,0.0,3,"['other', 'moderate', 'red']",0.06166666666666667,0.44833333333333336
US,"Some Cabs go into a dip at the age of five, and this may be one of them. It's a little awkward in structure, with a sharpness of feeling, and the oak isn't integrated with the ripe blackberry fruit. Could emerge and be fine in a couple more years.",0.44775072778616076,0.33333333333333304,0.1354673949535453,0.44410082311922716,0.11538461538461539,0.0,0.0,0.0,0.0,0.0,0.0,0.0,0.4609311910024721,0.624748768511194,0.0,0.0,0.6302629716275493,0.0,0.0,0.0,5,"['little', 'awkward', 'ripe', 'fine', 'more']",0.03229166666666668,0.625
US,"Showing the rich, exotic side of Viognier, this has ripe, flamboyant flavors of tropical fruit, white flower and spice. It has a controlled dryness and citrusy acidity; this is a lovely, versatile white.",0.31898405454055623,0.3888888888888884,0.2511750415885506,0.32120165943625256,0.9615384615384616,0.46230031773242936,0.0,0.0,0.0,0.0,0.0,0.3055345244383946,0.3741158999028864,0.0,0.0,0.5397003016453161,0.5115544432848836,0.0,0.0,0.0,8,"['rich', 'exotic', 'ripe', 'flamboyant', 'tropical', 'white', 'lovely', 'white']",0.275,0.5
US,"A meaty Shiraz that pulls no punches, proudly displaying its black raspberry and earthy, salumi-infused flavors around a rich, dense texture full of leather and a touch of smoke. The Temecula Valley is continuing to make strides and this is a jumbo-jet-sized example that finishes a teensy bit sweet. The Shiraz is blended with 11% Cinsault.",0.5139458999393303,0.44444444444444375,0.10053678464863804,0.5137768067985968,0.8076923076923077,0.0,0.0,0.5359713285556117,0.0,0.0,0.0,0.31727136855775095,0.0,0.0,0.0,0.5604324212747557,0.0,0.5458837924356605,0.0,0.0,8,"['black', 'earthy', 'rich', 'dense', 'full', 'jumbo', 'sized', 'sweet']",0.3416666666666667,0.6766666666666666
Spain,"Aromas of black fruits, light oak and violets are good but basic, and that pretty much defines the rest of the wine. Expect an easy flowing palate with candied, regular berry flavors in front of a light to medium finish. Nicely done and approachable.",0.21083699175912196,0.3888888888888884,0.4107206041562145,0.2158307619714921,0.5,0.0,0.40038022057559125,0.431005781001118,0.0,0.0,0.38319189856506686,0.25513639761858725,0.0,0.4234358310684642,0.444182369533329,0.0,0.0,0.0,0.0,0.25574049887118566,7,"['black', 'light', 'good', 'basic', 'easy', 'regular', 'approachable']",0.2816666666666667,0.5668589743589745
US,"Good color, but the very light cranberry fruit flavors have a strong mint streak running down the core of this wine. It's hard to find varietal character here; it's thin, herbal and a bit hard-edged.",0.3283771284011352,0.22222222222222143,0.2317361569538697,0.32248660081149216,0.7692307692307693,0.0,0.0,0.0,0.0,0.0,0.0,0.5342133248610771,0.6541247642565923,0.0,0.0,0.0,0.0,0.0,0.0,0.5354782127473825,9,"['good', 'light', 'cranberry', 'strong', 'hard', 'varietal', 'thin', 'herbal', 'edged']",0.1343518518518518,0.6539814814814814
Italy,"Truckloads of fresh banana emerge from the nose, and are backed by vanilla bean, chalky minerality and some vitamin-like aromas. Somewhat dilute on the palate, but those banana notes put in another strong appearance. Imported by Vias Imports.",0.15949202727027811,0.2777777777777777,0.5048585989279396,0.16060405769884278,0.6153846153846154,0.0,0.6695337343355647,0.0,0.0,0.0,0.0,0.0,0.0,0.0,0.7427816493335533,0.0,0.0,0.0,0.0,0.0,4,"['fresh', 'chalky', 'like', 'strong']",0.36666666666666664,0.6166666666666667
US,"The sulfur in my bottle was slow to blow off, and when it did, it revealed a toughly tannic, herbal wine. The tastes range from sage and tobacco to candied Life Saver blackberry and cherry to shriveled currants. Those pesky tannins turn up when you swallow, leaving behind a hard astringency.",0.3703290190294001,0.16666666666666607,0.18821261651395527,0.3606832372322275,0.11538461538461539,0.0,0.0,0.0,0.630546978273962,0.0,0.0,0.0,0.0,0.0,0.0,0.0,0.0,0.0,0.6430207358052374,0.43466635654725655,8,"['slow', 'tannic', 'herbal', 'candied', 'saver', 'shriveled', 'pesky', 'hard']",-0.34513888888888894,0.61875
US,"Enticing spicy, toasty aromas and robust, dry fruit flavors are matched by very firm, fine-grained tannins in this full-bodied wine. Based on 65% Zinfandel, it has lots to offer, but at this stage an oaky sensation and the astringent mouthfeel indicate that it needs to mellow. Best to drink after 2018.",0.43652419118256935,0.4999999999999991,0.14847904729212327,0.4408487187080603,0.6923076923076923,0.0,0.48046864965402686,0.0,0.0,0.4843094299676169,0.0,0.3061715692777376,0.37489593811227495,0.0,0.0,0.0,0.0,0.0,0.4540052763720413,0.30689650946752267,7,"['toasty', 'robust', 'dry', 'firm', 'full', 'bodied', 'astringent']",0.14333333333333334,0.505
US,"Broad across the palate, this brings flavors of orange soda and orange candy, with a grainy impression. It's fruit forward, with a quick fade.",0.2989628796719753,0.2777777777777777,0.2686800406163507,0.2964778432382851,0.9615384615384616,0.0,0.0,0.0,0.0,0.0,0.0,0.42523348009578615,0.5206829125686844,0.0,0.7403146574022552,0.0,0.0,0.0,0.0,0.0,3,"['broad', 'grainy', 'quick']",0.19791666666666666,0.40625
US,This attractively priced wine has nice acidity and subtle flavors of pear and lemon. A pronounced swaddling in oak reveals itself on the nose and mid-palate. Enjoy it with food on the richer side.,0.21083699175912196,0.33333333333333304,0.4058303187135275,0.21323933459667743,0.14423076923076925,0.47658853386754463,0.0,0.0,0.0,0.0,0.0,0.31497761403722574,0.0,0.5227510030426883,0.5483635587038511,0.0,0.0,0.0,0.0,0.3157234048101471,4,"['nice', 'subtle', 'pronounced', 'richer']",0.3666666666666667,0.75
US,"Young and appealing now for its vibrant, upfront cherry and oak flavors, this supple Cab has a lush, fine array of dusty tannins, as well as fine acidity. It's beautifully balanced, a tremendously fruity wine that's has a classic structure and elegance.",0.5298210462996781,0.6111111111111107,0.0965197644635737,0.5367695589430861,0.11538461538461539,0.4488908564439847,0.0,0.0,0.43138532726482776,0.0,0.0,0.29667220438238434,0.0,0.4923705225522725,0.0,0.0,0.0,0.0,0.43991918145850123,0.29737465237471844,9,"['young', 'vibrant', 'upfront', 'supple', 'lush', 'fine', 'dusty', 'fine', 'classic']",0.265,0.53
US,"Ripe in blackberry, cherry and coffee flavors, with a sharp, angular mouthfeel due to acids and green tannins, this is a wine you might call rustic.",0.39912885255556074,0.22222222222222143,0.16649399587143351,0.39143598951187974,0.11538461538461539,0.0,0.0,0.0,0.4814630248252569,0.0,0.0,0.33111162544439543,0.0,0.0,0.0,0.0,0.5543780151545961,0.0,0.49098753804770445,0.33189561765228054,4,"['ripe', 'sharp', 'angular', 'green']",-0.15,0.47500000000000003
France,"This is a bright-fruited wine with lively acidity and apple flavors. It has a creamy texture, a touch of spice and a lemon zest aftertaste. Drink now.",0.2989628796719753,0.33333333333333304,0.2720143261454555,0.29910020687941485,0.14423076923076925,0.7301702128185195,0.0,0.0,0.0,0.0,0.0,0.48256987974148274,0.0,0.0,0.0,0.0,0.0,0.0,0.0,0.4837124884462348,3,"['lively', 'creamy', 'zest']",0.13636363636363635,0.5
US,"Here you have more of the stiffer qualities of herb, leaf, earth and stem. Good concentration and length, with a full midpalate. The blend includes 8% Cabernet Franc.",0.3283771284011352,0.4999999999999991,0.24640701328193076,0.3354511934847859,0.11538461538461539,0.0,0.0,0.0,0.0,0.0,0.0,0.0,0.0,0.0,0.0,0.0,0.0,0.0,0.0,0.0,4,"['more', 'stiffer', 'good', 'full']",0.5166666666666666,0.55
Italy,"This creamy Tuscan Chardonnay shares many characteristics with its distant cousin in California. It shows a decidedly New World style, with aromas of vanilla cream, dried apricot, honey, peach cobbler and crème brûlée. The finish is marked with a spicy toasted-oak intensity.",0.6893130735699561,0.6666666666666661,0.04150405323334477,0.6946933303812537,0.14423076923076925,0.0,0.5740619388766708,0.0,0.0,0.0,0.5494174610720153,0.0,0.0,0.6071188877002082,0.0,0.0,0.0,0.0,0.0,0.0,7,"['creamy', 'many', 'distant', 'new', 'crème', 'spicy', 'toasted']",0.08727272727272728,0.5009090909090909
US,"A rich, ripe and complex Cabernet, with classic Napa tannic structure. Not quite up there with the winery's higher-priced Dollarhide or Elu bottlings, but showing similar elegance and taste. Brims with blueberry, mocha and cedar flavors that should develop over the next four years.",0.4057988371578959,0.5555555555555554,0.1738910662889433,0.41340848202466085,0.11538461538461539,0.0,0.0,0.0,0.0,0.0,0.0,0.3800475482286961,0.0,0.0,0.0,0.671321111077734,0.6363111085834616,0.0,0.0,0.0,7,"['rich', 'ripe', 'complex', 'classic', 'tannic', 'similar', 'next']",0.04833333333333333,0.3433333333333334
US,"Lead pencil and hints of gravel come from Red Mountain fruit, with some of the welcome funk and grit in place from the Boushey Vineyard. Lovely aromas suggest violets and white pepper and hints of smoky chocolate. Smooth, tart, tasting of cherry and berry.",0.39912885255556074,0.4999999999999991,0.17728139023030193,0.40440216949053975,0.8365384615384616,0.0,0.6366205265393959,0.0,0.5898871734613934,0.0,0.0,0.0,0.49673677916420733,0.0,0.0,0.0,0.0,0.0,0.0,0.0,5,"['lead', 'lovely', 'white', 'smoky', 'smooth']",0.34,0.43
France,"An interesting Chard that offers quite sweet notes of stewed peaches, orange marmalade and overripe honeydew. Big and a bit clumsy in the mouth, more vibrancy and freshness is needed to keep things in better balance. However, if you like 'em sweeter, this one's for you.",0.15949202727027811,0.22222222222222143,0.49874574212458084,0.15795186442067854,0.14423076923076925,0.0,0.0,0.0,0.0,0.0,0.0,0.0,0.0,0.0,0.0,0.0,0.0,1.0,0.0,0.0,8,"['interesting', 'sweet', 'orange', 'big', 'clumsy', 'more', 'better', 'sweeter']",0.2357142857142857,0.37857142857142856
US,"Basic Chard, if thin, with just enough peaches and cream, vanilla and toast flavors to satisfy.",0.03546981812849592,0.16666666666666607,0.855037967234635,0.03451619545490359,0.14423076923076925,0.0,0.0,0.0,0.0,0.0,0.0,1.0,0.0,0.0,0.0,0.0,0.0,0.0,0.0,0.0,2,"['thin', 'enough']",-0.13333333333333333,0.4916666666666667
US,"A pretty good, everyday Chardonnay that gives consumers the buttered toast and vanilla notes that come from oak, on top of a friendly, pineapple-flavored Chardonnay. A little one-dimensional, but will satisfy lots of wine drinkers.",0.2527888823873867,0.2777777777777777,0.33166098949944106,0.2514882823235025,0.14423076923076925,0.0,0.0,0.0,0.0,0.0,0.0,0.0,0.0,0.8559918686806711,0.0,0.0,0.0,0.0,0.0,0.516989284949478,6,"['good', 'everyday', 'buttered', 'friendly', 'little', 'dimensional']",0.23958333333333334,0.6166666666666667
Italy,"This bright Sauvignon offers an aromatic medley of stone fruit, papaya, dried hay and fragrant yellow rose. The wine has good structure and a polished, clean finish that would work with fried finger foods or mozzarella bites.",0.265229661158644,0.3888888888888884,0.3211511655217365,0.26882339298866675,0.7884615384615385,0.0,0.0,0.0,0.0,0.0,0.6884147979808996,0.0,0.5612445963285593,0.0,0.0,0.0,0.0,0.0,0.0,0.45944484871735125,7,"['bright', 'aromatic', 'fragrant', 'good', 'polished', 'clean', 'fried']",0.3238095238095238,0.5214285714285715
Italy,"Musella is a producer of very good reputation in the non-Classico zone, with some of Valpolicella's most beautiful vineyards. This plump ripasso offers density, with loads of sweet berry flavors to boot. Pair it with polenta and gorgonzola cheese. Imported by Vintners Estate Direct Importing.",0.19496184539877393,0.3888888888888884,0.44111023512148384,0.20036594717311207,0.19230769230769232,0.0,0.0,0.0,0.0,0.0,0.0,0.5024986150125038,0.0,0.0,0.0,0.0,0.0,0.8645780137792747,0.0,0.0,7,"['good', 'non', '-', 'classico', 'beautiful', 'plump', 'sweet']",0.4683333333333333,0.555
US,"This wine gives a clear, clean shot of pure raspberry fruit, lightly dusted with coffee and cocoa. A whiff of smoke drifts across the finish as the wine quickly thins out.",0.4247216884289221,0.4999999999999991,0.15706921974736954,0.4293454744137033,0.42307692307692313,0.0,0.0,0.0,0.0,0.0,0.5386682479872199,0.0,0.43916058208409936,0.0,0.0,0.0,0.0,0.0,0.0,0.7190093891973415,3,"['clear', 'clean', 'pure']",0.28285714285714286,0.5566666666666666
US,"Though labeled Cabernet, it's a full-on, four-grape Bordeaux-style blend. It sports a classic Cabernet nose, dusty, smoky, with cherry tobacco, forest floor and a whiff of barnyard. The fruit remains tart and showing a fair amount of acidity; the tannins stiff and the mouthfeel tight but sensual. Give this one until 2017 to pull itself together.",0.6231179014167868,0.6666666666666661,0.060250147430311665,0.6301647474553473,0.11538461538461539,0.5315813786801917,0.0,0.0,0.5108511428065996,0.0,0.0,0.0,0.4301815037290562,0.0,0.0,0.0,0.0,0.0,0.5209570246988381,0.0,9,"['full', 'classic', 'dusty', 'smoky', 'tart', 'fair', 'stiff', 'tight', 'sensual']",0.014761904761904737,0.4904761904761904
Italy,"Dark berry, tilled earth and gamey aromas lift out of the glass. The firm palate offers black cherry, chocolate, peppermint and oak alongside tightly packed tannins that leave an astringent finish. Drink after 2018.",0.4878691556714132,0.4999999999999991,0.11583639196218742,0.4908936297649362,0.5384615384615385,0.0,0.37331313879400546,0.4018683058633047,0.3459087840856312,0.0,0.3572868065463077,0.0,0.0,0.39481011061627214,0.41415411163184435,0.0,0.0,0.0,0.35275170372412284,0.0,5,"['dark', 'tilled', 'gamey', 'black', 'astringent']",-0.11904761904761904,0.3038095238095238
US,"A bit earthy and dry, with rich blackberry, tobacco and cedar flavors and a cherry-chocolate edge. Nice, firm tannins round out the finish. Drink now.",0.3625283276957145,0.2777777777777777,0.20026969958816634,0.35842047107227915,0.4903846153846154,0.0,0.0,0.0,0.40035451255895355,0.4355261962775883,0.41352342542183507,0.27533170061295165,0.0,0.0,0.0,0.48634962659772896,0.0,0.0,0.40827450153405354,0.0,5,"['earthy', 'dry', 'rich', 'nice', 'firm']",0.10166666666666666,0.63
US,"Very lush and ripe in blackberry, cherry, currant and cassis flavors, with an oaky overlay, and there's a minerality toward the end that smacks of the soil. With an acidic jamminess and fierce tannins, the wine feels austere and remote. Give it 6 or 7 years in the cellar to come around.",0.5811660107885219,0.6111111111111107,0.07426896569934778,0.5868188537370826,0.11538461538461539,0.0,0.0,0.0,0.4814630248252569,0.0,0.0,0.33111162544439543,0.0,0.0,0.0,0.0,0.5543780151545961,0.0,0.49098753804770445,0.33189561765228054,8,"['lush', 'ripe', 'oaky', 'acidic', 'jamminess', 'fierce', 'austere', 'remote']",0.015,0.29500000000000004
Italy,"Sengia Rossa is a blend of Corvina, Rondinella, Merlot and other varieties that shows plush, rich concentration and a soft, velvety feel. Aromas here include black cherry, cassis, leather, tobacco and a touch of licorice.",0.27703216391229124,0.44444444444444375,0.3080246098597872,0.28288549199668633,0.6923076923076923,0.0,0.4831184154831533,0.5200727190818513,0.44765342095652433,0.0,0.0,0.0,0.0,0.0,0.0,0.543808218210959,0.0,0.0,0.0,0.0,5,"['other', 'plush', 'rich', 'soft', 'black']",0.04583333333333333,0.47708333333333336
US,"It's easy to like this soft, smooth wine, with its cherry jam, blackberry liqueur, milk chocolate, sweet licorice, pepper and sandalwood flavors. It feels extravagant and seductive in the mouth, making you want another sip. The blend is Grenache, Syrah and Mourvèdre.",0.43652419118256935,0.44444444444444375,0.14664519025111564,0.4383146196333072,0.701923076923077,0.0,0.0,0.0,0.5464996995512307,0.0,0.0,0.37583863036825504,0.0,0.0,0.0,0.0,0.0,0.6466521634835218,0.0,0.37672852530092454,6,"['easy', 'soft', 'smooth', 'sweet', 'extravagant', 'seductive']",0.3208333333333333,0.5833333333333334
US,"Estimating the ageability of a Pinot Noir can be tricky. This one, with hefty tannins, brisk acidity and loads of fresh primary fruit, seems to be ageworthy. Give it 5-6 years to let the structural elements begin to resolve and for the flavors of blackberry jam, Chinese tea, mushroom and spice to develop secondary characteristics.",0.44775072778616076,0.7777777777777777,0.1494396390755082,0.46404901588643077,0.6346153846153847,0.5724013423421265,0.0,0.0,0.0,0.0,0.0,0.3783003498207032,0.46321500349884576,0.0,0.0,0.0,0.0,0.0,0.5609611476243515,0.0,9,"['tricky', 'hefty', 'brisk', 'fresh', 'primary', 'ageworthy', 'structural', 'chinese', 'secondary']",0.09999999999999999,0.325
US,"So good, it makes you want to shout. Possesses the beautifully ripe flavors that are expected of a great vintage, such as blackcurrant, cherry, white chocolate and cassis, with extra edges of smoky caramel and vanilla. The tannins are perfect, soft and easy, but as rich and complex as a Renoir. Differentiates itself from Napa with its softness and accessibility, but as great as anything from across the Mayacamas.",0.4878691556714132,0.8888888888888884,0.12610599139183015,0.5078742919633419,0.08653846153846154,0.0,0.0,0.0,0.43378040696306663,0.0,0.0,0.2983193479657168,0.0,0.0,0.0,0.5269553166853151,0.4994741208058864,0.0,0.4423616416762784,0.0,13,"['good', 'ripe', 'great', 'such', 'white', 'extra', 'smoky', 'perfect', 'soft', 'easy', 'rich', 'complex', 'great']",0.35833333333333334,0.5717948717948718
US,"Young, tart and compact, this is still in the primary fruit phase of its development. Clean, impactful and nicely structured, its flavors run from cranberry to raspberry to light cherry, all running deep enough to suggest tucking it away in the cellar for a few more years.",0.5097998714310973,0.5555555555555554,0.10530004969021631,0.5147758433023901,0.6346153846153847,0.0,0.0,0.0,0.676964094041012,0.0,0.0,0.4655615696070653,0.5700631897292069,0.0,0.0,0.0,0.0,0.0,0.0,0.0,10,"['young', 'tart', 'compact', 'primary', 'clean', 'impactful', 'cranberry', 'light', 'few', 'more']",0.24074074074074078,0.5333333333333332
Italy,"A slightly copperish hue suggests this wine has been made according to Pinot Grigio tradition (in which the wine sees longer contact with the skins). You'll get aromas of peach, nectarine, and honeysuckle followed by a crisp-clean mouthfeel.",0.2527888823873867,0.33333333333333304,0.3357362273683469,0.25411033635148494,0.6153846153846154,0.0,0.6163948965171937,0.0,0.0,0.0,0.0,0.0,0.0,0.0,0.0,0.0,0.0,0.0,0.0,0.7874371921287171,4,"['copperish', 'longer', 'crisp', 'clean']",-0.16666666666666666,0.16666666666666666
US,"As rich as it is, this is a somewhat generic Cabernet. It's ripe and fruity and oaky, with appealing blackberry, currant and smoky wood flavors, wrapped into firm tannins. With a sweet finish, it's flashy, if not particularly complex or ageworthy.",0.5298210462996781,0.4999999999999991,0.0940746217422302,0.5317851938850051,0.11538461538461539,0.0,0.0,0.0,0.0,0.0,0.39663784572526717,0.2640889629882355,0.0,0.0,0.0,0.46649030333947666,0.44216241253733884,0.4543803788906275,0.3916032534017445,0.0,10,"['rich', 'generic', 'ripe', 'currant', 'smoky', 'firm', 'sweet', 'flashy', 'complex', 'ageworthy']",0.09642857142857142,0.45714285714285713
US,"A lovely, complex and flavorful Cab, but also tannic, giving it a lockdown feeling. There's a rich core of blackberries, black currants, spices and herbs, while new oak gives it a savory smokiness. Better after 2010, and should glide through 2014.",0.44775072778616076,0.6666666666666661,0.14594657804501748,0.45922579099243266,0.11538461538461539,0.0,0.0,0.5717981812136919,0.0,0.0,0.0,0.0,0.0,0.5617554305264129,0.0,0.5978943687933503,0.0,0.0,0.0,0.0,8,"['lovely', 'complex', 'flavorful', 'tannic', 'rich', 'black', 'new', 'savory']",0.1741161616161616,0.5479797979797979
US,"I've found variability in Especial, despite its high price. It shows an artisinal, vintage-driven nature that can be beguiling or rough. The '04 is a bit of both. It's not a smooth, seductive Zin. The tannins are too feral. But it is interesting, with complex blackberry, blueberry, cherry and Asian spice flavors. Try aging, but not too long. You don't want to lose that fresh fruit.",0.41228090965766484,0.44444444444444375,0.16457623687430137,0.41468630738850565,1.0,0.0,0.0,0.0,0.5571029353833025,0.0,0.0,0.38313068494005065,0.4691295729679715,0.0,0.0,0.0,0.0,0.0,0.5681237905699462,0.0,11,"['high', 'artisinal', 'rough', 'smooth', 'seductive', 'feral', 'interesting', 'complex', 'asian', 'long', 'fresh']",0.03875,0.40499999999999997
US,"The current downturn in demand for both grapes and expensive wines only helps A to Z; there is more good fruit to purchase, and plenty of demand at a $12 price point. This new Pinot Gris is fresh and racy, with a mineral-driven acidity underlying the clean fruit, tasting of pears and pear skin.",0.15949202727027811,0.44444444444444375,0.523197169338016,0.16837753464831673,0.625,0.5256222076220415,0.0,0.0,0.0,0.0,0.0,0.0,0.8507181053995098,0.0,0.0,0.0,0.0,0.0,0.0,0.0,7,"['current', 'expensive', 'good', 'new', 'fresh', 'racy', 'clean']",0.18787878787878787,0.6068181818181818
US,"Huge, ripe flavors of blackberry and plum jam, mocha, black currants, anise and cedar mark this wine, grown in the rugged hills of southern Monterey County. It's quite tannic and dry, but doesn't seem to be an ager, so drink up.",0.3625283276957145,0.44444444444444375,0.20785807355095653,0.3661983371955251,0.11538461538461539,0.0,0.0,0.5298822700889726,0.0,0.49616574466852514,0.0,0.31366691471850366,0.0,0.0,0.0,0.0,0.5251704508046997,0.0,0.0,0.3144096020725965,7,"['huge', 'ripe', 'black', 'rugged', 'southern', 'tannic', 'dry']",0.04166666666666669,0.4833333333333334
US,"Fresh fruit flavors suggest a bowl full of berries and cherries. Crisp acids help to focus the wine, with spot-on varietal flavors and balance. Both elegant and complex, it's a lovely bottle from an under-the-radar producer.",0.43652419118256935,0.5555555555555554,0.15031290433313088,0.44335451114142166,0.6346153846153847,0.0,0.0,0.0,0.0,0.0,0.0,0.7842201312235115,0.4801244976388916,0.0,0.0,0.0,0.0,0.0,0.0,0.3930384873657802,7,"['fresh', 'full', 'crisp', 'varietal', 'elegant', 'complex', 'lovely']",0.26666666666666666,0.6027777777777777
US,"Riper than you usually get from this Salinas Valley appellation, and more pleasing. It's rich in blackberries, cherries, plums and herbs, with a dry, spicy finish and firm tannins. Good value.",0.21083699175912196,0.3888888888888884,0.4107206041562145,0.2158307619714921,0.11538461538461539,0.0,0.0,0.0,0.0,0.4983030539867733,0.47312879809286396,0.0,0.0,0.0,0.0,0.5564521865970848,0.0,0.0,0.46712329296876204,0.0,6,"['pleasing', 'rich', 'dry', 'spicy', 'firm', 'good']",0.1763888888888889,0.5166666666666667
Italy,Barriano is a rosemary green and slightly vegetal blend of Merlot and Cabernet Sauvignon that is balanced out by a good dose of plump red cherry in the mouth.,0.2256871994234474,0.2777777777777777,0.3749603918565657,0.22508447771223516,0.6923076923076923,0.0,0.0,0.0,1.0,0.0,0.0,0.0,0.0,0.0,0.0,0.0,0.0,0.0,0.0,0.0,6,"['rosemary', 'green', 'vegetal', 'good', 'plump', 'red']",0.08333333333333331,0.2666666666666667
US,"Jammy and fresh, with ripe, rich fruit. Apricot, Fig Newton, peach cobbler, crème caramel, honey, vanilla and toast flavors all mingle into a complex, spicy finish. The price of dryness is high alcohol, but the wine never tastes hot.",0.31898405454055623,0.44444444444444375,0.25423146999023,0.3237642240186729,0.75,0.0,0.0,0.0,0.0,0.0,0.43940183300401686,0.2925620327555355,0.35823155619791147,0.0,0.0,0.5167855175069297,0.48983468584326334,0.0,0.0,0.2932547488560214,7,"['fresh', 'ripe', 'rich', 'crème', 'complex', 'high', 'hot']",0.157,0.608
Italy,"This luminous white wine benefits from added aromatic intensity in the form of creamy lemon zest, almond blossom and stone fruit. There's good density and richness here and the wine ends with generous fresh fruit flavors.",0.21083699175912196,0.3888888888888884,0.4107206041562145,0.2158307619714921,0.9807692307692308,0.0,0.0,0.0,0.0,0.0,0.0,0.3012894472109027,0.7378359148232848,0.0,0.0,0.0,0.0,0.0,0.0,0.6040056554339828,8,"['luminous', 'white', 'aromatic', 'creamy', 'almond', 'good', 'generous', 'fresh']",0.3333333333333333,0.3666666666666667
Spain,"Heavy and dark in color, this is stalky on the nose, with a compost component that doesn't scream “fresh and ready.” It feels fairly snappy, but it tastes tart and slightly vegetal before finishing with rhubarb flavors.",0.15949202727027811,0.11111111111111072,0.4865200285178633,0.15255151371957676,0.9230769230769231,0.0,0.0,0.0,0.0,0.0,0.0,1.0,0.0,0.0,0.0,0.0,0.0,0.0,0.0,0.0,8,"['heavy', 'dark', 'stalky', 'fresh', 'ready', 'snappy', 'tart', 'vegetal']",0.11388888888888889,0.4944444444444444
US,"Helped by extra bottle age, this Syrah is the best of the latest releases from Cliff Creek. Balanced and varietal, its spicy berry fruit is highlighted with grapefruity phenolics. Flavors penetrate and stand up well into a medium-long, balanced finish.",0.3283771284011352,0.44444444444444375,0.24347284201631858,0.33291752373343897,0.8365384615384616,0.0,0.0,0.0,0.0,0.0,0.6887579120685541,0.4585880160162929,0.5615243272817362,0.0,0.0,0.0,0.0,0.0,0.0,0.0,8,"['extra', 'best', 'latest', 'balanced', 'varietal', 'medium', 'long', 'balanced']",0.5,0.43333333333333335
France,"Ripe but minerally, all flint and crisp fruit along with the richness from the structure and green plum and wood flavors. This blending of fruit from a number of Chablis Premier Cru vineyards shows the rich, ageworthy nature of 2005.",0.3625283276957145,0.44444444444444375,0.20785807355095653,0.3661983371955251,0.14423076923076925,0.0,0.0,0.0,0.0,0.0,0.0,0.2781996976615984,0.6812907996874535,0.0,0.0,0.49141569523634737,0.4657879227262155,0.0,0.0,0.0,6,"['ripe', 'flint', 'crisp', 'green', 'rich', 'ageworthy']",0.14166666666666666,0.48888888888888893
US,"This is what might be called old-style Washington Cabernet. The fruit is mixed liberally with bell pepper and dill; there is plenty of tannin and a distinctly earthy aroma of the barnyard that carries well into the finish. For some, it will be pleasantly reminiscent of cru Bourgeois Bordeaux.",0.15949202727027811,0.2777777777777777,0.5048585989279396,0.16060405769884278,0.11538461538461539,0.0,0.0,0.0,0.0,0.0,0.7750618275770703,0.0,0.6318854037188165,0.0,0.0,0.0,0.0,0.0,0.0,0.0,3,"['old', 'earthy', 'reminiscent']",0.09999999999999999,0.35000000000000003
Italy,"Ribolla Gialla is a naturally creamy, soft variety, but this expression favors tonic soda aromas and tart lemon candy that help shape a racy and zesty impression overall.",0.2527888823873867,0.2777777777777777,0.33166098949944106,0.2514882823235025,0.7211538461538461,0.0,1.0,0.0,0.0,0.0,0.0,0.0,0.0,0.0,0.0,0.0,0.0,0.0,0.0,0.0,4,"['creamy', 'soft', 'tart', 'zesty']",0.06666666666666667,0.25
France,"Just touching maturity, this is a wonderful wine. With intense acidity, yeast, minerality and a beautiful final citrus texture, this is ready to drink but will age for many years.",0.6355586801880441,0.833333333333333,0.05862005228274933,0.6494896736132028,0.13461538461538464,0.8336632799340609,0.0,0.0,0.0,0.0,0.0,0.0,0.0,0.0,0.0,0.0,0.0,0.0,0.0,0.5522730626144858,7,"['touching', 'wonderful', 'intense', 'beautiful', 'final', 'ready', 'many']",0.4642857142857143,0.7857142857142857
US,"An interesting wine you can call intellectual. Its appeal is as much conceptual as hedonistic. It's the opposite of today's soft, sweet fruit bombs, being bone dry and somewhat austere, showing a tightly knit tannic structure. With an explosive, but controlled, central core of blackberries, it's a cellar candidate. It will be fascinating to try this wine after 2014.",0.5482387418095143,0.6666666666666661,0.08909029234872229,0.5571735708200138,0.11538461538461539,0.0,0.0,0.0,0.0,0.4773553959380735,0.0,0.0,0.3695129351190343,0.0,0.0,0.0,0.0,0.5192220041320146,0.0,0.6049797741855969,12,"['interesting', 'intellectual', 'conceptual', 'hedonistic', 'soft', 'sweet', 'dry', 'austere', 'tannic', 'central', 'cellar', 'fascinating']",0.1904761904761905,0.40857142857142853
US,"From the winery formerly known as Napa Ridge comes this modestly priced Cab. It's nicely ripe in all kinds of luscious blackberry, cherry and cocoa flavors, and although it's from the hot region of Lodi, somehow it manages to have crisp acidity.",0.11754013664201335,0.22222222222222143,0.6014417364210083,0.11709636135637469,0.11538461538461539,0.5281661794085453,0.0,0.0,0.5075691270686434,0.0,0.0,0.34906530724781654,0.0,0.0,0.0,0.0,0.5844377464296288,0.0,0.0,0.0,4,"['ripe', 'luscious', 'hot', 'crisp']",0.24,0.6333333333333333
US,"There's something old-fashioned about this wine, in its strong, edgy tannins and rustic mouthfeel. Yet it's high and hot in alcohol, with extracted, jammy cherry and raisin flavors. Doesn't seem to be an ager, so drink now.",0.4584549069422533,0.2777777777777777,0.1269729056293974,0.4519107165849394,0.06730769230769232,0.0,0.0,0.0,0.5784972690912159,0.0,0.0,0.39784399051922376,0.0,0.0,0.0,0.0,0.0,0.0,0.5899413563928501,0.3987859888199551,8,"['old', 'fashioned', 'strong', 'edgy', 'rustic', 'high', 'hot', 'jammy']",0.13583333333333333,0.7183333333333334
France,"An absolute gem from respected Languedoc produer Gérard Bertrand. The aromas draw you in immediately with intense, brooding notes of coffee, black fruit preserves, cocoa and tea leaves. The mouth, like crushed velvet, offers more black plum and blueberry preserve notes while dusty tannins dance in your mouth. Garrigue spice lingers in the finish. Hold until 2010–2013.",0.5619800395839595,0.6666666666666661,0.0830714794961844,0.5705681368778432,0.701923076923077,0.0,0.3523876672414264,0.7586844400865108,0.0,0.0,0.3372596654425972,0.0,0.27495801273360665,0.0,0.0,0.0,0.0,0.0,0.3329787705633748,0.0,7,"['absolute', 'respected', 'intense', 'black', 'more', 'black', 'dusty']",0.020833333333333343,0.4958333333333333
US,"An unusually deep color and black-cherry flavors help make this wine concentrated and full bodied. A thick layer of tannins puckers the mouth, but will help the wine pair with a roast or rich risotto. It's made from 76% Grenache and 24% Syrah.",0.41228090965766484,0.3888888888888884,0.16253861793984842,0.4121233361700447,0.701923076923077,0.0,0.0,0.43179508997377053,0.37166831115509263,0.0,0.0,0.25560363369004513,0.0,0.0,0.0,0.45150170331068823,0.0,0.0,0.37902081708272073,0.5124176824892014,7,"['deep', 'black', 'concentrated', 'full', 'bodied', 'thick', 'rich']",0.10624999999999998,0.54375
US,"Shows good Syrah character, a rich, spicy, full-bodied wine with luscious flavors of blackberries, black cherries, figs and tangerine zest. There's also a tangy minerality that gives the wine backbone and verve. Shows the promise of this mountainous Lake County appellation.",0.3283771284011352,0.44444444444444375,0.24347284201631858,0.33291752373343897,0.8365384615384616,0.0,0.0,0.5095105949929325,0.0,0.0,0.0,0.3016077822739519,0.0,0.0,0.0,0.5327640513654877,0.0,0.0,0.0,0.6046438330408807,10,"['good', 'rich', 'spicy', 'full', 'bodied', 'luscious', 'black', 'zest', 'tangy', 'mountainous']",0.20208333333333334,0.5958333333333334
Italy,"Very floral and delicate, this is a wonderful Prosecco Extra Dry with an interesting blend of floral and fruit aromas that come together in a generous, harmonious whole. It's easy and approachable and would pair well with lightly grilled sea bass or fresh water fish.",0.2527888823873867,0.3888888888888884,0.33981146523725275,0.25670209639446684,0.6826923076923077,0.0,0.6172280988481902,0.0,0.0,0.6221621096993826,0.0,0.0,0.48160542277538976,0.0,0.0,0.0,0.0,0.0,0.0,0.0,10,"['floral', 'delicate', 'wonderful', 'interesting', 'floral', 'generous', 'harmonious', 'easy', 'approachable', 'fresh']",0.2287878787878788,0.5757575757575758
Italy,"Terre di Sofia is an oak-aged Chardonnay, with lemon zest, vanilla, exotic fruit, pineapple and light shadings of exotic spice. It's smooth and supple in the mouth.",0.3625283276957145,0.3888888888888884,0.20532861556335982,0.36363556230022964,0.14423076923076925,0.0,0.0,0.0,0.0,0.0,0.0,0.0,0.5936914468137049,0.8046927773878984,0.0,0.0,0.0,0.0,0.0,0.0,6,"['aged', 'exotic', 'light', 'exotic', 'smooth', 'supple']",0.44999999999999996,0.8
Spain,"Smoky and meaty smelling to begin with, like a mix of barbecued spare ribs and roasted berries. The palate is full, tannic and drying, with bacon, hickory and baked blackberry flavors mixed with herbs. Hard and clacky on the finish, but flavorful and solid throughout.",0.2527888823873867,0.3888888888888884,0.33981146523725275,0.25670209639446684,0.8557692307692308,0.0,0.0,0.0,0.0,0.0,0.5990089826587732,0.3988314850836636,0.0,0.0,0.6943498291207832,0.0,0.0,0.0,0.0,0.0,9,"['spare', 'roasted', 'full', 'tannic', 'drying', 'hickory', 'baked', 'flavorful', 'solid']",0.014583333333333323,0.3604166666666667
Spain,"Jammy berry aromas are fiery and aggressive. In the mouth, this is sticky in feel, with huge, grabbing tannins and blocky ripeness. Chocolate and vanilla drape overripe black-fruit flavors, while the finish is heavy, chewy and tastes like fudge. Drink this forceful, oaky RDD now through 2020.",0.6987061474305353,0.6111111111111107,0.03866768767658631,0.7013985738366808,0.9038461538461539,0.0,0.4479944311038676,0.48226205926079013,0.0,0.0,0.4287620311374932,0.2854778518796723,0.34955723466806166,0.0,0.0,0.0,0.0,0.0,0.42331968100916484,0.0,8,"['fiery', 'aggressive', 'sticky', 'huge', 'black', 'heavy', 'forceful', 'oaky']",0.10000000000000003,0.7
Italy,Here's a floral and delicate Cartizze with musky notes and a pretty embroidery of fruit salad. There are delicate mineral nuances that give it linearity and the pulpy fruit gives it texture and persistence.,0.30919115719657264,0.44444444444444375,0.26592563083143805,0.31422149541532285,0.6826923076923077,0.0,0.0,0.0,0.0,0.0,0.0,0.0,1.0,0.0,0.0,0.0,0.0,0.0,0.0,0.0,5,"['floral', 'delicate', 'musky', 'pretty', 'delicate']",-0.11666666666666665,0.9333333333333332
Italy,This blend of Sangiovese and Canaiolo is enhanced with a small percentage of Merlot. That addition heightens the wine's softness and renders a richer mouthfeel.,0.11754013664201335,0.2777777777777777,0.6087771645850387,0.11974803212566432,0.7692307692307693,0.0,0.0,0.0,0.0,0.0,0.0,0.0,0.0,0.0,0.0,0.0,0.0,0.0,0.0,1.0,2,"['small', 'richer']",-0.25,0.4
Italy,"Honey, peach, citrus and dried herbs comprise the nose of this simple Pinot Grigio. In appearance, the wine is almost transparent with a touch of gold and the mouthfeel is equally light and easy. The screwcap bottle has a cute picture of a green Vespa on the label to reinforce its all-Italy, Dolce Vita appeal.",0.15949202727027811,0.2777777777777777,0.5048585989279396,0.16060405769884278,0.6153846153846154,0.0,0.0,0.0,0.0,0.0,0.0,0.0,0.0,0.0,0.0,0.0,0.0,0.0,0.0,1.0,6,"['simple', 'transparent', 'light', 'easy', 'cute', 'green']",0.15555555555555556,0.6317460317460317
France,"Undoubtedly one of the two star properties in Moulis. Its quality is impeccable: a Cabernet-dominated wine, with superrich black currant flavors that retain great structure and aging ability. Enjoy this wine in 5–10 years.",0.3283771284011352,0.6666666666666661,0.25520952707876743,0.3428848999996936,0.06730769230769232,0.0,0.0,0.6020706291510168,0.0,0.0,0.0,0.35639923686580055,0.0,0.0,0.0,0.0,0.0,0.0,0.0,0.7144862080370576,5,"['impeccable', 'superrich', 'black', 'great', '5–10']",0.4458333333333333,0.6083333333333334
US,"Soft and jammy, with raspberry and red licorice flavors and a streak of brambles, nettles and peppery spices. It's a good, dry wine, but would benefit from greater structure. A Syrah-based Rhône-style blend.",0.2256871994234474,0.33333333333333304,0.3795450344590848,0.2277063189235855,0.701923076923077,0.0,0.0,0.0,0.0,0.7451071960204126,0.0,0.47104315003934244,0.0,0.0,0.0,0.0,0.0,0.0,0.0,0.4721584662373553,5,"['soft', 'red', 'good', 'dry', 'greater']",0.18888888888888888,0.42500000000000004
US,"The pretty fragrance comes with cotton candy highlights, along with a note of tangy red fruit. It's concentrated and deep, with appealing purity of flavor and the structure to age for over a decade.",0.5298210462996781,0.6666666666666661,0.09774233582424546,0.5392208170072865,0.6346153846153847,0.0,0.0,0.0,0.0,0.0,0.0,0.0,1.0,0.0,0.0,0.0,0.0,0.0,0.0,0.0,5,"['pretty', 'tangy', 'red', 'concentrated', 'deep']",0.1875,0.475
US,"This is made from fruit that's sourced mostly from Mercer's Spice Cabinet Vineyard in the Horse Heaven Hills, with some Tablas clone Syrah from the Rattlesnake Hills. It's a tasty wine but it seems incomplete. It has a ripe purple-fruit flavor, and it comes with plenty of power, but there's a hole in the middle. The finish kicks in with a splash of molasses.",0.4422059207648156,0.44444444444444375,0.14270910684602608,0.4438523282335698,0.5865384615384616,0.0,0.0,0.0,0.0,0.0,0.4324666747890736,0.0,0.7051550461420567,0.0,0.0,0.0,0.4821035368349272,0.0,0.0,0.2886262563741036,3,"['tasty', 'incomplete', 'ripe']",0.25,0.25
Italy,"This is a very informal and easygoing red table wine that would taste great with pizza. It opens with a bright ruby color and shows aromas of cherry, raspberry and toasted almond.",0.11754013664201335,0.2777777777777777,0.6087771645850387,0.11974803212566432,0.6923076923076923,0.0,0.6642259386558914,0.0,0.6154661138926029,0.0,0.0,0.0,0.0,0.0,0.0,0.0,0.0,0.0,0.0,0.4242703914564833,5,"['informal', 'easygoing', 'red', 'great', 'bright']",0.42500000000000004,0.4625
US,"Robust and full-bodied, with jammy flavors of blackberries, cherries and currants, liberally sprinkled with crushed black pepper and cocoa. Dry and tannic, it's a Bordeaux blend, with Sangiovese and Syrah.",0.4531650565750309,0.2777777777777777,0.13026842039653586,0.44675490156979203,0.6923076923076923,0.0,0.0,0.6700703185234235,0.0,0.627433596739566,0.0,0.39665205144606197,0.0,0.0,0.0,0.0,0.0,0.0,0.0,0.0,6,"['robust', 'full', 'bodied', 'jammy', 'black', 'tannic']",-0.10833333333333334,0.43333333333333335
US,"Made from all five classic Bordeaux varieties, this is a rich, softly tannic and delicious wine. It brims with jammy blackberry, dark chocolate and sweet cedar flavors, in a sweetly chewy texture that hints at further ageability. Drink now–2015.",0.4878691556714132,0.6666666666666661,0.12023764886060576,0.49832897902565265,0.06730769230769232,0.0,0.0,0.0,0.0,0.0,0.0,0.3516839380785438,0.0,0.0,0.0,0.621219247853194,0.0,0.6050926143437328,0.0,0.35251664054473447,8,"['classic', 'rich', 'tannic', 'delicious', 'dark', 'sweet', 'chewy', 'further']",0.27395833333333336,0.5583333333333333
France,"A soft wine that has easy but attractively ripe fruit. This is not a wine for aging, but in 2003, the estate has made a very drinkable wine. Patache stands for an ancient coaching inn, recollected on the wine's label by a coach and horses. Imported by Grands Chais de France.",0.31898405454055623,0.2777777777777777,0.24506218478519182,0.31598700367302035,0.06730769230769232,0.0,0.0,0.0,0.0,0.0,0.0,0.0,0.27124425008772224,0.0,0.0,0.0,0.37089094952625395,0.0,0.0,0.8881815469563995,5,"['soft', 'easy', 'ripe', 'drinkable', 'ancient']",0.38333333333333336,0.6208333333333333
US,"An upscale white wine made in the white Bordeaux style. It was partially aged in oak, on the lees, bringing a creamy, yeasty freshness to the citrus, tropical fruit and green grass flavors that are totally dry. Brisk acidity makes for a clean scour. A brilliant wine to drink with everything from goat cheese appetizers through firm fleshed fish like halibut to roast chicken.",0.4636258741465087,0.6666666666666661,0.13523452421817925,0.4746990051452098,0.7980769230769231,0.40346411480849814,0.0,0.0,0.0,0.42179271822935516,0.0,0.2666496468153412,0.3265027831485621,0.44254373682957726,0.0,0.0,0.0,0.0,0.0,0.5345620173122081,14,"['upscale', 'white', 'white', 'aged', 'creamy', 'yeasty', 'tropical', 'green', 'dry', 'brisk', 'clean', 'brilliant', 'firm', 'fleshed']",0.011111111111111108,0.4833333333333333
US,"One thing you can depend on concerning Clos du Val's Cabernets is that they're elegant. The winery resolutely refuses to kowtow to the modern style of ultraripe, extracted fruit, high alcohol and massive oak. This lovely Cab, which contains a drop of Merlot, defines their style, and is a joy to drink. It has rich, complex cherry and blackberry flavors, flecked with earth and herbs, and is just beginning a long journey. Now–2021, at least.",0.5811660107885219,0.7777777777777777,0.07720313696495999,0.5940939692698697,0.11538461538461539,0.0,0.0,0.0,0.4489892750697767,0.0,0.0,0.3087787867602325,0.378088380984317,0.5124631507245435,0.0,0.5454310103334125,0.0,0.0,0.0,0.0,9,"['elegant', 'modern', 'high', 'massive', 'lovely', 'rich', 'complex', 'long', 'least']",0.18850000000000006,0.5740000000000001
US,"DDO's Chardonnay comes as close to white Burgundy as you will find in Oregon. Amazing finesse, with crisp, detailed aromas mixing flowers, peaches, melon and almonds. Impressive texture and a long, elegant and precisely-detailed path across the palate.",0.34608573750449545,0.6666666666666661,0.23521369326866937,0.3601422512744916,0.14423076923076925,0.0,0.6695337343355647,0.0,0.0,0.0,0.0,0.0,0.0,0.0,0.7427816493335533,0.0,0.0,0.0,0.0,0.0,9,"['close', 'white', 'amazing', 'crisp', 'detailed', 'impressive', 'long', 'elegant', 'detailed']",0.38571428571428573,0.6380952380952382
Spain,"Roasted plum and raspberry aromas offer accents of vanilla, dill and dry wood. The palate is big, a little soft and chubby in the middle, with savory, herbal black fruit flavors that are meaty and deep. Finishes earthy, herbal and with integrity. This is Monastrell that's ready to go.",0.265229661158644,0.4999999999999991,0.328872668852295,0.2739189449624311,0.6923076923076923,0.0,0.4295150478630872,0.46236916596386013,0.0,0.43294851421185127,0.0,0.2737021371266108,0.3351383007359993,0.0,0.4765045871541192,0.0,0.0,0.0,0.0,0.0,12,"['roasted', 'dry', 'big', 'little', 'soft', 'savory', 'herbal', 'black', 'deep', 'earthy', 'herbal', 'ready']",-0.015104166666666662,0.36041666666666666
Italy,"Very compact and clean in its aromatic delivery with banana, Golden Delicious apple and attractive hints of toasted almond in the background. Creamy, smooth and supple in the mouth with a touch of zesty spice on the finish. Imported by Prestige Wine Imports Corp.",0.11754013664201335,0.44444444444444375,0.6307834490771304,0.12752001272558267,0.6153846153846154,0.0,0.0,0.0,0.0,0.0,0.831770443705932,0.0,0.0,0.0,0.0,0.0,0.0,0.0,0.0,0.5551197429179014,7,"['compact', 'clean', 'aromatic', 'attractive', 'smooth', 'supple', 'zesty']",0.5111111111111112,0.6666666666666666
Spain,"Tarry, stalky aromas fail to make much of a statement. This is high in acid and rugged in the mouth, with a mixture of herbal red-fruit flavors and distinct stalkiness. A grating finish is racy and hot.",0.09329685511710872,0.16666666666666607,0.6617552568808147,0.09080757255694127,0.2884615384615385,0.0,0.58411900432939,0.0,0.0,0.0,0.559042776726421,0.37222123093620674,0.45577134378061773,0.0,0.0,0.0,0.0,0.0,0.0,0.0,8,"['stalky', 'much', 'high', 'herbal', 'red', 'distinct', 'racy', 'hot']",0.082,0.438
US,"Polished and creamy, this is made to appeal to the popular style. It's rich and ripe in tangerine, apricot and lime fruit, with toasty, vanilla overtones. Brightened by crisp acidity, it's a lovely wine to drink now.",0.4878691556714132,0.5555555555555554,0.11730347759499354,0.49339956215833713,0.14423076923076925,0.46219804689600724,0.0,0.0,0.0,0.0,0.0,0.0,0.374033137368373,0.0,0.0,0.5395809082571886,0.5114412763698212,0.0,0.0,0.30619020537150393,7,"['polished', 'creamy', 'popular', 'rich', 'ripe', 'crisp', 'lovely']",0.43125,0.7041666666666666
US,"Made in the rich, ripe, over-the-top style that winemaker Mark McNeilly uses for his own Mark Ryan Viogniers, this is a superconcentrated wine with more than a passing resemblance to limoncello. Along with that comes notes of Key lime, candied pineapple and a bit of alcoholic heat. Some will find it excellent, others a little too extravagant.",0.4057988371578959,0.5555555555555554,0.1738910662889433,0.41340848202466085,0.9615384615384616,0.0,0.0,0.0,0.0,0.0,0.0,0.0,0.0,0.0,0.0,0.6710913722716534,0.6360933508636916,0.0,0.0,0.3808170414379453,10,"['rich', 'ripe', 'own', 'superconcentrated', 'more', 'key', 'alcoholic', 'excellent', 'little', 'extravagant']",0.1921875,0.78125
US,"Rustic and thin-flavored, with odd citrus and medicinal flavors.",0.1779097227801143,0.11111111111111072,0.44796200868129255,0.17048987356182854,0.625,0.0,0.0,0.0,0.0,0.0,0.0,1.0,0.0,0.0,0.0,0.0,0.0,0.0,0.0,0.0,3,"['rustic', 'odd', 'medicinal']",-0.16666666666666666,0.25
US,"The winery's selection of its best barrels makes a fascinating wine, showing mixed Asian spices, supple fruit and beautiful fine-grained tannins. Muscular and detailed, it has a bit of an alcoholic kick to the finish. Powerful and very well-crafted.",0.4878691556714132,0.7777777777777777,0.12317182012621794,0.5031524014643278,0.6923076923076923,0.0,0.0,0.0,0.0,0.0,0.5693540368407233,0.0,0.46417781475925424,0.0,0.0,0.0,0.0,0.0,0.5621271282284008,0.37998424800008035,10,"['best', 'fascinating', 'mixed', 'asian', 'supple', 'beautiful', 'muscular', 'detailed', 'alcoholic', 'powerful']",0.3555555555555555,0.55
US,"Made from estate-vineyard fruit, this Merlot is medium bodied, and it has a mix of red fruit flavors, plus grace notes of leaf and mushroom. The finish leaves an impression of dried toast.",0.41228090965766484,0.44444444444444375,0.16457623687430137,0.41468630738850565,0.4903846153846154,0.0,0.0,0.0,0.0,0.0,0.49374548575193566,0.3287450623223392,0.8050727167767309,0.0,0.0,0.0,0.0,0.0,0.0,0.0,2,"['bodied', 'red']",-0.1,0.3
Spain,"This wine shows the potential and power of Valdeorras Godello, but at a fair price. It has a lot of minerality and acidity, but also a boatload of kiwi, green apple, papaya and white pepper. Unconventional for Spanish white wines and very much worth a look.",0.2527888823873867,0.5555555555555554,0.3520371788439703,0.2643024166121579,0.3269230769230769,0.8336632799340609,0.0,0.0,0.0,0.0,0.0,0.0,0.0,0.0,0.0,0.0,0.0,0.0,0.0,0.5522730626144858,7,"['fair', 'green', 'white', 'unconventional', 'spanish', 'white', 'worth']",0.11428571428571428,0.32857142857142857
France,"Fresh strawberry aromas set the scene for a bright, red berry flavored wine. It has vibrant, vivid acidity and exotic perfumes. The tannins, however, do suggest that this is a bigger, tougher wine than the fruit offers. Over the next few months, it is likely to fill out and become more dense.",0.5652908644281741,0.44444444444444375,0.07748258184739924,0.5638252148199134,0.6346153846153847,0.428494258120704,0.4444074197991482,0.0,0.0,0.0,0.0,0.0,0.34675839239381456,0.0,0.0,0.0,0.0,0.0,0.4199302360164033,0.5677252241786658,12,"['fresh', 'bright', 'red', 'vibrant', 'vivid', 'exotic', 'bigger', 'tougher', 'next', 'few', 'likely', 'dense']",0.1826388888888889,0.4569444444444444
US,"Spicy and exuberant, if not particularly subtle, a big, juicy wine to drink with steaks and roasts. Bone dry, and pretty tough in tannins, it has flavors of blackberries, leather, cola, coffee and pepper. Ready now.",0.4057988371578959,0.33333333333333304,0.16550771981576556,0.403213276425757,0.8365384615384616,0.0,0.0,0.0,0.0,0.6108502147340488,0.0,0.386168340458025,0.0,0.0,0.0,0.0,0.0,0.0,0.5726281658005216,0.387082693644642,7,"['spicy', 'exuberant', 'subtle', 'big', 'juicy', 'tough', 'ready']",0.030158730158730163,0.6333333333333334
Spain,"Cepas Vellas refers to old vines, but what's most noticeable on this wine is the popcorn and cream that characterizes both the nose and mouth. In between the oak-aided folds there's melon, waxy papaya and banana flavors sitting on a plump, cushioned palate. It's a holdover from 2005, so drink it while you have it.",0.2527888823873867,0.3888888888888884,0.33981146523725275,0.25670209639446684,0.019230769230769232,0.0,0.0,0.0,0.0,0.0,0.0,0.35828475297618506,0.0,0.5946254770063347,0.6237595734283871,0.0,0.0,0.0,0.0,0.3591330845748125,3,"['old', 'noticeable', 'plump']",0.3,0.35
US,"This is a generic red wine. It's soft, with berry and coffee flavors and a scour of tannins on the finish, and dryish overall. Versatile with a wide range of things.",0.1394708524016972,0.22222222222222143,0.5454257395320479,0.13845292298862533,0.7692307692307693,0.0,0.0,0.0,0.0,0.0,0.5909502789153621,0.3934658480483592,0.0,0.0,0.0,0.0,0.0,0.0,0.5834492454918607,0.39439747996712626,4,"['generic', 'red', 'soft', 'wide']",0.0,0.15
France,"While the surface of the wine is firmly tannic, the fruit brings in the richness and opulence underneath. The combination equals a ripe, wood-aged wine, with dry tannins that are beginning to integrate into the fruit.",0.5336244115177714,0.5555555555555554,0.09349339929207479,0.5379985360951909,0.6346153846153847,0.0,0.0,0.0,0.0,0.37790726852113665,0.0,0.0,0.5850635613729511,0.0,0.0,0.0,0.39999885664055185,0.0,0.3542608986560802,0.4789434788387147,3,"['tannic', 'ripe', 'dry']",-0.13333333333333333,0.5
France,"Branded Bordeaux has a deservedly spotty reputation, but this year's Mouton Cadet aims to start turning that around. Cherries and chocolate on the nose, followed by smoky, earthy tobacco and black-cherry flavors. A silky texture makes it ready to drink now.",0.06619517215316933,0.33333333333333304,0.7738242982757255,0.0723763407616893,0.06730769230769232,0.0,0.0,0.6914986039008229,0.5952085242412904,0.0,0.0,0.40933665053806007,0.0,0.0,0.0,0.0,0.0,0.0,0.0,0.0,6,"['spotty', 'smoky', 'earthy', 'black', 'silky', 'ready']",0.2,0.5
France,"A dense wine, tannic and firmly structured. It's one of those wines that are not for the faint-hearted with its power, concentration and medicinal character. Age for several years.",0.43652419118256935,0.6111111111111107,0.15214676137413852,0.44583262234106225,0.42307692307692313,0.0,0.0,0.0,0.0,0.0,0.0,0.0,0.0,0.0,0.0,0.0,0.0,0.0,0.0,1.0,6,"['dense', 'tannic', 'structured', 'hearted', 'medicinal', 'several']",-0.1,0.2
Italy,"Clean and polished, this Chardonnay opens with very subtle tones of vanilla, peach and passion fruit. There's just enough structure to create rich, creamy sensations.",0.265229661158644,0.3888888888888884,0.3211511655217365,0.26882339298866675,0.14423076923076925,0.0,0.0,0.0,0.0,0.0,0.0,0.0,0.5697011412127696,0.0,0.0,0.8218519390382114,0.0,0.0,0.0,0.0,6,"['clean', 'polished', 'subtle', 'enough', 'rich', 'creamy']",0.07708333333333334,0.65
Italy,"Benito Ferrara delivers a very nice Fiano di Avellino that lives up to the excellent reputation of the wine thanks to its precise mineral tones and background notes of stone fruit and honeysuckle. A Marc de Grazia selection, various American importers.",0.3851792266937255,0.2777777777777777,0.1801130812495049,0.38049487961378725,0.23076923076923078,0.0,0.0,0.0,0.0,0.0,0.0,0.0,0.7737919117738018,0.0,0.0,0.0,0.0,0.0,0.0,0.6334398766050691,5,"['nice', 'excellent', 'precise', 'various', 'american']",0.39666666666666667,0.5833333333333334
US,"Baked strawberry and a bittersweet note of cherry play off the palate around a medium-bodied frame of subtle tannin and oak. Dried cranberry comes in as a secondary detail, before the wine finishes in a blaze of leather and black tea.",0.3283771284011352,0.3888888888888884,0.24053867075070634,0.3303549103615069,0.6346153846153847,0.0,0.0,0.4926511255274033,0.4240502406466645,0.0,0.0,0.0,0.0,0.4839984704612795,0.5077123183400083,0.0,0.0,0.0,0.0,0.29231822440799793,6,"['baked', 'bittersweet', 'bodied', 'subtle', 'secondary', 'black']",-0.24999999999999997,0.45833333333333337
US,"Very soft and direct, this Syrah offers lush flavors of blackberries, currants, dark chocolate, smoky oak and pepper. It seems at its best now.",0.5097998714310973,0.2777777777777777,0.09863147863200673,0.5019562338915091,0.8365384615384616,0.0,0.0,0.0,0.0,0.0,0.0,0.516093626858873,0.0,0.85653217587879,0.0,0.0,0.0,0.0,0.0,0.0,6,"['soft', 'direct', 'lush', 'dark', 'smoky', 'best']",0.21333333333333335,0.3091666666666667
US,"This vineyard designate from Yountville is packed with compact tannin and rich oak yet nicely balanced by crisp ranberry, cherry and clove flavors. Light black-pepper notes add seasoning.",0.5960162184528474,0.5555555555555554,0.06778933748778748,0.5988161911075887,0.11538461538461539,0.0,0.0,0.4908897350762315,0.4225341210115119,0.0,0.0,0.2905850551340226,0.0,0.48226801610914616,0.0,0.513293357592636,0.0,0.0,0.0,0.0,5,"['compact', 'rich', 'crisp', 'light', 'black']",0.40625,0.7166666666666666
US,"Super dusty, leathery and big shouldered, this is also quite bright and drinkable. Made using grapes sourced from old vines planted within the Esola Vineyard.",0.3283771284011352,0.3888888888888884,0.24053867075070634,0.3303549103615069,1.0,0.0,0.0,0.0,0.0,0.0,0.0,0.0,0.0,0.0,0.0,0.0,0.0,0.0,0.0,0.0,5,"['leathery', 'big', 'bright', 'drinkable', 'old']",0.14666666666666667,0.47333333333333333
US,"Slightly fizzy at first, but honey and almond jump out from the start as the wine finishes light and dry.",0.19496184539877393,0.2777777777777777,0.4306310520300116,0.19515309470350428,0.7307692307692308,0.0,0.0,0.0,0.0,0.8446872306242853,0.0,0.0,0.0,0.0,0.0,0.0,0.0,0.0,0.0,0.5352602006690534,3,"['fizzy', 'first', 'dry']",0.10416666666666669,0.44999999999999996
France,"Rounded and rich, this is an impressive wine. It has weight, with ripe yellow and white fruits to go with the intense acidity and citrus edge. The finish is crisp and taut. It's worth aging this wine for 2–3 years.",0.4636258741465087,0.6111111111111107,0.1336044290706169,0.47224789587953064,0.7980769230769231,0.39752605361797244,0.0,0.0,0.0,0.0,0.3945895650123787,0.0,0.0,0.0,0.0,0.46408129698423956,0.439879038040111,0.0,0.0,0.5266944973707198,10,"['rounded', 'rich', 'impressive', 'ripe', 'yellow', 'white', 'intense', 'crisp', 'taut', 'worth']",0.30357142857142855,0.4666666666666667
US,"Simple and harsh in texture, with wild berry, cola and pepper flavors wrapped into hard, green tannins that make the aftertaste bitter.",0.31898405454055623,0.11111111111111072,0.2358928995801537,0.30793044259913227,1.0,0.0,0.0,0.0,0.0,0.0,0.0,0.5591190290575617,0.0,0.0,0.0,0.0,0.0,0.0,0.8290873966873031,0.0,6,"['simple', 'harsh', 'wild', 'hard', 'green', 'bitter']",-0.1152777777777778,0.4664682539682539
France,"If pink could have a taste, this is the wine. From hand-picked 100% Cabernet Franc, it is all about bright fruit and red berries. Soft with touches of caramel, it delivers good acidity at the end.",0.27703216391229124,0.22222222222222143,0.29335375353172616,0.272455781704775,0.7403846153846154,0.6910957751658516,0.0,0.0,0.0,0.0,0.0,0.0,0.559268310940031,0.0,0.0,0.0,0.0,0.0,0.0,0.4578270262077103,5,"['pink', 'bright', 'red', 'soft', 'good']",0.27999999999999997,0.41
Italy,There is definitely some good ripeness here but cherry and farmyard tones are hampered by a bit too much sulfur while the short finish shows some nice leather but also a funky undertone. Not the best of its class.,0.4057988371578959,0.16666666666666607,0.15922020996088224,0.39525079878280955,0.5384615384615385,0.0,0.0,0.0,0.6955744267181811,0.0,0.7184540464745631,0.0,0.0,0.0,0.0,0.0,0.0,0.0,0.0,0.0,6,"['good', 'much', 'short', 'nice', 'funky', 'best']",0.4166666666666667,0.48333333333333334
Spain,"A fine Cava with easygoing white fruit aromas and a cushioned, full and round palate. Tastes rich and honeyed, with toasty, nutty, dry apple and pear flavors. Elegant and complex, with texture and style.",0.4878691556714132,0.6111111111111107,0.11877056322779964,0.4958778102427328,0.8173076923076924,0.0,0.425291795842306,0.0,0.0,0.42869150227097447,0.0,0.2710109319884835,0.3318430180378349,0.0,0.4718193055309905,0.4787173626686317,0.0,0.0,0.0,0.0,10,"['fine', 'easygoing', 'white', 'full', 'round', 'rich', 'nutty', 'dry', 'elegant', 'complex']",0.134375,0.525
Italy,"This is a lovely Morellino that delivers lively and easy aromas of cherry, blackberry and plum. As the wine is aged only in stainless steel to preserve its freshness, the integrity of the fruit is remarkable, and the mouthfeel is bright and focused.",0.23963682528528263,0.44444444444444375,0.36498205207461243,0.246450305069861,0.7692307692307693,0.0,0.5897279024885707,0.0,0.5464368662463662,0.0,0.0,0.0,0.4601478065085738,0.0,0.0,0.0,0.0,0.0,0.0,0.3766852112820865,7,"['lovely', 'lively', 'easy', 'stainless', 'remarkable', 'bright', 'focused']",0.32746212121212126,0.6541666666666667
US,"DDO's Chardonnay comes as close to white Burgundy as you will find in Oregon. Amazing finesse, with crisp, detailed aromas mixing flowers, peaches, melon and almonds. Impressive texture and a long, elegant and precisely-detailed path across the palate.",0.34608573750449545,0.6666666666666661,0.23521369326866937,0.3601422512744916,0.14423076923076925,0.0,0.6695337343355647,0.0,0.0,0.0,0.0,0.0,0.0,0.0,0.7427816493335533,0.0,0.0,0.0,0.0,0.0,9,"['close', 'white', 'amazing', 'crisp', 'detailed', 'impressive', 'long', 'elegant', 'detailed']",0.38571428571428573,0.6380952380952382
US,"For fans of semisweet bubbly in a bright salmon shade, this sparkler offers a confected nose reminiscent of watermelon Jolly Ranchers. Softly pétillant with a heavy, syrupy texture, the palate is akin to liquid cotton candy.",0.1779097227801143,0.16666666666666607,0.4536046457305468,0.1732065099812743,0.8173076923076924,0.0,0.0,0.0,0.0,0.0,0.0,0.0,0.0,0.0,1.0,0.0,0.0,0.0,0.0,0.0,7,"['bright', 'confected', 'reminiscent', 'pétillant', 'heavy', 'akin', 'liquid']",0.13999999999999999,0.43
France,"This is an attractively herbal rendering of Côtes du Rhône Villages, offering hints of flowering thyme, sage and rosemary that are rounded out by flavors of just-ripe cherries. It's a medium-bodied wine, with a long on the finish.",0.2256871994234474,0.4999999999999991,0.393298962266642,0.23539285194812387,0.701923076923077,0.0,0.0,0.0,0.0,0.0,0.5651018877974134,0.3762555014341291,0.0,0.0,0.0,0.0,0.6299621095940002,0.0,0.0,0.3771463834166097,5,"['herbal', 'rosemary', 'ripe', 'bodied', 'long']",0.375,0.7
US,"This is so delicious and classic, it's totally enjoyable now, but it has the structural balance to age for quite a while. It impresses for the complex blackberry, currant and cedar flavors and for the quality of the tannins, which are dramatically rich and ripe. Best now and for at least 10 years.",0.47847608181083434,0.6666666666666661,0.1258614771196958,0.48917346414347085,0.11538461538461539,0.0,0.0,0.0,0.0,0.0,0.0,0.3310912121400626,0.0,0.0,0.0,0.584843979228065,0.554343837293509,0.0,0.4909572682617242,0.0,9,"['delicious', 'classic', 'enjoyable', 'structural', 'complex', 'currant', 'rich', 'ripe', 'best']",0.34880952380952385,0.5166666666666666
Italy,"This is a big, brawny, plush, “international” Amarone that sees 4 years of oak and delivers thick layers of espresso coffee, chocolate fudge, wood toast and honey nut. It has a chewy-viscous mouthfeel, rounded off by caressing spice flavors and very good length on the finish.",0.5139458999393303,0.6111111111111107,0.1044664783079401,0.5212954094991906,0.19230769230769232,0.0,0.0,0.0,0.0,0.0,0.6126339606850512,0.4079032525825965,0.0,0.6769745687600722,0.0,0.0,0.0,0.0,0.0,0.0,7,"['big', 'brawny', 'international', 'thick', 'chewy', 'viscous', 'good']",0.15249999999999997,0.33875
US,"Coming from a vineyard first planted by Mondavi in the late 1990s, this well-priced and widely available wine shows blackberry, violets, black pepper and just snapped dark chocolate on the nose. Fresh, lively black cherries and blueberries meld with fennel, tarragon and lots of herbal spice, all held together by smooth tannins.",0.2527888823873867,0.6666666666666661,0.360187654581782,0.26922990847609163,0.11538461538461539,0.0,0.0,0.8836617529258164,0.0,0.0,0.0,0.0,0.0,0.0,0.0,0.0,0.0,0.0,0.3878300233092477,0.2621636501043225,9,"['late', 'available', 'black', 'dark', 'fresh', 'lively', 'black', 'herbal', 'smooth']",0.07083333333333335,0.45000000000000007
US,"This splendid, resonant, beautifully detailed wine captures everything that is most desirable in the 2014 vintage. Blackberry and black cherry fruit, adorned with a sprinkling of Sumatra coffee beans, rocks on with polished tannins. The pleasing roasted character is just right to power it through a clean, sexy finish. Drink now and on through 2026.",0.4636258741465087,0.833333333333333,0.14012480966086627,0.48189562543948194,0.6346153846153847,0.0,0.0,0.48915842783780156,0.42104389554962224,0.0,0.4348933469683188,0.0,0.3545559184391361,0.0,0.0,0.0,0.0,0.0,0.42937317099470695,0.2902458061507063,10,"['splendid', 'detailed', 'desirable', 'black', 'polished', 'pleasing', 'roasted', 'right', 'clean', 'sexy']",0.3884353741496599,0.7027210884353742
US,"This wine shows some stuffing, with black cherry/black olive flavors and thick, rough tannins. Notes of moist earth, barnyard and alcohol burn through the finish. Though the label says 14% alcohol, itfeels higher.",0.3703290190294001,0.2777777777777777,0.1931029019566423,0.36602253096780535,0.4903846153846154,0.0,0.0,0.755696321944593,0.32523340612826734,0.0,0.3359313507025042,0.22366943295600422,0.0,0.0,0.0,0.0,0.0,0.0,0.3316673163505002,0.22419902805054143,5,"['black', 'black', 'thick', 'rough', 'moist']",-0.07916666666666666,0.45208333333333334
US,"New, eco-friendly minimalist packaging and estate-grown fruit push this distinctive Walla Walla Valley Syrah to the front ranks. Juicy, sappy, tart and tangy boysenberry fruit flavors run through the bright midpalate. Tannins are soft and supple, with plenty of lemony acidity backing them up.",0.31898405454055623,0.5555555555555554,0.26034432679358877,0.3288031720891871,0.8365384615384616,0.4464664018359783,0.0,0.0,0.0,0.0,0.0,0.295069881049982,0.722604650234935,0.0,0.0,0.0,0.0,0.0,0.4375431827690057,0.0,13,"['new', 'friendly', 'minimalist', 'distinctive', 'front', 'juicy', 'sappy', 'tart', 'tangy', 'boysenberry', 'bright', 'soft', 'supple']",0.31212121212121213,0.5348484848484848
Spain,"Earthy aromas of brick dust blend with spiced cherry and tomato notes. A chewy, solid palate registers as correct, while this tastes of ripe, candied berry fruits and chocolate. A long, warm, slightly oaky finish sends this on its way.",0.21083699175912196,0.44444444444444375,0.4156108895989015,0.218392594934111,0.8653846153846154,0.0,0.44092490825569886,0.0,0.4085572754832983,0.0,0.42199600289003275,0.0,0.0,0.0,0.48916270202789797,0.0,0.47043108147630863,0.0,0.0,0.0,7,"['earthy', 'solid', 'correct', 'ripe', 'long', 'warm', 'oaky']",0.09583333333333333,0.3166666666666667
US,"A good Zinfandel, dry and rich in the thick tannins you'd expect off Howell Mountain. The blackberry, cassis and cedar flavors are liberally spiced with pepper. Loses a few points for a certain green herbaceousness.",0.4878691556714132,0.33333333333333304,0.11143513506376909,0.48320336340370695,1.0,0.0,0.0,0.0,0.0,0.5325910529732136,0.0,0.3366943288364108,0.0,0.0,0.0,0.5947414000734883,0.0,0.0,0.49926582725128466,0.0,7,"['good', 'dry', 'rich', 'thick', 'few', 'certain', 'green']",0.027827380952380944,0.4370535714285715
US,"Here's a sweetly delicious young Pinot whose flavors are designed to please. It floods the mouth with raspberry and cherry jam, anise, cola, pepper and sandalwood notes, brightened with crisp acidity. Drink now.",0.35445387266905204,0.44444444444444375,0.215807798654832,0.35832948395479236,0.6346153846153847,0.6509010193803977,0.0,0.0,0.6255176402717871,0.0,0.0,0.430180827883315,0.0,0.0,0.0,0.0,0.0,0.0,0.0,0.0,3,"['delicious', 'young', 'crisp']",0.45,0.6055555555555555
US,"The blend is 50% Merlot, 33% Cabernet Sauvignon and 17% Cabernet Franc, aged in 100% new French oak. The only wine from this producer that is a blend, it currently shows an abundance of barrel flavors. The baking spices overpower some of the signature elements that this distinguished vineyard imparts—the mineral, saline, iron and steel notes often found in Ciel's red wines. The fruit remains gorgeously ripe, and with a bit more bottle age those subtle flavors may reappear.",0.5298210462996781,0.6111111111111107,0.0965197644635737,0.5367695589430861,0.06730769230769232,0.0,0.0,0.0,0.0,0.0,0.0,0.575870933920174,0.35256649484615205,0.47787064050577643,0.0,0.0,0.48208845718330456,0.0,0.0,0.2886172284722885,8,"['new', 'french', 'only', 'distinguished', 'red', 'ripe', 'more', 'subtle']",0.10033670033670034,0.4616161616161616
Italy,"Fragrant and spicy, this savory wine delivers aromas of ripe black cherry, blackberry and white pepper that carry over to the palate. It's balanced with fresh acidity while soft, polished tannins give a smooth, easy-drinking texture.",0.21083699175912196,0.44444444444444375,0.4156108895989015,0.218392594934111,0.038461538461538464,0.3493581352562589,0.36233238726699785,0.39004762356018474,0.3357341129735341,0.0,0.0,0.0,0.0,0.0,0.4019720507260606,0.0,0.3865792419625761,0.0,0.3423757527950006,0.23143767028160422,11,"['fragrant', 'spicy', 'savory', 'ripe', 'black', 'white', 'fresh', 'soft', 'polished', 'smooth', 'easy']",0.12666666666666665,0.35666666666666663
France,"A subtle note of caramel adds richness to the baked apple aromas on the nose. On the palate, hints of chamomile tisane add to the baked apple flavors. The body is taut and linear. Rounded hints of baked apple persist even on the dry, clean and fresh finish.",0.5055777647747736,0.6666666666666661,0.11023973195555672,0.515589940411902,0.7307692307692308,0.0,0.46783787036987684,0.0,0.0,0.4715776824965627,0.4477535915983754,0.29812279124109853,0.0,0.0,0.5190199793575591,0.0,0.0,0.0,0.0,0.0,9,"['subtle', 'baked', 'baked', 'linear', 'rounded', 'baked', 'dry', 'clean', 'fresh']",0.06666666666666668,0.5750000000000001
Italy,"A distinctive offering marked by a beautiful seamless quality, some exotic aromatic notes and a unique bottle design. Cedar, sandalwood and a sweet dustiness on the nose open to a cherry and toasty oak palate. Dry and even in the mouth. The finish has fine-grained tannins and a lovely back-end bouquet. Drink now through 2007.",0.31898405454055623,0.6111111111111107,0.2634007551952681,0.331280827115503,0.7692307692307693,0.0,0.0,0.0,0.34448797196485176,0.37475170476850667,0.35581925946831877,0.0,0.0,0.39318843745739973,0.412452983447914,0.0,0.0,0.40761942330078005,0.35130278447333924,0.0,10,"['distinctive', 'beautiful', 'seamless', 'exotic', 'aromatic', 'unique', 'sweet', 'open', 'lovely', 'back']",0.3009259259259259,0.6888888888888889
US,"Could almost be a Zinfandel, it's so jammy-fruity in raspberries, cherries, red currants and pepper, with firm tannins and a solid dose of acidity. It's also slightly sweet and one-dimensional.",0.4057988371578959,0.22222222222222143,0.16131604657917667,0.3979364835812562,0.8557692307692308,0.5544048650041362,0.0,0.0,0.0,0.0,0.0,0.0,0.0,0.0,0.0,0.0,0.0,0.6304235817744681,0.543324353588532,0.0,6,"['jammy', 'red', 'firm', 'solid', 'sweet', 'dimensional']",0.03749999999999999,0.2875
US,"A lovely Riesling made in the off-dry style of a fine German Kabinett. It's crisp and sleek in acidity, with a mineral undertow to the peach, pineapple, gardenia and petrol flavors. Very pretty and polished with pan-fried trout almondine.",0.2989628796719753,0.44444444444444375,0.27868289720366507,0.30425472312620494,0.7307692307692308,0.6287307234405035,0.0,0.0,0.0,0.6572927582423327,0.0,0.41552846757372386,0.0,0.0,0.0,0.0,0.0,0.0,0.0,0.0,7,"['lovely', 'dry', 'fine', 'crisp', 'sleek', 'peach', '-']",0.29833333333333334,0.5333333333333334
Italy,"Bubbly and bright, this is a luminous Prosecco Brut with pretty floral fragrances and clean mineral nuances. It has persistent bubbling and a compact texture that ends with zesty crispness and drying mineral tones.",0.23963682528528263,0.3888888888888884,0.36066709433106503,0.24388824262443753,0.6826923076923077,0.0,0.0,0.0,0.0,0.0,0.0,0.0,0.0,0.0,0.0,0.0,0.0,0.0,0.0,0.0,8,"['bright', 'luminous', 'pretty', 'floral', 'clean', 'persistent', 'compact', 'zesty']",0.43888888888888894,0.8333333333333334
US,"One of the most beautiful package designs in the state introduces a fresh and toasty wine that translates this cool, wet vintage into a most delicate and enjoyable bottle of Pinot. Light cranberry and cherry fruit is set in a gently proportional bed of tart acid and pretty oak, 40% new.",0.41858536859646944,0.5555555555555554,0.1636951043621055,0.42587054814700864,0.6346153846153847,0.0,0.0,0.0,0.5355149149316756,0.0,0.0,0.0,0.4509505647946839,0.6112209707530839,0.0,0.0,0.0,0.0,0.0,0.36915618497965536,12,"['beautiful', 'fresh', 'toasty', 'cool', 'wet', 'delicate', 'enjoyable', 'cranberry', 'proportional', 'tart', 'pretty', 'new']",0.2988636363636364,0.6670454545454545
Spain,"This smells stalky and leafy, with a baked element. It shows tomato-driven acidity and red-leaning flavors of cranberry, tomato and raspberry that are touched up by notes of oak-based vanilla and dill. Tomato and tobacco flavors are key to the finish.",0.3374017500503924,0.3888888888888884,0.23072048228500394,0.3391492782108958,0.8557692307692308,0.45012445922866856,0.0,0.0,0.0,0.0,0.44679943101078406,0.5949749862301401,0.0,0.4937236123713175,0.0,0.0,0.0,0.0,0.0,0.0,5,"['stalky', 'leafy', 'baked', 'red', 'key']",0.0,1.0
Spain,"Clean and approachable, with lemon-lime aromas leading to an easy, mildly crisp palate with lemon, lime and honeydew flavors. Sweet in accordance with standard extra dry guidelines, and also good for apéritifs and sparkling cocktails.",0.15949202727027811,0.33333333333333304,0.5109714557312984,0.16322526066752552,0.8173076923076924,0.0,0.453843419483441,0.0,0.0,0.45747136247672376,0.0,0.2892050335639523,0.0,0.0,0.5034945162212469,0.0,0.0,0.49759403513474065,0.0,0.0,8,"['clean', 'approachable', 'easy', 'crisp', 'sweet', 'standard', 'dry', 'good']",0.25416666666666665,0.48750000000000004
US,"When first opened it is tight and herbal, with the scent of blood. But the subtle hints of rock and spice that underlie the pristine cranberry fruit need some years to unwrap themselves. This new 2006 Schindler comes out swinging, its wild berry fruit laced with earthy, barnyard funk. Tastes like an unbridled mix of fruit and soil, spice and barrel, that adds up to a vibrant, earthy, alive Pinot.",0.44775072778616076,0.6111111111111107,0.1442000475297721,0.4567747242372988,0.6346153846153847,0.0,0.0,0.0,0.0,0.0,0.0,0.0,1.0,0.0,0.0,0.0,0.0,0.0,0.0,0.0,13,"['tight', 'herbal', 'subtle', 'pristine', 'cranberry', 'new', 'wild', 'laced', 'earthy', 'unbridled', 'vibrant', 'earthy', 'alive']",0.03444650587507731,0.38670377241805814
US,"Belle Vallée has made a nouveau-style Pinot Noir, very forward with light fruit flavors of strawberry candy.",0.23963682528528263,0.22222222222222143,0.34772222110042295,0.23602166451146878,0.6346153846153847,0.0,0.0,0.0,0.0,0.0,0.0,0.6325426926623351,0.7745254947123966,0.0,0.0,0.0,0.0,0.0,0.0,0.0,2,"['nouveau', 'light']",0.30000000000000004,0.5
Italy,"The Lirano Soprano Barbera d'Alba is ripe with aromas of coffee and freshly ground espresso bean, followed by chocolate and a playful touch of white pepper. The fruit tones hold up nicely to round off the bouquet and the wine balances richness and freshness.",0.4057988371578959,0.5555555555555554,0.1738910662889433,0.41340848202466085,0.038461538461538464,0.0,0.5629776455511343,0.0,0.0,0.0,0.0,0.0,0.4392753465124306,0.0,0.0,0.0,0.6006514435560537,0.0,0.0,0.3595986428090548,3,"['ripe', 'playful', 'white']",0.033333333333333326,0.3
US,"A pure, varietal Cabernet Sauvignon, from a mix of Walla Walla vineyards. With a great Cabernet vintage, a new consulting winemaker (Robert Smasne) and excellent fruit sources, Skylite Cellars hits a real high note here. Lush black cherry fruit is framed in ripe, chewy tannins; the wine is dense and textural, with hints of herb and alcohol at a moderate 13.5%.",0.3851792266937255,0.5555555555555554,0.19157468775580258,0.3933125740495591,0.11538461538461539,0.0,0.0,0.4100543723605723,0.3529549538561757,0.0,0.0,0.0,0.5944381056457834,0.0,0.0,0.0,0.40640808674515716,0.0,0.35993726392277253,0.24330882409099674,12,"['pure', 'varietal', 'great', 'new', 'excellent', 'high', 'lush', 'black', 'ripe', 'dense', 'textural', 'moderate']",0.2904978354978355,0.6184848484848485
US,"A tightly structured wine marked by apple and peach flavors, but there's a young earthiness that keeps it from being a mere fruit-fest. Lush, creamy and complex, with real density and weight. Lots to like here.",0.2527888823873867,0.4999999999999991,0.3479619409750645,0.2617974791505606,0.14423076923076925,0.0,0.0,0.0,0.0,0.0,0.0,0.5342133248610771,0.6541247642565923,0.0,0.0,0.0,0.0,0.0,0.0,0.5354782127473825,7,"['young', 'mere', 'fest', 'lush', 'creamy', 'complex', 'real']",-0.06836734693877551,0.3979591836734694
France,"Lemon and Anjou pear take the lead in this easy-drinking white, with secondary hints of faint toast and citrus rind adding depth and interest. It's balanced but there's a slight sharpness to the finish with a slightly pithy bitterness.",0.11754013664201335,0.22222222222222143,0.6014417364210083,0.11709636135637469,0.14423076923076925,0.0,0.0,0.0,0.0,0.0,1.0,0.0,0.0,0.0,0.0,0.0,0.0,0.0,0.0,0.0,6,"['white', 'secondary', 'faint', 'balanced', 'slight', 'pithy']",-0.22666666666666666,0.3266666666666667
US,"This is bone dry, with lots of zesty acidity and flavors of sour cherry candy, pomegranate and persimmon, with a mushroomy earthiness. It should change over the next four years, although not necessarily improving. Try pairing it with steak, lamb or a rich cut of ahi tuna.",0.4878691556714132,0.5555555555555554,0.11730347759499354,0.49339956215833713,0.6346153846153847,0.45567126783753986,0.0,0.0,0.43790132095463014,0.47637154241446855,0.0,0.301153381857641,0.0,0.0,0.0,0.5319613923461787,0.0,0.0,0.0,0.0,6,"['dry', 'zesty', 'sour', 'pomegranate', 'next', 'rich']",0.03166666666666666,0.49000000000000005
US,"The vintage was particularly successful for Patz & Hall, which achieved ripeness and balancing acidity with a seemingly effortless touch. This wine is brilliantly clean and extraordinarily rich in pineapples, Meyer lemons, sweet limes and minerals. Grows better as it warms in the glass.",0.5298210462996781,0.6666666666666661,0.09774233582424546,0.5392208170072865,0.14423076923076925,0.49417979393511496,0.0,0.0,0.0,0.0,0.0,0.0,0.0,0.0,0.0,0.5769171545501031,0.0,0.5619405878244222,0.0,0.32737700561829763,5,"['successful', 'clean', 'rich', 'sweet', 'better']",0.4683333333333334,0.71
France,"A blend of equal parts Merlot and Cabernet Sauvignon, this is already a well-balanced, ready-to-drink wine. It has dusty tannins suspended easily in the black currant flavor, while the dry core brings weight. Drink now or age for two years.",0.21083699175912196,0.3888888888888884,0.4107206041562145,0.2158307619714921,0.06730769230769232,0.0,0.0,0.5774120505952356,0.0,0.5406711947845703,0.0,0.0,0.0,0.0,0.0,0.0,0.0,0.0,0.5068403793644565,0.3426117522843082,5,"['equal', 'ready', 'dusty', 'black', 'dry']",-0.039999999999999994,0.5433333333333333
US,"Marked by zingy acidity, this Malbec shows Cabernet-like black currant flavors and strong, rich tannins. Bone dry, it needs a good steak to punch through the astringency.",0.4057988371578959,0.33333333333333304,0.16550771981576556,0.403213276425757,0.42307692307692313,0.4049041717739051,0.0,0.45206306661263607,0.0,0.4232981942296989,0.0,0.26760138122523286,0.0,0.0,0.0,0.4726946862500378,0.0,0.0,0.3968116286149755,0.0,6,"['zingy', 'like', 'black', 'strong', 'rich', 'good']",0.22916666666666666,0.6194444444444445
US,"Entirely off the estate, this polished young Pinot offers a complex mélange of flavors, in a balanced structure. The tastes of root beer, red currants, licorice, gingersnap cookie and sweet oak are frankly delicious. Fine now, and should peak by 2010, then hold for several more years.",0.5097998714310973,0.6666666666666661,0.10796747811350012,0.5197053586478035,0.6346153846153847,0.0,0.0,0.0,0.0,0.0,0.0,0.3859094039502636,0.0,0.6404725891877643,0.0,0.0,0.0,0.6639795135709188,0.0,0.0,9,"['polished', 'young', 'complex', 'balanced', 'red', 'sweet', 'delicious', 'several', 'more']",0.2166666666666667,0.4074999999999999
US,"Dry and robust in tannins, this very fine Pinot Noir will benefit from some time in the cellar. With a silky texture, it shows tart coastal acidity framing flavors of sour red cherry candy, cinnamon, sandalwood and pepper. Best 2010–2012.",0.4636258741465087,0.6111111111111107,0.1336044290706169,0.47224789587953064,0.6346153846153847,0.47599286606694735,0.0,0.0,0.45743043182176407,0.49761631200200684,0.0,0.31458393687284164,0.0,0.0,0.0,0.0,0.0,0.0,0.4664795217239795,0.0,9,"['robust', 'fine', 'silky', 'tart', 'coastal', 'sour', 'red', 'cinnamon', 'best']",0.265,0.33
Italy,"Notes of pink roses and wild flowers open the bouquet of this delicate selection. It offers cranberry and citrus flavors over an easy, fresh finish.",0.2527888823873867,0.33333333333333304,0.3357362273683469,0.25411033635148494,0.125,0.0,0.0,0.0,0.0,0.0,0.8323758511705102,0.554211550211802,0.0,0.0,0.0,0.0,0.0,0.0,0.0,0.0,6,"['pink', 'wild', 'delicate', 'cranberry', 'easy', 'fresh']",0.07619047619047618,0.4904761904761905
US,"A good Cabernet for drinking now, with polished tannins and candied flavors of blackberry pie filling, sour black cherry Lifesavers and sweet, smoky sandalwood.",0.5298210462996781,0.3888888888888884,0.09162947902088668,0.52668755961415,0.11538461538461539,0.0,0.0,0.5064260121566804,0.4359069962437865,0.0,0.0,0.29978184538937114,0.0,0.0,0.0,0.0,0.0,0.5157920533718859,0.44453030008106087,0.0,6,"['good', 'polished', 'sour', 'black', 'sweet', 'smoky']",0.18333333333333332,0.4458333333333333
US,"This is a classic style of Cabernet that should improve with age. It smells like pencil shavings, tobacco and cedar, and tastes like dark chocolate and black cherry, while feeling very firm on the palate. It has fine-grained tannins, and a lingering dark chocolate and cherry finish. It will be best after 2018.",0.3283771284011352,0.4999999999999991,0.24640701328193076,0.3354511934847859,0.11538461538461539,0.0,0.0,0.3896457128413027,0.6707763353647502,0.0,0.34642013414435,0.0,0.0,0.0,0.4015578529047711,0.0,0.0,0.0,0.34202296386200415,0.0,6,"['classic', 'dark', 'black', 'firm', 'dark', 'best']",0.07333333333333332,0.36999999999999994
Spain,"May be getting old but still welcoming and mostly fresh. Citrus, melon and mango flavors are flush and clean, and the finish is racy and fluid. Normally Albariño is a one-year wine, meaning you should drink it in the year immediately after harvest. Here's an '05 that's hanging in there and still showing kick. Drink now for best results.",0.27703216391229124,0.44444444444444375,0.3080246098597872,0.28288549199668633,0.019230769230769232,0.0,0.0,0.0,0.0,0.0,0.7276372193080664,0.48447459250222835,0.0,0.0,0.0,0.0,0.0,0.0,0.0,0.4856217111059026,6,"['old', 'fresh', 'flush', 'clean', 'racy', 'best']",0.3194444444444445,0.40833333333333327
US,"This sparkling wine, a blend of 60% Chardonnay and 40% Pinot Noir, is dry, creamy and rich in flavors of citrus, yeast and vanilla. It feels refined and silky on the palate, with a honeyed finish.",0.4968937773206705,0.5555555555555554,0.1122251042506647,0.5021959782074654,0.8173076923076924,0.0,0.0,0.0,0.0,0.4401807325461243,0.4179428146525311,0.2782742133649604,0.0,0.0,0.48446439091474586,0.4915473207790113,0.0,0.0,0.0,0.2789330993664431,5,"['dry', 'creamy', 'rich', 'refined', 'honeyed']",0.15416666666666667,0.675
Spain,"Aalto is one of several smaller projects being led by former Vega Sicilia head winemaker Mariano García, and we think this 2001 Pagos Seliccionados (PS) is his best effort to date. The wine is dark, with charcoal, lemon and pure black-fruit aromas. It features a brilliant luster and deep, rich, syrupy flavors of maple, boysenberry and black cherry. Shows a beautiful finish and amazing depth. Hold until 2006–07.",0.6585877195452826,0.833333333333333,0.051633930221767876,0.6719389022510922,0.9134615384615385,0.0,0.31466155383870387,0.6774607824947279,0.2915627235582023,0.0,0.3011531340073339,0.2005134399498064,0.24552140602549366,0.0,0.0,0.35418964263945396,0.0,0.0,0.0,0.2009882072561065,14,"['several', 'smaller', 'former', 'best', 'dark', 'pure', 'black', 'brilliant', 'deep', 'rich', 'boysenberry', 'black', 'beautiful', 'amazing']",0.3018849206349207,0.5152777777777778
US,"With 6 Rhône varieties, including Viognier, this is a fresh, fruity wine meant to be consumed within the next five years. It's strong in cherry, blackberry and other berry flavors, with the smoky vanilla of oak.",0.43652419118256935,0.3888888888888884,0.14481133321010797,0.43575156707215146,0.701923076923077,0.0,0.0,0.0,0.5546245984592693,0.0,0.0,0.3814262837191815,0.0,0.6330322013852135,0.0,0.0,0.0,0.0,0.0,0.3823294088629063,5,"['fresh', 'next', 'strong', 'other', 'smoky']",0.15208333333333332,0.40208333333333335
France,"This offers black currant flavors and firm, stalky tannins. It has acidity, a good juicy character and a dry aftertaste. Drink from 2015.",0.19496184539877393,0.22222222222222143,0.42539146048427556,0.19250052807862295,0.06730769230769232,0.4594781010873898,0.0,0.5129931818408169,0.0,0.4803513128212177,0.0,0.30366931996539365,0.0,0.0,0.0,0.0,0.0,0.0,0.45029482607359467,0.0,6,"['black', 'firm', 'stalky', 'good', 'juicy', 'dry']",0.07333333333333333,0.40666666666666673
US,"A distinctive Syrah that shows great concentration in the focused blackberry, sweet leather, dark chocolate, mineral and black pepper flavors. Beyond the power, the wine is bone dry, soft in acidity and quite tannic. The end result is impressive, and ready to drink now.",0.35445387266905204,0.5555555555555554,0.2210473902005681,0.36336876892675485,0.8365384615384616,0.42608740317789595,0.0,0.4757134935946541,0.0,0.44544373933973097,0.0,0.2816013900611187,0.0,0.0,0.0,0.0,0.0,0.48451152545060555,0.0,0.28226815401191996,10,"['distinctive', 'great', 'sweet', 'dark', 'black', 'dry', 'soft', 'tannic', 'impressive', 'ready']",0.25833333333333336,0.5854166666666667
France,"Spicy, toasty wine, the fruit tropically rich. The texture is dense, the acidity important but not dominant. Delicious wine, now maturing well.",0.34608573750449545,0.6111111111111107,0.23249686802273212,0.3576915387165649,0.14423076923076925,0.4577149096694414,0.0,0.0,0.0,0.0,0.0,0.0,0.37040516469872076,0.0,0.0,0.5343471880526195,0.0,0.0,0.0,0.6064405643186042,6,"['spicy', 'rich', 'dense', 'important', 'dominant', 'delicious']",0.5916666666666667,0.9166666666666666
US,"A five-grape Bordeaux blend, substantial and pretty. Sweet, slightly candied cherry and plum fruit opens the wine, which has some interesting layering, bringing in cassis, hints of herb and edgy tannins.",0.34608573750449545,0.44444444444444375,0.22434639228492043,0.35017454689120364,0.6923076923076923,0.0,0.0,0.0,0.46502187121869876,0.0,0.0,0.0,0.3915892342507548,0.0,0.0,0.0,0.0,0.5502425698269536,0.4742211383124851,0.32056193977920794,5,"['substantial', 'pretty', 'sweet', 'interesting', 'edgy']",0.12666666666666665,0.6133333333333333
Spain,"Nothing special about this blend of Tempranillo and Shiraz. In fact, it's more austere and less pleasing than the brand's basic 2007 Temp-Shiraz blend. That said, this wine shows thin raspberry flavors and a tangy, almost sour back end. Probably best with food; not real good on its own.",0.15949202727027811,0.16666666666666607,0.492632885321222,0.15526793926400773,0.875,0.0,0.0,0.0,0.0,0.0,0.0,0.7062701484232128,0.0,0.0,0.0,0.0,0.0,0.0,0.0,0.7079424252340392,9,"['special', 'austere', 'pleasing', 'basic', 'thin', 'sour', 'back', 'good', 'own']",0.15071428571428572,0.3913095238095238
US,"This is a real New Zealand-style Sauvignon Blanc. It's dry and tart, with rich gooseberry, lime, green apple, Asian pear, vanilla and white pepper flavors. A touch of oak brings a pleasant, buttery toastiness. The grapes come from the cool Arroyo Seco AVA and the warm San Lucas AVA, a brilliant blending decision that makes this wine especially balanced.",0.2256871994234474,0.4999999999999991,0.393298962266642,0.23539285194812387,0.7980769230769231,0.0,0.0,0.0,0.0,0.49093847351375985,0.0,0.31036232944003456,0.0,0.5150912693188052,0.0,0.5482282014643601,0.0,0.0,0.0,0.31109719233581934,12,"['real', 'dry', 'tart', 'rich', 'green', 'asian', 'white', 'pleasant', 'cool', 'warm', 'brilliant', 'balanced']",0.26329201101928373,0.5953168044077134
US,"This tart and aromatic white blend could be labeled Chardonnay; less than a quarter is a mix of Riesling, Muscat, Gewürztraminer and Pinot Gris. It's detailed and lively, with bright citrus, pineapple, pink grapefruit and sweet spice.",0.1779097227801143,0.44444444444444375,0.4818178309768181,0.18631708791684543,0.9807692307692308,0.0,0.0,0.0,0.0,0.0,0.0,0.0,0.0,0.0,0.0,0.0,0.0,1.0,0.0,0.0,8,"['tart', 'aromatic', 'less', 'detailed', 'lively', 'bright', 'pink', 'sweet']",0.18852813852813854,0.43809523809523804
Italy,"Here's a luminous and bright Chardonnay with a well-balanced aromatic offering that spans from toasted nut to chalky mineral to exotic fruit. Overall, the wine tastes smooth and creamy, but there are a few sharp points of acidity that help move it along the palate. It's a sophisticated white wine in a very elegant bottle.",0.4247216884289221,0.5555555555555554,0.15899959558000912,0.4318512300180737,0.14423076923076925,0.45959604633289064,0.0,0.0,0.0,0.0,0.0,0.0,0.37192747197105525,0.0,0.5288119743211613,0.0,0.0,0.0,0.0,0.6089329401526499,12,"['luminous', 'bright', 'aromatic', 'chalky', 'exotic', 'smooth', 'creamy', 'few', 'sharp', 'sophisticated', 'white', 'elegant']",0.2694444444444445,0.5722222222222223
US,"A blend of Dolcetto, Refosco and Nebbiolo, this red is a lusty, tannic, acidic, slightly sweet wine. Nothing fancy going on, but for sheer power, it impresses.",0.4878691556714132,0.33333333333333304,0.11143513506376909,0.48320336340370695,0.6923076923076923,0.0,0.0,0.0,0.0,0.0,0.0,0.0,0.0,0.0,0.0,0.0,0.0,0.864060960418419,0.0,0.5033871836676015,6,"['lusty', 'tannic', 'acidic', 'sweet', 'fancy', 'sheer']",0.11666666666666665,0.4666666666666666
Spain,"Slightly sweet on the nose, the aromas of baked fruit, cream soda and vanilla are welcoming. Interestingly, the wine is a bit more tart and refined on the palate, where zesty but full apple and pear flavors run the show. Not lean but definitely streamlined and acidic. More of a food wine than a stand-alone sipper.",0.19496184539877393,0.44444444444444375,0.4463498266672199,0.20292764082694137,0.8173076923076924,0.0,0.4055624520902716,0.0,0.0,0.0,0.0,0.25843869831261324,0.31644877568802815,0.0,0.44993154433110455,0.0,0.0,0.44465877078140886,0.0,0.5181012372283532,10,"['sweet', 'baked', 'tart', 'zesty', 'full', 'lean', 'streamlined', 'acidic', 'more', 'alone']",0.3666666666666667,0.5333333333333333
US,"This is a small-production blend of Cabernet Sauvignon and Cabernet Franc made by a winemaker who knows a lot about Bordeaux blends, Genevieve Janssens, the longtime vintner at Robert Mondavi. It's ripe and pretty tannic, with cassis and smoky, 100% new oak flavors. An ambitious wine, it's quite good, and needs time in the cellar to soften and resolve. Best after 2008, at least.",0.6987061474305353,0.6666666666666661,0.03925452192970874,0.7038500640626528,0.06730769230769232,0.0,0.0,0.0,0.0,0.0,0.0,0.3636382654751319,0.0,0.6035104069312127,0.0,0.0,0.608837154472602,0.0,0.0,0.3644992728959337,9,"['small', 'longtime', 'ripe', 'tannic', 'smoky', 'new', 'ambitious', 'good', 'least']",0.3393939393939394,0.5840909090909091
Italy,"Made from organically farmed grapes, this offers tropical and white stone fruit aromas. On the bright palate, a saline hint underscores yellow apple, Bartlett pear and citrus fruit. It finishes clean and crisp.",0.27703216391229124,0.4999999999999991,0.31169232394180246,0.2854188756132381,0.38461538461538464,0.0,0.4629398863581953,0.0,0.0,0.0,0.0,0.0,0.7224374914401493,0.0,0.5135861491320863,0.0,0.0,0.0,0.0,0.0,6,"['tropical', 'white', 'bright', 'yellow', 'clean', 'crisp']",0.23611111111111113,0.3194444444444445
US,"Acorn, which does such interesting things with Rhône varieties, shows it's no slouch with Bordeaux varieties, to judge from this fresh, succulent young red wine. It's medium-bodied and dry, with polished flavors of cherries, blueberries, leather and herbs and a long, spicy finish.",0.35445387266905204,0.44444444444444375,0.215807798654832,0.35832948395479236,0.09615384615384616,0.0,0.0,0.0,0.0,0.608274915230933,0.57754488408351,0.3845402831842242,0.0,0.0,0.0,0.0,0.0,0.0,0.0,0.3854507815251681,12,"['acorn', 'such', 'interesting', 'fresh', 'succulent', 'young', 'red', 'bodied', 'dry', 'polished', 'long', 'spicy']",0.11190476190476191,0.41428571428571426
Italy,"Here's a wine that holds its own in a ranking of top Nebbiolos. There's depth and great promise of fruit here, which is wrapped within folds of vanilla, ginger, cinnamon and dusty mineral. The mouthfeel is plush and velvety and the wine ends with tart but succulent tannins. It will drink beautifully for five-plus years.",0.43652419118256935,0.7222222222222214,0.1558144754561538,0.4507082010541823,0.5384615384615385,0.0,0.0,0.0,0.0,0.0,0.0,0.0,0.44077666382224473,0.0,0.0,0.0,0.0,0.0,0.5337879414874683,0.7216552959358802,6,"['own', 'top', 'great', 'dusty', 'plush', 'succulent']",0.47000000000000003,0.77
US,"This makes you wonder why it took so long for California vintners to understand that Chard doesn't have to be drenched in oak to be succulent. The wine is crisp and dry in pineapple, pink grapefruit, green apple and cinnamon spice flavors. Great with shellfish and grilled chicken.",0.27703216391229124,0.3888888888888884,0.30435689577777186,0.28032317133396,0.14423076923076925,0.0,0.0,0.0,0.0,0.5870161130906644,0.0,0.3711008570456784,0.0,0.6158956592632723,0.0,0.0,0.0,0.0,0.0,0.37197953407754897,6,"['succulent', 'crisp', 'dry', 'pink', 'green', 'great']",0.004761904761904777,0.530952380952381
US,"Quite a beautiful Cabernet, showing Oakville character of black currants and cedar and profoundly fine tannins, as well as a great depth of flavor and ageworthiness. Made from 100% Cabernet, it's lush and dramatic now, and should easily develop over the next 6–10 years.",0.5097998714310973,0.7777777777777777,0.11063490653678396,0.5245288753748705,0.11538461538461539,0.0,0.0,0.7515406069414212,0.0,0.0,0.0,0.0,0.0,0.0,0.0,0.0,0.0,0.0,0.6596868318513871,0.0,8,"['beautiful', 'black', 'fine', 'great', 'lush', 'dramatic', 'next', '6–10']",0.25,0.5520833333333334
Italy,"Here is a plush and elegant Barbera d'Alba with bright fruit tones followed by graphite, a dash of exotic spice and pretty earthy nuances. The wine is bright and fruity in the mouth with cherry and blackberry on the close.",0.27703216391229124,0.3888888888888884,0.30435689577777186,0.28032317133396,0.038461538461538464,0.0,0.0,0.0,0.676616528681925,0.0,0.0,0.0,0.5697705091882674,0.0,0.0,0.0,0.0,0.0,0.0,0.46642431323180833,6,"['plush', 'elegant', 'bright', 'exotic', 'earthy', 'bright']",0.53,0.9199999999999999
US,"Wild Horse captures the essence of Central Coast Pinot. The wine isn't especially complex or ageable, but defines the fruit and acid balance of the region. Cherries, black raspberries, root beer and spiced rum punch are the flavors, and the wine is silky and dry.",0.3283771284011352,0.3888888888888884,0.24053867075070634,0.3303549103615069,0.6346153846153847,0.0,0.0,0.49023915727026346,0.0,0.4590451318399992,0.0,0.29019994178960357,0.3553392618197346,0.0,0.0,0.0,0.0,0.0,0.0,0.5817741300605043,5,"['complex', 'ageable', 'black', 'silky', 'dry']",-0.14666666666666667,0.4966666666666667
Italy,"Unique and appealing, with scents of pear drop and roasted walnuts leading into a luxuriously textured palate. Caramel notes from toasty new oak vie with kiwi flavors in the mouth while the finish is long and dry. Drink now or age a few years for even more complexity.",0.2989628796719753,0.4999999999999991,0.2820171827327699,0.3067882367960151,0.14423076923076925,0.0,0.0,0.0,0.0,0.46557939186281777,0.44205833443418646,0.2943307815409355,0.0,0.4884845919833471,0.5124182405635914,0.0,0.0,0.0,0.0,0.0,9,"['unique', 'appealing', 'roasted', 'toasty', 'new', 'long', 'dry', 'few', 'more']",0.17067099567099567,0.5077922077922078
Italy,"This opens has a bold appearance with dark extraction. The aromas that follow are reminiscent of ripe cherry, cinnamon spice, plum and pulpy black fruit. Round and soft, this closes with firm grittiness.",0.21083699175912196,0.44444444444444375,0.4156108895989015,0.218392594934111,0.5384615384615385,0.0,0.4581306153444781,0.49317357231884024,0.4244999375541804,0.0,0.0,0.0,0.35746620917139044,0.0,0.0,0.0,0.4887881741281148,0.0,0.0,0.0,8,"['bold', 'dark', 'reminiscent', 'ripe', 'black', 'round', 'soft', 'firm']",-0.04047619047619048,0.45
Spain,"Already past its prime, this Garnacha-based rosado has sweet nectarine aromas along with a sugary, creamy palate. If it had more zest upon release, that's mostly gone at this stage. Wait for the 2006.",0.03546981812849592,0.11111111111111072,0.8445587841431627,0.0318017264733208,0.2884615384615385,0.0,0.5397238914104936,0.0,0.0,0.0,0.0,0.0,0.0,0.0,0.5987704303569621,0.0,0.0,0.5917534053732622,0.0,0.0,5,"['sweet', 'sugary', 'creamy', 'more', 'zest']",0.275,0.475
France,"Very pure—this has a straight line of acidity right to the wine's citrus- and pineapple-flavored heart. It is structured and taut, with its acidity dominant. It is concentrated and ready to age for 2–3 years.",0.3283771284011352,0.6111111111111107,0.2522753558131552,0.34043426676790833,0.7980769230769231,0.9492798298022366,0.0,0.0,0.0,0.0,0.0,0.0,0.0,0.0,0.0,0.0,0.0,0.0,0.0,0.3144325122035517,7,"['pure', 'straight', 'citrus-', 'taut', 'dominant', 'concentrated', 'ready']",0.22142857142857142,0.43392857142857144
Italy,"Aromas suggest apricot, lemon drop, exotic fruit and subtle oak. The forward palate delivers yellow peach, nectarine, green melon and lemon drop alongside a note of vanilla.",0.4832205459146567,0.4999999999999991,0.1185010985197332,0.48636261054846597,0.7884615384615385,0.0,0.5026408137552506,0.0,0.0,0.0,0.0,0.0,0.39219624327618735,0.5315850278403064,0.5576304128036114,0.0,0.0,0.0,0.0,0.0,6,"['exotic', 'subtle', 'forward', 'yellow', 'peach', 'green']",-0.008333333333333331,0.45
Spain,"This is mucky and sweet. Its best foot is not put forward via the compost-like nose, and from then on there's little more than prune, leather and a sticky mouthfeel.",0.06619517215316933,0.0,0.7188085870454965,0.05617715584774596,0.2884615384615385,0.0,0.0,0.0,0.0,0.0,0.0,0.0,0.0,0.0,0.0,0.0,0.0,1.0,0.0,0.0,7,"['mucky', 'sweet', 'best', 'like', 'little', 'more', 'sticky']",0.415625,0.4875
Italy,"Cherry and vanilla are this ripasso's most prominent aromas but if you dig deep you will uncover Spanish cedar, blueberry tart, maple syrup and Indian spice. The wine has a bright personality and offers loads of ripe fruit in the mouth. Imported by Solstars Inc.",0.27703216391229124,0.44444444444444375,0.3080246098597872,0.28288549199668633,0.19230769230769232,0.0,0.49914563069983364,0.0,0.46250410246693263,0.0,0.0,0.0,0.3894690519570904,0.0,0.0,0.0,0.5325478657878975,0.0,0.0,0.3188263206934509,5,"['prominent', 'spanish', 'indian', 'bright', 'ripe']",0.30000000000000004,0.44999999999999996
Italy,"Intense aromas recall tropical fruit, crushed tomato vine and Granny Smith apples. The bright, juicy palate offers white peach, apricot, papaya, cantaloupe and almond, along with crisp acidity.",0.3283771284011352,0.4999999999999991,0.24640701328193076,0.3354511934847859,0.9326923076923077,0.4966329739791045,0.5150766302475388,0.0,0.0,0.0,0.0,0.0,0.40189955501864044,0.0,0.5714267247909648,0.0,0.0,0.0,0.0,0.0,5,"['intense', 'tropical', 'bright', 'juicy', 'crisp']",0.19166666666666665,0.38611111111111107
US,"Full-bodied and dry. You can taste the Pinot Noir in the black and red cherry and red currant flavors. A bit rough in texture, but pretty good for the price. Will pair well with roast salmon or even a lamb chop.",0.2989628796719753,0.3888888888888884,0.27534861167456026,0.30169226942212957,0.8173076923076924,0.0,0.0,0.580445191539512,0.49961912274335835,0.5435113363032681,0.0,0.34359793235357516,0.0,0.0,0.0,0.0,0.0,0.0,0.0,0.0,8,"['full', 'bodied', 'dry', 'black', 'red', 'red', 'rough', 'good']",0.06458333333333333,0.45416666666666666
France,"The nose is heady and fragrant, edged with dried chamomile and hay flowers and subdued honey. Underneath that is a notion of sweet, luscious apricot compote. With time, there are the most subtle notes of enticing pine resin and fir honey—lit and illuminated all the way by the purest and most concentrated of lemon acidity. A triumph of balance and richness.",0.6231179014167868,0.833333333333333,0.06269529015165518,0.6373622230080562,0.625,0.6603808970324726,0.0,0.0,0.0,0.0,0.0,0.0,0.0,0.0,0.0,0.0,0.0,0.7509308029602907,0.0,0.0,9,"['heady', 'fragrant', 'subdued', 'sweet', 'luscious', 'subtle', 'pine', 'purest', 'concentrated']",0.16333333333333333,0.55
US,"Decent and crisp, with waterered-down citrus flavors. Finishes a little sweet.",0.19496184539877393,0.16666666666666607,0.4201518689385395,0.18981622058730796,0.7980769230769231,0.0,0.0,0.0,0.0,0.0,0.0,0.5024986150125038,0.0,0.0,0.0,0.0,0.0,0.8645780137792747,0.0,0.0,4,"['decent', 'crisp', 'little', 'sweet']",0.14479166666666665,0.5583333333333333
France,"The partner to Copains d'Abord, this wine sports a label of women having a good time at a party. The wine suits the image: fresh, fruity and juicy.",0.1394708524016972,0.2777777777777777,0.5520943105902574,0.14110487873723043,0.2692307692307693,0.0,0.0,0.0,0.0,0.0,0.0,0.0,0.0,0.0,0.0,0.0,0.0,0.0,0.0,1.0,3,"['good', 'fresh', 'juicy']",0.5,0.55
US,"It's a fine wine, full-bodied and dry, with spicy flavors of currants, teriyaki beef, black pepper and cola, with a bracing minerality that grounds the richness. Could be more concentrated, but it's a great value.",0.15949202727027811,0.3888888888888884,0.5170843125346571,0.16581618920018504,0.8365384615384616,0.0,0.0,0.6226605172409265,0.0,0.5830404915428832,0.0,0.3685875417707313,0.0,0.0,0.0,0.0,0.0,0.0,0.0,0.3694602678801935,8,"['fine', 'full', 'bodied', 'dry', 'spicy', 'black', 'concentrated', 'great']",0.23055555555555554,0.563888888888889
France,"Fruity, crisp with red-currant and citrus flavors, this is a bright, vivacious wine. There is a tight mineral edge that contrasts with the fruitiness and turns this into a food friendly wine. Drink now.",0.3283771284011352,0.44444444444444375,0.24347284201631858,0.33291752373343897,0.7403846153846154,0.0,0.0,0.0,0.0,0.0,0.0,0.44636788277273826,0.0,0.0,0.0,0.0,0.0,0.0,0.0,0.8948495478173876,6,"['crisp', 'red', 'bright', 'vivacious', 'tight', 'friendly']",0.28660714285714284,0.5005952380952381
France,"A smooth wine, the tannins suspended within a velvet texture, resulting in an opulent, rich feel. This is very intense, with medicinal and dark plum skin flavors. Powerful, solid, for aging.",0.2527888823873867,0.6111111111111107,0.35611241671287613,0.26677969162230997,0.4326923076923077,0.0,0.0,0.0,0.0,0.0,0.0,0.3695149916189838,0.0,0.0,0.0,0.6527162611354675,0.0,0.0,0.5479338146560808,0.37038991370526575,8,"['smooth', 'opulent', 'rich', 'intense', 'medicinal', 'dark', 'powerful', 'solid']",0.1975,0.625
US,"Showing lots more depth and focus than Husch's regular Pinot Noir, this wine comes from nearly 40-year-old grapes grown on the estate. It's charming, light and silky in the mouth, with brilliant acidity framing intense flavors of cherries and spices. Should age well for up to a decade.",0.43652419118256935,0.6666666666666661,0.15398061841514613,0.4482836572142548,0.6346153846153847,0.7301702128185195,0.0,0.0,0.0,0.0,0.0,0.48256987974148274,0.0,0.0,0.0,0.0,0.0,0.0,0.0,0.4837124884462348,5,"['regular', 'old', 'charming', 'brilliant', 'intense']",0.39999999999999997,0.6681318681318682
France,"A richly soft, creamy wine, dominated by flavors of white currants and chives, this is full-bodied and still young. There is enough ripe acidity and full-flavored fruit to see it develop well over five years.",0.4878691556714132,0.5555555555555554,0.11730347759499354,0.49339956215833713,0.14423076923076925,0.5160561174882855,0.0,0.0,0.0,0.0,0.0,0.34106176092131885,0.4176177073411873,0.0,0.0,0.0,0.5710374614933127,0.0,0.0,0.34186931264231635,7,"['soft', 'creamy', 'white', 'bodied', 'young', 'enough', 'ripe']",0.02,0.37
US,"There's a tight, tannic coarseness to this Petite Sirah that makes it a little bitter and difficult. On the other hand, it's elegantly structured, with a rich core of blackberries. This suggests ageability, it could improve in the bottle.",0.31898405454055623,0.3888888888888884,0.2511750415885506,0.32120165943625256,0.5865384615384616,0.0,0.0,0.0,0.0,0.0,0.0,0.0,0.0,0.0,0.0,1.0,0.0,0.0,0.0,0.0,7,"['tight', 'tannic', 'little', 'bitter', 'difficult', 'other', 'rich']",-0.030867346938775495,0.6301020408163265
US,"Big, rich and fruity, with fantastically ripe cherry and Dr. Pepper flavors that are elevated by a note of sweet sandalwood, and brightened with crisp acidity. Impresses for sheer power, as well as the long, spicy finish. This is too young to drink now; it needs 5–6 years to mellow.",0.4832205459146567,0.5555555555555554,0.11999812467565779,0.48886853151597154,0.6346153846153847,0.37200834189457466,0.0,0.0,0.35750102282037144,0.0,0.3692603502919688,0.24586050986376268,0.0,0.0,0.0,0.4342913180762282,0.41164263344797286,0.42301726797691247,0.0,0.0,9,"['big', 'rich', 'ripe', 'sweet', 'crisp', 'sheer', 'long', 'young', '5–6']",0.1464285714285714,0.49523809523809526
France,"A rustic wine, with definite barnyard flavors. The fruit has some smoky extract, but the tannins and old wood tastes intrude too much.",0.265229661158644,0.6666666666666661,0.34045492384813264,0.2813516143276551,0.06730769230769232,0.0,0.0,0.0,0.0,0.0,0.0,0.41874797265042446,0.5127416448552952,0.0,0.0,0.0,0.0,0.0,0.6209387419670241,0.4197394665225741,4,"['rustic', 'definite', 'smoky', 'old']",0.10000000000000002,0.3
US,"Heavy on the oak, with overpowering buttered toast and butterscotch flavors. Underneath all that are pineapple and peach flavors. The finish is sweet and heavy.",0.34608573750449545,0.22222222222222143,0.21347909130117151,0.33974326461730464,0.14423076923076925,0.0,0.0,0.0,0.0,0.0,0.434098427446354,0.5780618504999531,0.0,0.4796887123125033,0.0,0.0,0.0,0.4972944716816636,0.0,0.0,4,"['heavy', 'peach', 'sweet', 'heavy']",-0.01666666666666668,0.5499999999999999
US,"A nice, everyday Pinot, with a properly silky texture. The cherry, cola, red licorice and bacon flavors are satisfyingly rich, with elaborate oak overtones. It's a pretty good value in an under-$20 Pinot Noir.",0.2527888823873867,0.33333333333333304,0.3357362273683469,0.25411033635148494,0.6346153846153847,0.0,0.0,0.0,0.48499034878910197,0.0,0.0,0.33353743575778677,0.0,0.5535537172304023,0.0,0.589165021594077,0.0,0.0,0.0,0.0,6,"['nice', 'silky', 'red', 'rich', 'elaborate', 'good']",0.27812499999999996,0.6312500000000001
Italy,"You'll notice a unique and terroir-driven note of freshly milled white peppercorn that distinguishes this Amarone. In the background are generous tones of berry, black mineral and toasted almond. Pair this extraordinary wine with roasted meat or aged cheese.",0.685445783262744,0.7777777777777777,0.04370053737285674,0.6957473753515144,0.19230769230769232,0.0,0.0,0.8600029010243267,0.0,0.0,0.0,0.0,0.0,0.0,0.0,0.0,0.0,0.0,0.0,0.5102891437506211,7,"['unique', 'white', 'generous', 'black', 'extraordinary', 'roasted', 'aged']",0.12361111111111113,0.5555555555555556
Italy,"A ripe and rich Barbera d'Asti Superiore with pleasantly inviting aromas of ripe blackberry, Maraschino cherry and exotic spice. All those aromatic layers are washed clean over the palate thanks to the wine's fresh acidity that kicks in on the finish.",0.2256871994234474,0.44444444444444375,0.38871431966412295,0.23285982590919407,0.038461538461538464,0.2885811339591466,0.29929828630135386,0.0,0.2773272503289586,0.0,0.2864494115124092,0.0,0.0,0.0,0.33204193208016025,0.3368964265714444,0.638653947066652,0.0,0.0,0.1911750109432492,7,"['ripe', 'rich', 'ripe', 'exotic', 'aromatic', 'clean', 'fresh']",0.41250000000000003,0.6861111111111112
Italy,"This simple red is a great food wine, and it would pair with just about anything containing meat or cheese. It has heft and determination, with bright accents of cherry, red rose and dried apple.",0.19496184539877393,0.33333333333333304,0.4358706435757478,0.19777466234422736,0.19230769230769232,0.0,0.0,0.0,0.8233309313294269,0.0,0.0,0.0,0.0,0.0,0.0,0.0,0.0,0.0,0.0,0.567561606802485,5,"['simple', 'great', 'heft', 'bright', 'red']",0.27142857142857146,0.49387755102040815
US,"Pinots from this vineyard, which is between the Anderson and Alexander valleys, always seem earthy and tannic in youth, and so it is with this bottling. With oak-inspired cherry, cola, tobacco and spice flavors, it could develop bottle complexity in 4–6 years.",0.44775072778616076,0.3888888888888884,0.1372139254687907,0.4466935341134963,0.6346153846153847,0.0,0.0,0.0,0.6002261211289868,0.0,0.0,0.4127873509566703,0.0,0.6850804379082983,0.0,0.0,0.0,0.0,0.0,0.0,2,"['earthy', 'tannic']",0.0,0.0
France,"The problem with this wine is the wood. There is too much of it, and the toasting is too high, giving a burnt character to the wine. For a 2005, this should be better integrated, and is likely to just dry out.",0.3625283276957145,0.0,0.1876224096501827,0.3448263118146624,0.06730769230769232,0.0,0.0,0.0,0.0,0.6194362506304005,0.0,0.0,0.0,0.0,0.0,0.0,0.0,0.0,0.0,0.7850469612736245,3,"['much', 'high', 'likely']",0.15866666666666668,0.5680000000000001
US,"An oaky, hearty wine that in many ways wants to be Chardonnay. The nose exudes fresh-cut wood, while the flavor profile is all about buttered toast, apple and peach. Stylistically, it's California all the way, yet there's enough acid and natural flavor to help it from being too heavy.",0.35445387266905204,0.4999999999999991,0.21842759442770004,0.3608632763551245,0.7980769230769231,0.0,0.0,0.0,0.0,0.0,0.0,0.0,0.0,0.0,0.0,0.0,0.0,0.0,0.0,1.0,6,"['hearty', 'many', 'fresh', 'enough', 'natural', 'heavy']",0.11999999999999997,0.4
Italy,"Bright, round and delicious, this has exotic fruit, white flower and cantaloupe aromas that follow through to the lively palate, along with honeydew melon fruit. It has noteworthy freshness for the vintage.",0.39912885255556074,0.5555555555555554,0.1794388691020756,0.40690783844273093,0.7884615384615385,0.0,0.4629398863581953,0.0,0.0,0.0,0.0,0.0,0.7224374914401493,0.0,0.5135861491320863,0.0,0.0,0.0,0.0,0.0,9,"['bright', 'round', 'delicious', 'exotic', 'white', 'cantaloupe', 'lively', 'honeydew', 'noteworthy']",0.356060606060606,0.6166666666666667
US,"From a vineyard called Sweetwater, this Riesling itself is sweet in peach, pineapple and wildflower honey flavors. Brisk Monterey acidity balances, with a tart, prickly mouthfeel.",0.1779097227801143,0.22222222222222143,0.4592472827798011,0.17589064099691076,0.7307692307692308,0.6052468033797274,0.0,0.0,0.0,0.0,0.0,0.400007932388041,0.0,0.0,0.0,0.0,0.0,0.6882368495113192,0.0,0.0,4,"['sweet', 'peach', 'tart', 'prickly']",0.35,0.65
US,"Stimulatingly fresh and clean, this polished SB benefits from crisp acidity provoked by its cool growing region. The flavors are of figs, citrus fruits and nectarines, but they could be a bit more focused.",0.21083699175912196,0.2777777777777777,0.4009400332708405,0.21061762105872495,0.7980769230769231,0.8342638511082905,0.0,0.0,0.0,0.0,0.0,0.5513654203284463,0.0,0.0,0.0,0.0,0.0,0.0,0.0,0.0,7,"['fresh', 'clean', 'polished', 'crisp', 'cool', 'citrus', 'focused']",0.35333333333333333,0.5533333333333335
Italy,"Marion makes some of the best Amarone on sale today and this standout expression from the stellar 2004 vintage proves the point. The wine is thick, deliciously succulent and redolent of mature black fruit, spice, leather, chocolate and pipe tobacco.",0.5652908644281741,0.7222222222222214,0.08272217339313534,0.5762202640305936,0.19230769230769232,0.0,0.0,0.7298202216404727,0.0,0.0,0.0,0.0,0.5289944203210042,0.0,0.0,0.0,0.0,0.0,0.0,0.43304427874513735,5,"['best', 'stellar', 'thick', 'mature', 'black']",0.31190476190476196,0.3654761904761905
France,"An unusual blend of 80% Clairette and 20% Bourboulenc, this medium-bodied wine is crisp and citrusy, marked by pineapple and hints of underripe peach and pear. It's light enough to be paired with more delicate seafood dishes over the summer months.",0.1394708524016972,0.33333333333333304,0.558762881648467,0.14372584969470692,0.7115384615384616,0.0,0.0,0.0,0.0,0.0,0.0,0.0,0.0,0.0,0.0,0.0,0.0,0.0,0.0,1.0,7,"['unusual', 'bodied', 'crisp', 'light', 'enough', 'more', 'delicate']",0.1642857142857143,0.6595238095238096
US,"Thick, ripe, creamy and luscious, this 15.4% Sémillon carries itself with grace and style. The dense fruit flavors mix peaches, apricots, pears and spicy apples; with a hint of caramel and brown sugar. Though quite dry, it has so much fruit as to seem lightly sweet, and the high alcohol does not take away from the complexity. If it were not fermented dry, this would be a stunning late harvest dessert wine.",0.265229661158644,0.5555555555555554,0.33273342051757415,0.27642396421426296,0.8461538461538463,0.0,0.0,0.0,0.0,0.648835866843574,0.0,0.20509108770446735,0.5022531380350725,0.0,0.0,0.0,0.3433826582648741,0.35287111238495095,0.0,0.20557669377296825,14,"['thick', 'ripe', 'creamy', 'luscious', 'dense', 'spicy', 'brown', 'dry', 'much', 'sweet', 'high', 'dry', 'stunning', 'late']",0.05958333333333333,0.5831249999999999
US,"This vintage marks a big step forward for this Oregon Sauvignon Blanc. As fresh and racy as a bright young Quincy from the Loire, this sappy Sauvignon has the snap of natural acidity and a tongue-tingling mix of melon, lime and grapefruit on the palate. It's drinking beautifully right now while at its most fresh.",0.27703216391229124,0.5555555555555554,0.3153600380238177,0.28792396848084834,0.7980769230769231,0.6559832649262265,0.0,0.0,0.0,0.0,0.0,0.0,0.0,0.0,0.7547754342430125,0.0,0.0,0.0,0.0,0.0,7,"['big', 'fresh', 'bright', 'young', 'sappy', 'natural', 'fresh']",0.2857142857142857,0.46696428571428567
US,"So much fruit, so much acidity, such a nice PG. It's all about apples, peaches, limes and wildflowers, dry and delicious, and the most remarkable acidity for balance. This lusty wine is versatile with all sorts of different foods.",0.2527888823873867,0.3888888888888884,0.33981146523725275,0.25670209639446684,0.6153846153846154,0.8040845992293811,0.0,0.0,0.0,0.4203063126894212,0.0,0.0,0.3253521811473868,0.0,0.0,0.0,0.0,0.0,0.0,0.266339105311605,9,"['much', 'much', 'nice', 'dry', 'delicious', 'remarkable', 'lusty', 'versatile', 'different']",0.35370370370370374,0.5944444444444444
US,"Apple-cider and earth aromas open to a simple apple-toast palate. The mouthfeel is even, the finish dry and rather woody. Then again, there are few drinkable California Chardonnays of this age.",0.1779097227801143,0.11111111111111072,0.44796200868129255,0.17048987356182854,0.14423076923076925,0.0,0.4901250689379219,0.0,0.0,0.49404304093740453,0.46908400077969864,0.0,0.0,0.0,0.5437454282220966,0.0,0.0,0.0,0.0,0.0,6,"['open', 'simple', 'dry', 'woody', 'few', 'drinkable']",-0.06666666666666667,0.38928571428571435
US,"Another spectacular effort, though they've bumped up the price significantly. This is beautifully varietal, mixing floral, bath powder, apple and grapefruit components in both the nose and the mouth. There is an elegant intensity that powers the wine through an exceptionally long, brilliant finish; the residual sweetness keeps the alcohol down to 11.5% without making the wine either soft or sugary. 14,500 cases produced.",0.06619517215316933,0.5555555555555554,0.8105014390958781,0.08256038667805554,0.3076923076923077,0.0,0.0,0.0,0.0,0.0,0.5995804779709222,0.0,0.0,0.0,0.0,0.0,0.0,0.0,0.0,0.8003144697155992,9,"['spectacular', 'varietal', 'floral', 'elegant', 'long', 'brilliant', 'residual', 'soft', 'sugary']",0.3899305555555556,0.726736111111111
US,"Fans of Petit Verdot, which has almost attained cult status in Washington, will not want to miss this spectacular effort. Bright, chewy and muscular though it is, the tannins have been polished perfectly, and set off with 40% new oak, adding dark, smoky chocolate and espresso flavors. The acidity keeps up, underscoring tart berry fruit with some sweet green-tomato highlights.",0.3703290190294001,0.7777777777777777,0.21510918644873386,0.38859134608847734,0.576923076923077,0.4245437314385854,0.0,0.0,0.0,0.0,0.0,0.28058117659236603,0.3435614340788809,0.46566512971687657,0.0,0.0,0.0,0.4827561890017219,0.41605866581313616,0.0,9,"['spectacular', 'bright', 'muscular', 'new', 'dark', 'smoky', 'tart', 'sweet', 'green']",0.4393939393939394,0.7007575757575758
US,"A curious wine. It's not tasting at all good now. So tannic, so new oaky, it feels clumsy and astringent and awkward in the mouth. Then you realize how rich the heart of fruit is, offering an enormous array of blackberries, blueberries and black currants. The grapes are from Rutherford. The gamble is if the fruit will outlast the tannins.",0.5960162184528474,0.6111111111111107,0.0687062660082913,0.6012946445474738,0.11538461538461539,0.0,0.0,0.4336595396146891,0.0,0.0,0.0,0.0,0.6286574966626667,0.0,0.0,0.45345124421135685,0.0,0.0,0.38065739249249086,0.2573151263625896,10,"['curious', 'good', 'tannic', 'new', 'clumsy', 'astringent', 'awkward', 'rich', 'enormous', 'black']",0.005587121212121213,0.6922348484848486
US,"An extraordinary wine, dry, crisp in acidity and wonderfully silky in the mouth. The flavors are deep and complex, changing with every second as the wine breathes. Raspberries, wild clove and cinnamon spices, cola, dried herbs, things that taste earthy and minerally and woodsy. Insanely complex and dynamic, this Pinot should age for up to eight years.",0.5482387418095143,0.833333333333333,0.09247587457827482,0.5643707174031123,0.6346153846153847,0.4830776432129098,0.0,0.0,0.0,0.5050229370295216,0.0,0.3192662698348028,0.0,0.0,0.0,0.0,0.0,0.0,0.0,0.6400444302137995,12,"['extraordinary', 'dry', 'crisp', 'silky', 'deep', 'complex', 'second', 'wild', 'cinnamon', 'earthy', 'complex', 'dynamic']",0.07424242424242423,0.48939393939393944
France,"From the Côte de Rouffach area, this is a wine that's eminently alive. Apricot, nectarine and mango comprise the all-fruit nose and palate. All in all, it's like a peachy parfait. If you dig deep you'll find some of those custard, stone and petrol nuances that give Alsace Rieslings their character.",0.265229661158644,0.44444444444444375,0.3250119171870158,0.27138563663376813,0.7307692307692308,0.0,0.0,0.0,0.0,0.0,0.0,0.0,0.5204598635797233,0.0,0.7399975230545348,0.0,0.0,0.0,0.0,0.4260577381948708,2,"['alive', 'peachy']",0.05,0.4
US,"A useful Zin, rich and sweet and savory. Blended for complexity with Syrah and Petite Sirah, it's satisfying in black cherry, red licorice and cola flavors, sprinkled with black pepper and baking spices. Easy to drink with barbecue, burgers and such.",0.15949202727027811,0.3888888888888884,0.5170843125346571,0.16581618920018504,1.0,0.0,0.0,0.7442200433084775,0.32029429357456807,0.0,0.0,0.22027270776303276,0.0,0.0,0.0,0.38909267959964894,0.0,0.3789919702819612,0.0,0.0,8,"['useful', 'rich', 'sweet', 'savory', 'black', 'red', 'black', 'such']",0.18055555555555552,0.5111111111111111
France,"A ripe, soft, nut- and pear-flavored wine, with fresh acidity. It is smooth, velvet in texture, with some apple juice freshness on the finish.",0.19496184539877393,0.44444444444444375,0.4463498266672199,0.20292764082694137,0.14423076923076925,0.5235261268373838,0.0,0.0,0.0,0.0,0.5196588872132206,0.0,0.0,0.0,0.0,0.0,0.5793033361365626,0.0,0.0,0.34681793523405585,5,"['ripe', 'soft', 'nut-', 'fresh', 'smooth']",0.26666666666666666,0.45
France,"A rich, but mineral driven wine, with flavors of quince, citrus and green herbs. This is young but over 2–3 years it will develop into a richer, smoother wine.",0.2989628796719753,0.44444444444444375,0.27868289720366507,0.30425472312620494,0.7980769230769231,0.0,0.0,0.0,0.0,0.0,0.0,0.3505174512740981,0.0,0.0,0.0,0.6191587498411222,0.0,0.0,0.0,0.7026947835635959,5,"['rich', 'green', 'young', 'richer', 'smoother']",0.09166666666666667,0.4833333333333334
US,"This low-production Chardonnay shows the oaky, ripe notes. It has strong, forward tropical fruit, peach, lemon and lime flavors, with lots of buttered toast and vanilla bean.A firm minerality adds complexity. Drink up.",0.43652419118256935,0.44444444444444375,0.14664519025111564,0.4383146196333072,0.14423076923076925,0.0,0.0,0.0,0.0,0.0,0.0,0.4342669856290833,0.5317441111618031,0.0,0.0,0.0,0.7270903557587417,0.0,0.0,0.0,7,"['low', 'ripe', 'strong', 'forward', 'tropical', 'peach', 'firm']",0.11666666666666664,0.5666666666666667
US,"Pretty dark in color and full bodied for a sparkling wine, even one that's majority Pinot Noir. But it's delicious and dry, which surely are prime requisites for any bubbly. Shows ripe, flashy raspberry, strawberry, orange, vanilla, honey, yeast and toast flavors, and the mouthfeel is silky and refined.",0.35445387266905204,0.5555555555555554,0.2210473902005681,0.36336876892675485,0.8173076923076924,0.0,0.0,0.0,0.0,0.5850519837440368,0.0,0.36985917037366456,0.0,0.0,0.0,0.0,0.6192527745991541,0.0,0.0,0.37073490739195447,11,"['dark', 'full', 'bodied', 'sparkling', 'delicious', 'dry', 'prime', 'ripe', 'flashy', 'orange', 'silky']",0.1976190476190476,0.7055555555555556
US,"I drank this at the end of a long, hot summer day, which is when a cold, crisp white is at its best. What a delicious wine. Bold citrus and apricot flavors, acids so strong they almost fizz and a rich creaminess even though there's no oak.",0.265229661158644,0.4999999999999991,0.328872668852295,0.2739189449624311,0.7980769230769231,0.0,0.0,0.0,0.0,0.0,0.0,0.3562492873072263,0.0,0.5912473267102906,0.0,0.6292835422577793,0.0,0.0,0.0,0.35709279941568417,10,"['long', 'hot', 'cold', 'crisp', 'best', 'delicious', 'bold', 'strong', 'fizz', 'rich']",0.2991666666666667,0.6116666666666666
US,"Smells and tastes porty, but dry, with raisiny-chocolaty flavors of blackberries and currants. Drink now.",0.2989628796719753,0.16666666666666607,0.26201146955814114,0.29113931961956396,0.42307692307692313,0.0,0.0,0.0,0.0,0.8452587927583428,0.0,0.5343571588972198,0.0,0.0,0.0,0.0,0.0,0.0,0.0,0.0,2,"['dry', 'chocolaty']",-0.06666666666666665,0.6
US,"Young and fresh, it has excellent minerality. The fruit is light and lively, leaning toward grapefruit, green apple and a smidge of just-ripe melon. It's a lovely summer sipper, with a few good years of life ahead.",0.2256871994234474,0.3888888888888884,0.38412967706160384,0.2302978710389545,0.625,0.0,0.0,0.0,0.0,0.0,0.0,0.0,0.5903124275626489,0.0,0.0,0.0,0.8071748496237309,0.0,0.0,0.0,10,"['young', 'fresh', 'excellent', 'light', 'lively', 'green', 'ripe', 'lovely', 'few', 'good']",0.30404040404040406,0.5388888888888889
US,"With an off-putting orange color, this Rhône-style blend seems sweet, with orange, apricot and vanilla flavors.",0.2256871994234474,0.11111111111111072,0.36120646404900847,0.2170299256865793,0.7403846153846154,0.0,0.0,0.0,0.0,0.0,0.0,0.5024986150125038,0.0,0.0,0.0,0.0,0.0,0.8645780137792747,0.0,0.0,2,"['sweet', 'orange']",0.35,0.65
US,"Crisp strawberry, rose petal, peach flesh and a wet cement aromas show on the nose of this bottling from a winery just behind Cambria. The palate tingles with acidity, delivering ripe nectarine and plum flesh flavors, further enlivened by a touch of sea salt.",0.3283771284011352,0.5555555555555554,0.249341184547543,0.3379565661318178,0.6346153846153847,0.4445207744536788,0.4610291192430178,0.0,0.0,0.0,0.0,0.29378401488423717,0.0,0.0,0.5114663414562083,0.0,0.4918806424784458,0.0,0.0,0.0,5,"['crisp', 'petal', 'peach', 'wet', 'ripe']",0.06999999999999999,0.5933333333333334
US,Dark fruits—notably black cherries and figs—come with a chocolaty edge. The citrusy acids keep the wine on point as it slowly fades.,0.4057988371578959,0.44444444444444375,0.1696993930523544,0.4083687927114872,0.6346153846153847,0.0,0.0,0.8600029010243267,0.0,0.0,0.0,0.0,0.0,0.0,0.0,0.0,0.0,0.0,0.0,0.5102891437506211,2,"['dark', 'black']",-0.20555555555555557,0.41111111111111115
France,"This is made using a selection of fruit that's sourced from both banks of the Serein River. It's a properly crisp Chardonnay, and it offers a white fruit flavor and a bright, lively finish.",0.4057988371578959,0.3888888888888884,0.16760355643406,0.40580584473284786,0.14423076923076925,0.0,0.0,0.0,0.0,0.0,0.5228035879604528,0.0,0.8524531708051049,0.0,0.0,0.0,0.0,0.0,0.0,0.0,4,"['crisp', 'white', 'bright', 'lively']",0.2372727272727273,0.3433333333333333
Spain,"Quite green and also raisiny, which doesn't really compute seeing that one indicates underripeness and the other overripeness. But throw both together and you get a wine that's not all that pleasing and seems to be striving for equilibrium. Gummy, green and thick-tasting in the mouth. A hard wine to get excited about.",0.2527888823873867,0.11111111111111072,0.3194352758927235,0.24343306072645543,0.6923076923076923,0.0,0.0,0.0,0.0,0.0,0.0,0.0,0.0,0.0,0.0,0.0,0.0,0.0,0.0,1.0,7,"['green', 'underripeness', 'other', 'pleasing', 'green', 'hard', 'excited']",-0.04027777777777778,0.41111111111111115
US,"Mountain fruit is the key to understanding this 100% Cab. By that is meant a unique combination of firm, astringent tannins and fabulously concentrated blackberry and currant fruit that absolutely demands aging. It's obvious that the terroir these grapes come from needs an appellation other than Alexander Valley, for there's nothing soft or herbal going on here. Hold until 2010, then should develop through 2014, at least.",0.6099658443146826,0.7222222222222214,0.06552398467242512,0.6197689569940812,0.11538461538461539,0.0,0.0,0.0,0.0,0.0,0.0,0.0,0.8554071375123236,0.0,0.0,0.0,0.0,0.0,0.517956203836746,0.0,9,"['unique', 'firm', 'astringent', 'currant', 'obvious', 'other', 'soft', 'herbal', 'least']",0.04999999999999999,0.6583333333333333
Italy,"Hats off to the Zonin family for being among the first to offer a Viognier from southern Tuscany. This shows the thick viscosity that is characteristic of the variety, with floral notes of violets and lemon blossoms. There's a dusty touch of mineral or brimstone on the finish.",0.21083699175912196,0.44444444444444375,0.4156108895989015,0.218392594934111,0.9615384615384616,0.0,0.0,0.0,0.0,0.0,1.0,0.0,0.0,0.0,0.0,0.0,0.0,0.0,0.0,0.0,6,"['first', 'southern', 'thick', 'characteristic', 'floral', 'dusty']",-0.10333333333333335,0.375
US,"A beautifully drinkable Merlot. It's softly tannic and quite dry, with a polish of smoky oak that frames deep, ripe flavors of blackberries, cherries, currants and exotic spices. Very nice now and for the next 3–4 years.",0.31898405454055623,0.6111111111111107,0.2634007551952681,0.331280827115503,0.4903846153846154,0.0,0.0,0.0,0.0,0.525530179385494,0.0,0.3322305736149434,0.0,0.5513847900890304,0.0,0.0,0.5562514627117958,0.0,0.0,0.0,9,"['drinkable', 'tannic', 'dry', 'smoky', 'deep', 'ripe', 'exotic', 'nice', 'next']",0.309047619047619,0.6214285714285713
